

#ifndef IMAGE_H_
#define IMAGE_H_
//画像データ群
/*今の構成だとわけがわからなすぎる。大きい画像から切り出すスプライト方式にするのが目標*/

//RGB565 16ビットカラー基本色表 SKELETONのみ自作定義
#define SKELETON   0x0000
#define BLACK16    0x0001
#define WHITE16    0xffff
#define RED16      0xf800
#define GREEN16    0x07e0
#define BLUE16     0x001f
#define YELLOW16   0xffe0
#define ORENGE16   0xfbe0
#define CYAN16     0xffe0
#define MAGENTA16  0xffe0

enum {
  BODY_SAMPLE,
  BODY_NORMAL0,
  BODY_NORMAL1,
  BODY_WOW,
  BODY_HEY,
  BODY_THAT,
  BODY_BACK,
  BODY_SIT,
  BODY_LIE,
  BODY_SLEEP0,
  BODY_SLEEP1,
  BODY_DIE,
  BODY_WHAT,
  BODY_TYOKON,
  BODY_MOJI0,
  BODY_MOJI1,
  BODY_STROKE,
  BODY_IMAGENUM,
  FLIPBODY
};

enum {
  EYE_NORMAL,
  EYE_SLEEPY0,
  EYE_SLEEPY1,
  EYE_CLOSE,
  EYE_HAPPY,
  EYE_SURPRISE,
  EYE_ZITO,
  EYE_HAU,
  EYE_CRY,
  EYE_ZII,
  EYE_ANGRY,
  EYE_SAD,
  EYE_WINK,
  EYE_HIDE,
  EYE_IMAGENUM,
};

enum{
  MOUTH_NORMAL,
  MOUTH_SMILE,
  MOUTH_CLOSE,
  MOUTH_OPEN,
  MOUTH_KISS,
};

enum {
  ICON_HAND,
  ICON_FOOD,
  ICON_INFO,
  ICON_SAVE,
  ICON_POWER,
  ICON_SETTING,
  ICON_HEART,
  ICON_GRAYHEART,
  ICON_STMACH,
  ICON_GRAYSTMACH,
  ICON_SLEEP,
  ICON_GRAYSLEEP,
  ICON_QUESTION,
  ICON_EXCLAMATION,
  ICON_MUSICNOTE,
  ICON_GRAYMUSICNOTE,
  ICON_OK,
  ICON_NO,
  ICON_POINT0,
  ICON_POINT1,
  ICON_POINT2,
  ICON_STROKE,
  ICON_SUPPORT,
};

enum{
  FOOD_RICEBALL,
  FOOD_CHAHAN,
  FOOD_CARRY,
  FOOD_PIZZA,
  FOOD_UDON,
  FOOD_RAMEN,
  FOOD_MEAT,
  FOOD_PASTA,
  FOOD_BREAD,
  FOOD_CAKE,
  FOOD_ANKONAN,
  FOOD_IMAGENUM,
};

//スプライトデータ
const uint16_t imagemap[120][120] PROGMEM = {
    {0x0000, 0x0000, 0x0000, 0x0000, 0x0000, 0x0000, 0x0000, 0x0000, 0x0000, 0x0000, 0x0000, 0x0000, 0x0000, 0x0001, 0x0001, 0x0001, 0x0001, 0x0001, 0x0001, 0x0000, 0x0000, 0x0000, 0x0000, 0x0000, 0x0000, 0x0000, 0x0000, 0x0000, 0x0000, 0x0000, 0x0000, 0x0000, 0x0000, 0x0000, 0x0000, 0x0000, 0x0000, 0x0000, 0x0000, 0x8b66, 0x8b66, 0x8b66, 0x8b66, 0x8b66, 0x8b66, 0x8b66, 0x8b66, 0x8b66, 0x8b66, 0x0000, 0x0000, 0x0000, 0x0000, 0x0000, 0x0000, 0x0000, 0x02ef, 0x02ef, 0x02ef, 0x02ef, 0x02ef, 0x02ef, 0x02ef, 0x02ef, 0x02ef, 0x02ef, 0x02ef, 0x02ef, 0x02ef, 0x02ef, 0x02ef, 0x02ef, 0x1ddc, 0x02ef, 0x1ddc, 0x02ef, 0x1ddc, 0x02ef, 0x1ddc, 0x02ef, 0x0000, 0x0000, 0x0000, 0x0000, 0x0000, 0x0000, 0x0000, 0x0000, 0x0000, 0x0000, 0x0000, 0x0000, 0x0000, 0x0000, 0x0000, 0x0000, 0x0000, 0x0000, 0x0000, 0x0000, 0x0000, 0x0000, 0x0000, 0x0000, 0x0000, 0x0000, 0xfedf, 0xfedf, 0xfd9f, 0x0000, 0x0000, 0x0000, 0x0000, 0x0000, 0xfedf, 0xfedf, 0xfd9f, 0x0000, 0x0000, 0x0000, },
    {0x0000, 0x0000, 0x0000, 0x0000, 0x0000, 0x0000, 0x0000, 0x0000, 0x0000, 0x0001, 0x0001, 0x0001, 0x0001, 0xffff, 0xffff, 0xffff, 0xffff, 0xffff, 0xffff, 0x0001, 0x0001, 0x0001, 0x0001, 0x0000, 0x0000, 0x0000, 0x0000, 0x0000, 0x0000, 0x0000, 0x0000, 0x0000, 0x0000, 0x0000, 0x0000, 0x0000, 0x8b66, 0x8b66, 0x8b66, 0xabac, 0xabac, 0xabac, 0xabac, 0xabac, 0xabac, 0xabac, 0xabac, 0xabac, 0xabac, 0x8b66, 0x8b66, 0x8b66, 0x0000, 0x0000, 0x0000, 0x0000, 0x02ef, 0x02ef, 0x02ef, 0x02ef, 0x02ef, 0x02ef, 0x02ef, 0x02ef, 0x02ef, 0x1ddc, 0x02ef, 0x1ddc, 0x02ef, 0x1ddc, 0x02ef, 0x1ddc, 0x02ef, 0x1ddc, 0x02ef, 0x1ddc, 0x1ddc, 0x1ddc, 0x1ddc, 0x1ddc, 0x0000, 0x0000, 0x0000, 0x0000, 0x0000, 0x0000, 0x0000, 0x0000, 0x0000, 0x0000, 0x0000, 0x0000, 0x0000, 0xae04, 0x0000, 0x0000, 0x0000, 0x0000, 0x0000, 0x0000, 0x0000, 0x2604, 0x0000, 0x0000, 0x0000, 0xfedf, 0xfedf, 0xff47, 0xf49d, 0xfd9f, 0x0000, 0x0000, 0x0000, 0xfedf, 0xfedf, 0xff47, 0xf49d, 0xfd9f, 0x0000, 0x0000, },
    {0x0000, 0x0000, 0x0000, 0x0000, 0x0000, 0x0000, 0x0000, 0x0001, 0x0001, 0xffff, 0xffff, 0xffff, 0xffff, 0xffff, 0xffff, 0xffff, 0xffff, 0xffff, 0xffff, 0xffff, 0xffff, 0xffff, 0xffff, 0x0001, 0x0000, 0x0000, 0x0000, 0x0000, 0x0000, 0x0000, 0x0000, 0x0000, 0x0000, 0x0000, 0x8b66, 0x8b66, 0xabac, 0xabac, 0xabac, 0xabac, 0xabac, 0xabac, 0xabac, 0xabac, 0xabac, 0xabac, 0xabac, 0xabac, 0xabac, 0xabac, 0xabac, 0xabac, 0x8b66, 0x8b66, 0x0000, 0x0000, 0x02ef, 0x02ef, 0x02ef, 0x02ef, 0x1ddc, 0x02ef, 0x1ddc, 0x02ef, 0x1ddc, 0x02ef, 0x1ddc, 0x02ef, 0x1ddc, 0x02ef, 0x1ddc, 0x02ef, 0x1ddc, 0x1ddc, 0x1ddc, 0x1ddc, 0x1ddc, 0x1ddc, 0x1ddc, 0x1ddc, 0x0000, 0x0000, 0x0000, 0x0000, 0x0000, 0x0000, 0x0000, 0x0000, 0x0000, 0x0000, 0x0000, 0x0000, 0x0000, 0xae04, 0x0000, 0x0000, 0x0000, 0x0000, 0x0000, 0x0000, 0x2604, 0x2604, 0x0000, 0x0000, 0x0000, 0xfedf, 0xf49d, 0xfd9f, 0xf49d, 0xf49d, 0x0000, 0x0000, 0x0000, 0xfedf, 0xf49d, 0xfd9f, 0xf49d, 0xf49d, 0x0000, 0x0000, },
    {0x0000, 0x0000, 0x0000, 0x0000, 0x0000, 0x0000, 0x0001, 0xffff, 0xffff, 0xffff, 0xffff, 0xffff, 0xffff, 0xffff, 0xffff, 0xffff, 0xffff, 0xffff, 0xffff, 0xffff, 0xffff, 0xffff, 0xffff, 0xffff, 0x0001, 0x0000, 0x0000, 0x0000, 0x0000, 0x0000, 0x0000, 0x0000, 0x0000, 0x8b66, 0xabac, 0xabac, 0xabac, 0xabac, 0xabac, 0xabac, 0xabac, 0xabac, 0xabac, 0xabac, 0xabac, 0xabac, 0xabac, 0xabac, 0xabac, 0xabac, 0xabac, 0xabac, 0xabac, 0xabac, 0x8b66, 0x0000, 0x02ef, 0x1ddc, 0x02ef, 0x1ddc, 0x02ef, 0x1ddc, 0x02ef, 0x1ddc, 0x02ef, 0x1ddc, 0x02ef, 0x1ddc, 0x1ddc, 0x1ddc, 0x1ddc, 0x1ddc, 0x1ddc, 0x1ddc, 0x1ddc, 0x1ddc, 0x1ddc, 0x1ddc, 0x1ddc, 0x1ddc, 0x0000, 0x0000, 0x0000, 0x0000, 0xabac, 0x0000, 0x0000, 0x0000, 0x0000, 0x0000, 0x0000, 0x0000, 0xae04, 0x0000, 0x0000, 0x0000, 0x0000, 0x0000, 0x0000, 0x0000, 0x2604, 0x0000, 0x0000, 0x0000, 0x0000, 0x0000, 0xfd9f, 0xf49d, 0xf49d, 0x0000, 0x0000, 0x0000, 0x0000, 0x0000, 0xfd9f, 0xf49d, 0xf49d, 0x0000, 0x0000, 0x0000, },
    {0x0000, 0x0000, 0x0000, 0x0000, 0x0000, 0x0001, 0xffff, 0xffff, 0xffff, 0xffff, 0xffff, 0xffff, 0xffff, 0xffff, 0xffff, 0xffff, 0xffff, 0xffff, 0xffff, 0xffff, 0xffff, 0xffff, 0xffff, 0xffff, 0x0001, 0x0001, 0x0001, 0x0001, 0x0001, 0x0001, 0x0001, 0x0000, 0x8b66, 0xabac, 0xabac, 0xabac, 0xabac, 0xabac, 0xabac, 0xabac, 0xabac, 0xabac, 0xabac, 0xabac, 0xabac, 0xabac, 0xabac, 0xabac, 0xabac, 0xabac, 0xabac, 0xabac, 0xabac, 0xabac, 0xabac, 0x8b66, 0x1ddc, 0x02ef, 0x1ddc, 0x02ef, 0x1ddc, 0x02ef, 0x1ddc, 0x02ef, 0x1ddc, 0x1ddc, 0x1ddc, 0x1ddc, 0x1ddc, 0x1ddc, 0x1ddc, 0x1ddc, 0x1ddc, 0x1ddc, 0x1ddc, 0x1ddc, 0x1ddc, 0x1ddc, 0x1ddc, 0x1ddc, 0x0000, 0x0000, 0x0000, 0x0000, 0xabac, 0x0000, 0x0000, 0x0000, 0x0000, 0xae04, 0x0000, 0x8ce2, 0xae04, 0xae04, 0x0000, 0x0000, 0x0000, 0x2604, 0x0000, 0x04c0, 0x2604, 0x2604, 0x0000, 0x0000, 0x0000, 0x2604, 0x0000, 0x04c0, 0x2604, 0x2604, 0x0000, 0x0000, 0x0000, 0x2604, 0x0000, 0x04c0, 0x2604, 0x2604, 0x0000, 0x0000, },
    {0x0000, 0x0000, 0x0000, 0x0000, 0x0001, 0xffff, 0xffff, 0xffff, 0xffff, 0xffff, 0xffff, 0xffff, 0xffff, 0xffff, 0xffff, 0xffff, 0xffff, 0xffff, 0xffff, 0xffff, 0xffff, 0xffff, 0xffff, 0xffff, 0x0001, 0xffff, 0xffff, 0xffff, 0xffff, 0xffff, 0xffff, 0x0001, 0x8b66, 0xabac, 0xabac, 0xabac, 0xabac, 0xabac, 0xabac, 0xabac, 0xabac, 0xabac, 0xabac, 0xabac, 0xabac, 0xabac, 0xabac, 0xabac, 0xabac, 0xabac, 0xabac, 0xabac, 0xabac, 0xabac, 0xabac, 0x8b66, 0x02ef, 0x1ddc, 0x1ddc, 0x1ddc, 0x02ef, 0x1ddc, 0x1ddc, 0x1ddc, 0x1ddc, 0x1ddc, 0x1ddc, 0x1ddc, 0x1ddc, 0x1ddc, 0x1ddc, 0x1ddc, 0x1ddc, 0x5e9d, 0x1ddc, 0x1ddc, 0x5e9d, 0x5e9d, 0x5e9d, 0x5e9d, 0x0000, 0x0000, 0xabac, 0x8ac8, 0xabac, 0x0000, 0x0000, 0x0000, 0x0000, 0x0000, 0xae04, 0xae04, 0x0000, 0x0000, 0x0000, 0x0000, 0x0000, 0x0000, 0x2604, 0x2604, 0x2604, 0x0000, 0x0000, 0x0000, 0x0000, 0x0000, 0x2604, 0x2604, 0x2604, 0x0000, 0x0000, 0x0000, 0x0000, 0xfd9f, 0x2604, 0x2604, 0x2604, 0x0000, 0xfd9f, 0x0000, },
    {0x0000, 0x0000, 0x0000, 0x0001, 0xffff, 0xffff, 0xffff, 0xffff, 0xffff, 0xffff, 0xffff, 0xffff, 0xffff, 0xffff, 0xffff, 0xffff, 0xffff, 0xffff, 0xffff, 0xffff, 0xffff, 0xffff, 0xffff, 0x0001, 0xffff, 0xffff, 0x0001, 0x0001, 0x0001, 0xffff, 0xffff, 0x0001, 0x8b66, 0xabac, 0xabac, 0xabac, 0xabac, 0xabac, 0xabac, 0xabac, 0xabac, 0xabac, 0xabac, 0xabac, 0xabac, 0xabac, 0xabac, 0xabac, 0xabac, 0xabac, 0xabac, 0xabac, 0xabac, 0xabac, 0xabac, 0x8b66, 0x1ddc, 0x1ddc, 0x1ddc, 0x1ddc, 0x1ddc, 0x1ddc, 0x1ddc, 0x1ddc, 0x1ddc, 0x1ddc, 0x1ddc, 0x5e9d, 0x1ddc, 0x5e9d, 0x1ddc, 0x1ddc, 0x5e9d, 0x5e9d, 0x5e9d, 0x5e9d, 0x5e9d, 0x5e9d, 0x5e9d, 0x5e9d, 0x0000, 0x0000, 0x0000, 0xabac, 0x0000, 0x0000, 0x0000, 0x0000, 0x0000, 0x0000, 0x0000, 0xae04, 0x0000, 0x0000, 0xae04, 0xae04, 0x0000, 0x0000, 0x2604, 0x2604, 0x05a0, 0x0000, 0x2604, 0x2604, 0x0000, 0x0000, 0x2604, 0x2604, 0x05a0, 0x0000, 0x2604, 0x2604, 0x0000, 0x0000, 0x2604, 0x2604, 0x05a0, 0xfd9f, 0xff47, 0xfd9f, },
    {0x0000, 0x0000, 0x0001, 0xffff, 0xffff, 0xffff, 0xffff, 0xffff, 0xffff, 0xffff, 0xffff, 0xffff, 0xffff, 0xffff, 0xffff, 0xffff, 0xffff, 0xffff, 0xffff, 0xffff, 0xffff, 0xffff, 0xffff, 0x0001, 0xffff, 0x0001, 0xffff, 0xffff, 0xffff, 0x0001, 0xffff, 0x0001, 0x8b66, 0x8b66, 0xabac, 0xabac, 0xabac, 0xabac, 0xabac, 0xabac, 0xabac, 0xabac, 0xabac, 0xabac, 0xabac, 0xabac, 0xabac, 0xabac, 0xabac, 0xabac, 0xabac, 0xabac, 0xabac, 0xabac, 0x8b66, 0x8b66, 0x1ddc, 0x1ddc, 0x1ddc, 0x1ddc, 0x1ddc, 0x1ddc, 0x1ddc, 0x1ddc, 0x5e9d, 0x1ddc, 0x5e9d, 0x1ddc, 0x5e9d, 0x1ddc, 0x5e9d, 0x5e9d, 0x5e9d, 0x5e9d, 0x5e9d, 0x5e9d, 0x5e9d, 0x5e9d, 0x5e9d, 0x5e9d, 0x0000, 0x0000, 0x0000, 0xabac, 0x0000, 0xabac, 0xabac, 0x0000, 0x0000, 0x0000, 0x0000, 0x8ce2, 0x0000, 0xae04, 0x0000, 0x0000, 0x0000, 0x0000, 0x0000, 0x04c0, 0x0000, 0x2604, 0x2604, 0x0000, 0x0000, 0x0000, 0x0000, 0x04c0, 0x0000, 0x2604, 0x2604, 0x0000, 0x0000, 0x0000, 0x0000, 0x04c0, 0x0000, 0x2604, 0xfd9f, 0x0000, },
    {0x0000, 0x0000, 0x0001, 0xffff, 0xffff, 0xffff, 0xffff, 0xffff, 0xffff, 0xffff, 0xffff, 0xffff, 0xffff, 0xffff, 0xffff, 0xffff, 0xffff, 0xffff, 0xffff, 0xffff, 0xffff, 0xffff, 0x0001, 0xffff, 0xffff, 0x0001, 0xffff, 0xffff, 0xffff, 0x0001, 0xffff, 0x0001, 0x8b66, 0xabac, 0x8b66, 0x8b66, 0xabac, 0xabac, 0xabac, 0xabac, 0xabac, 0xabac, 0xabac, 0xabac, 0xabac, 0xabac, 0xabac, 0xabac, 0xabac, 0xabac, 0xabac, 0xabac, 0x8b66, 0x8b66, 0xabac, 0x8b66, 0x1ddc, 0x1ddc, 0x1ddc, 0x1ddc, 0x1ddc, 0x5e9d, 0x1ddc, 0x5e9d, 0x1ddc, 0x5e9d, 0x1ddc, 0x5e9d, 0x5e9d, 0x5e9d, 0x5e9d, 0x5e9d, 0x5e9d, 0x5e9d, 0x5e9d, 0x5e9d, 0x5e9d, 0x5e9d, 0x5e9d, 0x5e9d, 0x0000, 0x0000, 0x0000, 0x8ac8, 0xabac, 0x0000, 0x0000, 0x0000, 0x0000, 0x0000, 0x0000, 0x8ce2, 0xae04, 0x0000, 0x0000, 0x0000, 0x0000, 0x0000, 0x0000, 0x04c0, 0x2604, 0x0000, 0x0000, 0x0000, 0x0000, 0x0000, 0x0000, 0x04c0, 0x2604, 0x0000, 0x0000, 0x0000, 0x0000, 0x0000, 0x0000, 0x04c0, 0x2604, 0x0000, 0x0000, 0x0000, },
    {0x0000, 0x0001, 0xffff, 0xffff, 0xffff, 0xffff, 0xffff, 0xffff, 0xffff, 0xffff, 0xffff, 0xffff, 0xffff, 0xffff, 0xffff, 0xffff, 0xffff, 0xffff, 0xffff, 0xffff, 0xffff, 0x0001, 0xffff, 0xffff, 0x0001, 0xffff, 0xffff, 0xffff, 0xbdf7, 0x0001, 0xffff, 0x0001, 0x8b66, 0xabac, 0x8b66, 0x0000, 0x8b66, 0x8b66, 0x8b66, 0xabac, 0xabac, 0xabac, 0xabac, 0xabac, 0xabac, 0xabac, 0xabac, 0xabac, 0xabac, 0x8b66, 0x8b66, 0x8b66, 0x0000, 0x8b66, 0xabac, 0x8b66, 0x1ddc, 0x1ddc, 0x5e9d, 0x1ddc, 0x5e9d, 0x1ddc, 0x5e9d, 0x5e9d, 0x5e9d, 0x5e9d, 0x5e9d, 0x5e9d, 0x5e9d, 0x5e9d, 0x5e9d, 0x5e9d, 0x5e9d, 0x5e9d, 0x5e9d, 0x5e9d, 0x5e9d, 0x5e9d, 0x5e9d, 0x5e9d, 0xabac, 0xabac, 0xabac, 0xabac, 0x8ac8, 0x0000, 0x0000, 0x0000, 0xae04, 0xae04, 0xae04, 0xae04, 0x0000, 0x0000, 0x0000, 0x0000, 0x2604, 0x2604, 0x2604, 0x2604, 0x0de1, 0x0000, 0x0000, 0x0000, 0x2604, 0x2604, 0x2604, 0x2604, 0x0de1, 0x0000, 0x0000, 0x0000, 0x2604, 0x2604, 0x2604, 0xfd9f, 0x0de1, 0x0000, 0x0000, 0x0000, },
    {0x0000, 0x0001, 0x0001, 0xbdf7, 0xbdf7, 0xbdf7, 0xffff, 0xffff, 0xffff, 0xffff, 0xffff, 0xffff, 0xffff, 0xffff, 0xffff, 0xffff, 0xffff, 0xffff, 0xffff, 0xffff, 0x0001, 0xffff, 0xffff, 0xffff, 0x0001, 0xffff, 0xbdf7, 0xbdf7, 0x0001, 0xffff, 0xffff, 0x0001, 0x8b66, 0xabac, 0x8b66, 0x0000, 0x0000, 0x0000, 0x0000, 0x8b66, 0x8b66, 0x8b66, 0x8b66, 0x8b66, 0x8b66, 0x8b66, 0x8b66, 0x8b66, 0x8b66, 0x0000, 0x0000, 0x0000, 0x0000, 0x8b66, 0xabac, 0x8b66, 0x1ddc, 0x5e9d, 0x1ddc, 0x5e9d, 0x5e9d, 0x5e9d, 0x5e9d, 0x5e9d, 0x5e9d, 0x5e9d, 0x5e9d, 0x5e9d, 0x5e9d, 0x5e9d, 0x5e9d, 0x5e9d, 0x5e9d, 0x5e9d, 0x5e9d, 0x5e9d, 0x5e9d, 0x5e9d, 0x5e9d, 0x5e9d, 0x0000, 0x0000, 0x0000, 0x0000, 0xabac, 0x0000, 0x0000, 0x0000, 0x0000, 0x0000, 0x0000, 0xae04, 0xae04, 0x0000, 0x0000, 0x0000, 0x0000, 0x2604, 0x2604, 0x2604, 0x05a0, 0x0000, 0x0000, 0x0000, 0x0000, 0x2604, 0x2604, 0x2604, 0x05a0, 0x0000, 0x0000, 0x0000, 0x0000, 0x2604, 0xfd9f, 0xff47, 0xfd9f, 0x0000, 0x0000, 0x0000, },
    {0x0001, 0xffff, 0x0001, 0xbdf7, 0xbdf7, 0xbdf7, 0xbdf7, 0xbdf7, 0xbdf7, 0xbdf7, 0xffff, 0xffff, 0xffff, 0xffff, 0xffff, 0xffff, 0xffff, 0xbdf7, 0xbdf7, 0x0001, 0xffff, 0xffff, 0xffff, 0xffff, 0xffff, 0x0001, 0x0001, 0x0001, 0xffff, 0xffff, 0xffff, 0x0001, 0x8b66, 0xabac, 0x8b66, 0x0000, 0x0000, 0x0000, 0x0000, 0x0000, 0x0000, 0x0000, 0x8b66, 0xabac, 0xabac, 0x8b66, 0x0000, 0x0000, 0x0000, 0x0000, 0x0000, 0x0000, 0x0000, 0x8b66, 0xabac, 0x8b66, 0x5e9d, 0x5e9d, 0x5e9d, 0x5e9d, 0x5e9d, 0x5e9d, 0x5e9d, 0x5e9d, 0x5e9d, 0x5e9d, 0x5e9d, 0x5e9d, 0x5e9d, 0x5e9d, 0x5e9d, 0x5e9d, 0x5e9d, 0x5e9d, 0x5e9d, 0x5e9d, 0x5e9d, 0x5e9d, 0x5e9d, 0x5e9d, 0x0000, 0x0000, 0x0000, 0x0000, 0xabac, 0x8ac8, 0x0000, 0x0000, 0x0000, 0x0000, 0x0000, 0x0000, 0x8ce2, 0xae04, 0x0000, 0x0000, 0x0000, 0x0000, 0x0000, 0x0000, 0x04c0, 0x05a0, 0x0000, 0x0000, 0x0000, 0x0000, 0x0000, 0x0000, 0x04c0, 0x05a0, 0x0000, 0x0000, 0x0000, 0x0000, 0x0000, 0xfd9f, 0x04c0, 0x05a0, 0x0000, 0x0000, },
    {0x0001, 0xffff, 0xffff, 0x0001, 0x0001, 0xbdf7, 0xbdf7, 0xbdf7, 0xbdf7, 0xbdf7, 0xbdf7, 0xbdf7, 0xbdf7, 0xbdf7, 0xbdf7, 0xbdf7, 0xbdf7, 0x0001, 0x0001, 0xffff, 0xffff, 0xffff, 0xffff, 0xffff, 0xffff, 0xffff, 0xffff, 0xffff, 0xffff, 0xffff, 0x0001, 0x0000, 0x8b66, 0x8b66, 0x8b66, 0x0000, 0x0000, 0x0000, 0x0000, 0x0000, 0x0000, 0x0000, 0x8b66, 0xabac, 0xabac, 0x8b66, 0x0000, 0x0000, 0x0000, 0x0000, 0x0000, 0x0000, 0x0000, 0x8b66, 0x8b66, 0x8b66, 0x5e9d, 0x5e9d, 0x5e9d, 0x5e9d, 0x5e9d, 0x5e9d, 0x5e9d, 0x5e9d, 0x5e9d, 0x5e9d, 0x5e9d, 0x5e9d, 0x5e9d, 0x5e9d, 0x5e9d, 0x5e9d, 0x5e9d, 0x5e9d, 0x5e9d, 0x5e9d, 0x5e9d, 0x5e9d, 0x5e9d, 0x5e9d, 0x0000, 0x0000, 0x0000, 0x0000, 0xabac, 0x8ac8, 0x0000, 0x0000, 0x0000, 0x0000, 0x0000, 0x0000, 0x8ce2, 0xae04, 0x0000, 0x0000, 0x0000, 0x0000, 0x0000, 0x0000, 0x04c0, 0x05a0, 0x0000, 0x0000, 0x0000, 0x0000, 0x0000, 0x0000, 0x04c0, 0x05a0, 0x0000, 0x0000, 0x0000, 0x0000, 0x0000, 0x0000, 0x04c0, 0x05a0, 0xfd9f, 0x0000, },
    {0x0001, 0xffff, 0xffff, 0xffff, 0xffff, 0x0001, 0x0001, 0x0001, 0x0001, 0x0001, 0x0001, 0x0001, 0x0001, 0x0001, 0x0001, 0x0001, 0x0001, 0xffff, 0xffff, 0xffff, 0xffff, 0xffff, 0xffff, 0xffff, 0xffff, 0xffff, 0xffff, 0xffff, 0xffff, 0xffff, 0x0001, 0x0000, 0x0000, 0x0000, 0x0000, 0x0000, 0x0000, 0x0000, 0x0000, 0x0000, 0x0000, 0x0000, 0x8b66, 0xabac, 0xabac, 0x8b66, 0x0000, 0x0000, 0x0000, 0x0000, 0x0000, 0x0000, 0x0000, 0x0000, 0x0000, 0x0000, 0x5e9d, 0x5e9d, 0x5e9d, 0x5e9d, 0x5e9d, 0x5e9d, 0x5e9d, 0x5e9d, 0x5e9d, 0x5e9d, 0x5e9d, 0x5e9d, 0x5e9d, 0x5e9d, 0x5e9d, 0x5e9d, 0x5e9d, 0x5e9d, 0x5e9d, 0x5e9d, 0x5e9d, 0x5e9d, 0x5e9d, 0x5e9d, 0x0000, 0x0000, 0x0000, 0x8ac8, 0xabac, 0x0000, 0x0000, 0x0000, 0x0000, 0x0000, 0x0000, 0xae04, 0x8ce2, 0x0000, 0x0000, 0x0000, 0x0000, 0x0000, 0x0000, 0x05a0, 0x04c0, 0x0000, 0x0000, 0x0000, 0x0000, 0x0000, 0x0000, 0x05a0, 0x04c0, 0x0000, 0x0000, 0x0000, 0x0000, 0x0000, 0x0000, 0x05a0, 0x04c0, 0x0000, 0x0000, 0x0000, },
    {0x0000, 0x0001, 0xbdf7, 0xbdf7, 0xbdf7, 0xbdf7, 0xbdf7, 0xbdf7, 0xbdf7, 0xbdf7, 0xbdf7, 0xbdf7, 0xbdf7, 0xbdf7, 0xbdf7, 0xbdf7, 0xbdf7, 0xbdf7, 0xbdf7, 0xbdf7, 0xbdf7, 0xbdf7, 0xbdf7, 0xbdf7, 0xbdf7, 0xbdf7, 0xbdf7, 0xbdf7, 0xbdf7, 0x0001, 0x0000, 0x0000, 0x0000, 0x0000, 0x0000, 0x0000, 0x0000, 0x0000, 0x0000, 0x0000, 0x0000, 0x0000, 0x8b66, 0xabac, 0xabac, 0x8b66, 0x0000, 0x0000, 0x0000, 0x0000, 0x0000, 0x0000, 0x0000, 0x0000, 0x0000, 0x0000, 0x0000, 0x0000, 0x0000, 0x0000, 0x0000, 0x0000, 0x0000, 0x0000, 0x0000, 0x0000, 0x0000, 0x0000, 0x0000, 0x0000, 0x0000, 0x0000, 0x0000, 0x0000, 0x0000, 0x0000, 0x0000, 0x0000, 0x0000, 0x0000, 0x0000, 0x0000, 0x0177, 0x019a, 0x019a, 0x01df, 0x01df, 0x0000, 0x0000, 0x0000, 0x0177, 0x019a, 0x019a, 0x01df, 0x01df, 0x0000, 0x0000, 0x0000, 0x0177, 0x019a, 0x019a, 0x01df, 0x01df, 0x0000, 0x0000, 0x0000, 0x0177, 0x019a, 0x019a, 0x01df, 0x01df, 0x0000, 0x0000, 0x0000, 0x0177, 0x019a, 0x019a, 0x01df, 0x01df, 0x0000, },
    {0x0000, 0x0000, 0x0001, 0x0001, 0x0001, 0x0001, 0x0001, 0x0001, 0x0001, 0x0001, 0x0001, 0x0001, 0x0001, 0x0001, 0x0001, 0x0001, 0x0001, 0x0001, 0x0001, 0x0001, 0x0001, 0x0001, 0x0001, 0x0001, 0x0001, 0x0001, 0x0001, 0x0001, 0x0001, 0x0000, 0x0000, 0x0000, 0x0000, 0x0000, 0x0000, 0x0000, 0x0000, 0x0000, 0x0000, 0x0000, 0x0000, 0x0000, 0x8b66, 0x8b66, 0x8b66, 0x8b66, 0x0000, 0x0000, 0x0000, 0x0000, 0x0000, 0x0000, 0x0000, 0x0000, 0x0000, 0x0000, 0x0000, 0x0000, 0x0000, 0x0000, 0x0000, 0x0000, 0x0000, 0x0000, 0x0000, 0x0000, 0x0000, 0x0000, 0x0000, 0x0000, 0x0000, 0x0000, 0x0000, 0x0000, 0x0000, 0x0000, 0x0000, 0x0000, 0x0000, 0x0000, 0x0000, 0x0000, 0x0177, 0x019a, 0x019a, 0x01df, 0x01df, 0x0000, 0x0000, 0x0000, 0x0177, 0x019a, 0x019a, 0x01df, 0x01df, 0x0000, 0x0000, 0x0000, 0x0177, 0x019a, 0x019a, 0x01df, 0x01df, 0x0000, 0x0000, 0x0000, 0x0177, 0x019a, 0x019a, 0x01df, 0x01df, 0x0000, 0x0000, 0x0000, 0x0177, 0x019a, 0x019a, 0x01df, 0x01df, 0x0000, },
    {0x0000, 0x0000, 0x0000, 0x0000, 0x0000, 0x0000, 0x0000, 0x0000, 0x0000, 0x0000, 0x0000, 0x0000, 0x0000, 0x0000, 0x0000, 0x0000, 0x0000, 0x0000, 0x0000, 0x0000, 0x0000, 0x0000, 0x0000, 0x0000, 0x0000, 0x0000, 0x0000, 0x0000, 0x0000, 0x0000, 0x0000, 0x0000, 0x0000, 0x0000, 0x0000, 0x0000, 0x0000, 0x0000, 0x0000, 0x0001, 0x0001, 0x0001, 0x0001, 0x0000, 0x0000, 0x0000, 0x0000, 0x0000, 0x0000, 0x0000, 0x0000, 0x0000, 0x0000, 0x0000, 0xff71, 0xff71, 0xff71, 0xfeee, 0xff71, 0xfeee, 0xff71, 0xfeee, 0xff71, 0xfeee, 0xff71, 0xff99, 0xff99, 0xff99, 0xff99, 0xff99, 0xff99, 0xff99, 0xff99, 0xff99, 0xff99, 0xff99, 0xff99, 0xff99, 0xff99, 0xff99, 0x0000, 0x0000, 0x0177, 0x019a, 0x019a, 0x01df, 0x01df, 0x0000, 0x0000, 0x0000, 0x0177, 0x019a, 0x019a, 0x01df, 0x01df, 0x0000, 0x0000, 0x0000, 0x0177, 0x019a, 0x019a, 0x01df, 0x01df, 0x0000, 0x0000, 0x0000, 0x0177, 0x019a, 0x019a, 0x01df, 0x01df, 0x0000, 0x0000, 0x0000, 0x0177, 0x019a, 0x019a, 0x01df, 0x01df, 0x0000, },
    {0x0000, 0x0000, 0x0000, 0x0000, 0x0000, 0x0000, 0x0000, 0x0000, 0x0000, 0x0000, 0x0000, 0x0000, 0x0000, 0x0000, 0x0000, 0x0000, 0x0000, 0x0000, 0x0000, 0x0000, 0x0000, 0x0000, 0x0000, 0x0000, 0x0000, 0x0000, 0x0000, 0x0000, 0x0000, 0x0000, 0x0000, 0x0000, 0x0000, 0x0000, 0x0000, 0x0000, 0x0000, 0x0001, 0x0001, 0xffff, 0xffff, 0xffff, 0xffff, 0x0001, 0x0001, 0x0001, 0x0000, 0x0000, 0x0000, 0x0000, 0x0000, 0x0000, 0x0000, 0x0000, 0xff71, 0xff71, 0xff71, 0xff71, 0xff71, 0xff71, 0xff71, 0xff71, 0xfeee, 0xff71, 0xfeee, 0xff71, 0xff99, 0xff71, 0xff99, 0xff71, 0xff99, 0xff71, 0xff99, 0xff99, 0xff99, 0xff99, 0xff99, 0xff99, 0xff99, 0xff99, 0x0000, 0x0000, 0x0177, 0x019a, 0x019a, 0x01df, 0x01df, 0x0000, 0x0000, 0x0000, 0x0177, 0x019a, 0x019a, 0x01df, 0x01df, 0x0000, 0x0000, 0x0000, 0x0177, 0x019a, 0x019a, 0x01df, 0x01df, 0x0000, 0x0000, 0x0000, 0x0177, 0x019a, 0x019a, 0x01df, 0x01df, 0x0000, 0x0000, 0x0000, 0x0177, 0x019a, 0x019a, 0x01df, 0x01df, 0x0000, },
    {0x0000, 0x0000, 0x0000, 0x0000, 0x0000, 0x0000, 0x0000, 0x0000, 0x0000, 0x0000, 0x0000, 0x0000, 0x0000, 0x0000, 0x0000, 0x0000, 0x0000, 0x0000, 0x0000, 0x0000, 0x0000, 0x0000, 0x0000, 0xffff, 0xffff, 0x0000, 0x0000, 0x0000, 0x0000, 0x0000, 0x0000, 0x0000, 0x0000, 0x0000, 0x0000, 0x0001, 0x0001, 0xffff, 0xffff, 0xffff, 0xffff, 0xffff, 0xffff, 0xffff, 0xffff, 0xffff, 0x0001, 0x0000, 0x0000, 0x0000, 0x0000, 0x0000, 0x0000, 0x0000, 0xff71, 0xff71, 0xff71, 0xff71, 0xff71, 0xff71, 0xff71, 0xff71, 0xff71, 0xff71, 0xff71, 0xfeee, 0xff71, 0xfeee, 0xff71, 0xfeee, 0xff71, 0xfeee, 0xff71, 0xff99, 0xff71, 0xff99, 0xff71, 0xff99, 0xff99, 0xff99, 0x0000, 0x0000, 0x0177, 0x019a, 0x019a, 0x01df, 0x01df, 0x0000, 0x0000, 0x0000, 0x0177, 0x019a, 0x019a, 0x01df, 0x01df, 0x0000, 0x0000, 0x0000, 0x0177, 0x019a, 0x019a, 0x01df, 0x01df, 0x0000, 0x0000, 0x0000, 0x0177, 0x019a, 0x019a, 0x01df, 0x01df, 0x0000, 0x0000, 0x0000, 0x0177, 0x019a, 0x019a, 0x01df, 0x01df, 0x0000, },
    {0x0000, 0x0000, 0x0000, 0x0000, 0x0000, 0x0000, 0x0000, 0xffff, 0xffff, 0x0000, 0x0000, 0x0000, 0x0000, 0x0000, 0x0000, 0x0000, 0x0000, 0x0000, 0x0000, 0x0000, 0x0000, 0x0000, 0xffff, 0xffff, 0xffff, 0xffff, 0x0000, 0x0000, 0x0000, 0x0000, 0x0000, 0x0000, 0x0000, 0x0001, 0x0001, 0xffff, 0xffff, 0xffff, 0xffff, 0xffff, 0xffff, 0xffff, 0xffff, 0xffff, 0x0001, 0x0001, 0xffff, 0x0001, 0x0000, 0x0000, 0x0000, 0x0000, 0x0000, 0x0000, 0xff71, 0xff71, 0xff71, 0xff71, 0xff71, 0xff71, 0xff71, 0xff71, 0xff71, 0xff71, 0xff71, 0xff71, 0xff71, 0xff71, 0xff71, 0xff71, 0xfeee, 0xff71, 0xfeee, 0xff71, 0xfeee, 0xff71, 0xfeee, 0xff71, 0xff99, 0xff71, 0x0000, 0x0000, 0x0177, 0x019a, 0x019a, 0x01df, 0x01df, 0x0000, 0x0000, 0x0000, 0x0177, 0x019a, 0x019a, 0x01df, 0x01df, 0x0000, 0x0000, 0x0000, 0x0177, 0x019a, 0x019a, 0x01df, 0x01df, 0x0000, 0x0000, 0x0000, 0x0177, 0x019a, 0x019a, 0x01df, 0x01df, 0x0000, 0x0000, 0x0000, 0x0177, 0x019a, 0x019a, 0x01df, 0x01df, 0x0000, },
    {0x0000, 0x0000, 0x0000, 0x0000, 0x0000, 0xffff, 0xffff, 0xffff, 0xffff, 0xffff, 0xffff, 0x0000, 0x0000, 0x0000, 0x0000, 0x0000, 0x0000, 0x0000, 0x0000, 0x0000, 0x0000, 0x0000, 0xffff, 0xffff, 0xffff, 0xffff, 0x0000, 0x0000, 0x0000, 0x0000, 0x0000, 0x0000, 0x0000, 0x0001, 0xbdf7, 0x0001, 0x0001, 0xffff, 0xffff, 0xffff, 0xffff, 0x0001, 0x0001, 0x0001, 0xffff, 0xffff, 0xffff, 0x0001, 0x0000, 0x0000, 0x0000, 0x0000, 0x0000, 0x0000, 0xff71, 0xff71, 0xff71, 0xff71, 0xff71, 0xff71, 0xff71, 0xff71, 0xff71, 0xff71, 0xff71, 0xff71, 0xff71, 0xff71, 0xff71, 0xff71, 0xff71, 0xff71, 0xff71, 0xfeee, 0xff71, 0xfeee, 0xff71, 0xfeee, 0xff71, 0xfeee, 0x0000, 0x0000, 0x0177, 0x019a, 0x019a, 0x01df, 0x01df, 0x0000, 0x0000, 0x0000, 0x0177, 0x019a, 0x019a, 0x01df, 0x01df, 0x0000, 0x0000, 0x0000, 0x0177, 0x019a, 0x019a, 0x01df, 0x01df, 0x0000, 0x0000, 0x0000, 0x0177, 0x019a, 0x019a, 0x01df, 0x01df, 0x0000, 0x0000, 0x0000, 0x0177, 0x019a, 0x019a, 0x01df, 0x01df, 0x0000, },
    {0x0000, 0x0000, 0x0000, 0x0000, 0x0000, 0xffff, 0xffff, 0xffff, 0xffff, 0xffff, 0xffff, 0x0000, 0x0000, 0x0000, 0x0000, 0x0000, 0x0000, 0x0000, 0x0000, 0x0000, 0x0000, 0xffff, 0xffff, 0xffff, 0xffff, 0xffff, 0x0000, 0x0000, 0x0000, 0x0000, 0x0000, 0x0000, 0x0000, 0x0001, 0xbdf7, 0xffff, 0xffff, 0x0001, 0x0001, 0x0001, 0x0001, 0xffff, 0xffff, 0xffff, 0xffff, 0xffff, 0xffff, 0x0001, 0x0000, 0x0000, 0x0000, 0x0000, 0x0000, 0x0000, 0xfce0, 0xfce0, 0xfce0, 0xfce0, 0xfce0, 0xfce0, 0xfce0, 0xff71, 0xff71, 0xfce0, 0xff71, 0xff71, 0xff71, 0xff71, 0xff71, 0xff71, 0xff71, 0xff71, 0xff71, 0xff71, 0xff71, 0xff71, 0xfeee, 0xff71, 0xfeee, 0xff71, 0x0000, 0x0000, 0x0177, 0x019a, 0x019a, 0x01df, 0x01df, 0x0000, 0x0000, 0x0000, 0x0177, 0x019a, 0x019a, 0x01df, 0x01df, 0x0000, 0x0000, 0x0000, 0x0177, 0x019a, 0x019a, 0x01df, 0x01df, 0x0000, 0x0000, 0x0000, 0x0177, 0x019a, 0x019a, 0x01df, 0x01df, 0x0000, 0x0000, 0x0000, 0x0177, 0x019a, 0x019a, 0x01df, 0x01df, 0x0000, },
    {0x0000, 0x0000, 0x0000, 0x0000, 0x0000, 0xffff, 0xffff, 0xffff, 0xffff, 0xffff, 0xffff, 0xffff, 0x0000, 0x0000, 0x0000, 0x0000, 0x0000, 0x0000, 0x0000, 0x0000, 0x0000, 0xffff, 0xffff, 0xffff, 0xffff, 0xffff, 0xffff, 0x0000, 0x0000, 0x0000, 0x0000, 0x0000, 0x0000, 0x0001, 0xbdf7, 0xffff, 0xffff, 0xffff, 0x0001, 0xbdf7, 0xffff, 0xffff, 0xffff, 0xffff, 0xffff, 0xffff, 0xffff, 0x0001, 0x0000, 0x0000, 0x0000, 0x0000, 0x0000, 0x0000, 0xf800, 0xfce0, 0xfce0, 0xfce0, 0xfce0, 0xfce0, 0xfce0, 0xfce0, 0xfce0, 0xfce0, 0xfce0, 0xff71, 0xff71, 0xfce0, 0xff71, 0xfce0, 0xff71, 0xff71, 0xff71, 0xff71, 0xff71, 0xff71, 0xff71, 0xff71, 0xff71, 0xfeee, 0x0000, 0x0000, 0x0177, 0x019a, 0x019a, 0x01df, 0x01df, 0x0000, 0x0000, 0x0000, 0x0177, 0x019a, 0x019a, 0x01df, 0x01df, 0x0000, 0x0000, 0x0000, 0x0177, 0x019a, 0x019a, 0x01df, 0x01df, 0x0000, 0x0000, 0x0000, 0x0177, 0x019a, 0x019a, 0x01df, 0x01df, 0x0000, 0x0000, 0x0000, 0x0177, 0x019a, 0x019a, 0x01df, 0x01df, 0x0000, },
    {0x0000, 0x0000, 0x0000, 0x0000, 0x0000, 0xffff, 0xffff, 0xffff, 0xffff, 0xffff, 0xffff, 0xffff, 0xffff, 0x0000, 0x0000, 0x0000, 0x0000, 0x0000, 0x0000, 0x0000, 0xffff, 0xffff, 0xffff, 0xffff, 0xffff, 0xffff, 0xffff, 0xffff, 0x0000, 0x0000, 0x0000, 0x0000, 0x0000, 0x0001, 0xbdf7, 0xffff, 0xffff, 0xffff, 0x0001, 0xbdf7, 0x0001, 0xffff, 0xffff, 0xffff, 0xffff, 0xffff, 0xffff, 0x0001, 0x0000, 0x0000, 0x0000, 0x0000, 0x0000, 0x0000, 0xf800, 0xfce0, 0xf800, 0xfce0, 0xfce0, 0xf800, 0xfce0, 0xfce0, 0xfce0, 0xfce0, 0xfce0, 0xfce0, 0xfce0, 0xff71, 0xfce0, 0xff71, 0xfce0, 0xff71, 0xfce0, 0xff71, 0xff71, 0xff71, 0xff71, 0xff71, 0xff71, 0xff71, 0x0000, 0x0000, 0x0177, 0x019a, 0x019a, 0x01df, 0x01df, 0x0000, 0x0000, 0x0000, 0x0177, 0x019a, 0x019a, 0x01df, 0x01df, 0x0000, 0x0000, 0x0000, 0x0177, 0x019a, 0x019a, 0x01df, 0x01df, 0x0000, 0x0000, 0x0000, 0x0177, 0x019a, 0x019a, 0x01df, 0x01df, 0x0000, 0x0000, 0x0000, 0x0177, 0x019a, 0x019a, 0x01df, 0x01df, 0x0000, },
    {0x0000, 0x0000, 0x0000, 0x0000, 0xffff, 0xffff, 0xffff, 0xffff, 0xffff, 0xffff, 0xffff, 0xffff, 0xffff, 0xffff, 0x0000, 0x0000, 0x0000, 0x0000, 0x0000, 0x0000, 0xffff, 0xffff, 0xffff, 0xffff, 0xffff, 0xffff, 0xffff, 0xffff, 0x0000, 0x0000, 0x0000, 0x0000, 0x0000, 0x0001, 0xbdf7, 0xffff, 0xffff, 0xffff, 0x0001, 0xbdf7, 0x0001, 0xffff, 0xffff, 0xffff, 0xffff, 0xffff, 0xffff, 0x0001, 0x0000, 0x0000, 0x0000, 0x0000, 0x0000, 0x0000, 0xfce0, 0xf800, 0xfce0, 0xf800, 0xf800, 0xfce0, 0xd041, 0xf800, 0xd041, 0xf800, 0xfce0, 0xf800, 0xfce0, 0xfce0, 0xfce0, 0xfce0, 0xff71, 0xfce0, 0xff71, 0xfce0, 0xff71, 0xfce0, 0xff71, 0xff71, 0xff71, 0xff71, 0x0000, 0xfa69, 0xfa69, 0x0000, 0x0000, 0x0000, 0x0000, 0x0000, 0xfa69, 0xfa69, 0x0000, 0x0000, 0x0000, 0x0000, 0x0000, 0xa4c3, 0xa4c3, 0xa4c3, 0x0000, 0x0000, 0x0000, 0xa4c3, 0xa4c3, 0xa4c3, 0x0000, 0x0000, 0x0000, 0x0000, 0x0000, 0x0000, 0x0000, 0x0000, 0x0000, 0x0000, 0x0000, 0x0000, 0x0000, 0x0000, 0x0000, 0x0000, },
    {0x0000, 0x0000, 0xffff, 0xffff, 0xffff, 0xffff, 0xffff, 0xffff, 0xffff, 0xffff, 0xffff, 0xffff, 0xffff, 0xffff, 0xffff, 0x0000, 0x0000, 0x0000, 0x0000, 0x0000, 0xffff, 0xffff, 0xffff, 0xffff, 0xffff, 0xffff, 0xffff, 0xffff, 0xffff, 0x0000, 0x0000, 0x0000, 0x0000, 0x0001, 0xbdf7, 0xffff, 0xffff, 0xffff, 0x0001, 0xbdf7, 0x0001, 0xffff, 0xffff, 0xffff, 0xffff, 0xffff, 0x0001, 0x0001, 0x0000, 0x0000, 0x0000, 0x0000, 0x0000, 0x0000, 0xd041, 0xfce0, 0xd041, 0xfce0, 0xf800, 0xd041, 0xf800, 0xd041, 0xf800, 0xfce0, 0xf800, 0xd041, 0xf800, 0xfce0, 0xfce0, 0xfce0, 0xfce0, 0xfce0, 0xfce0, 0xfce0, 0xfce0, 0xff71, 0xfce0, 0xff71, 0xfce0, 0xff71, 0xfa69, 0xc124, 0x0000, 0xfa69, 0x0000, 0x0000, 0x0000, 0xfa69, 0x0000, 0xc124, 0xfa69, 0x0000, 0x0000, 0x0000, 0xa4c3, 0xff89, 0xff89, 0xff89, 0xa4c3, 0xa4c3, 0xa4c3, 0xff89, 0xff89, 0xff89, 0xa4c3, 0x0000, 0x0000, 0x0000, 0x0000, 0x0000, 0x0000, 0x0000, 0x0000, 0x0000, 0x0000, 0x0000, 0x0000, 0x0000, 0x0000, 0x0000, },
    {0x0000, 0xffff, 0xffff, 0xffff, 0xffff, 0xffff, 0xffff, 0xffff, 0xffff, 0xffff, 0xffff, 0xffff, 0xffff, 0xffff, 0xbdf7, 0x0000, 0x0000, 0x0000, 0xffff, 0xffff, 0xffff, 0xffff, 0xffff, 0xffff, 0xffff, 0xffff, 0xffff, 0xffff, 0xffff, 0x0000, 0x0000, 0x0000, 0x0000, 0x0001, 0xbdf7, 0xffff, 0xffff, 0xffff, 0x0001, 0xbdf7, 0xffff, 0xffff, 0xffff, 0xffff, 0x0001, 0x0001, 0xffff, 0x0001, 0x0000, 0x0000, 0x0000, 0x0000, 0x0000, 0x0000, 0xd041, 0xd041, 0xd041, 0xd041, 0xd041, 0xd041, 0xd041, 0xd041, 0xd041, 0xd041, 0xd041, 0xd041, 0xd041, 0xd041, 0xf800, 0xf800, 0xfce0, 0xd041, 0xfce0, 0xf800, 0xfce0, 0xfce0, 0xfce0, 0xfce0, 0xff71, 0xfce0, 0xfa69, 0xfa69, 0xc124, 0x0000, 0xfa69, 0xa4c3, 0xfa69, 0x0000, 0xc124, 0xfa69, 0xfa69, 0x0000, 0x0000, 0xa4c3, 0xff89, 0xff89, 0xa4c3, 0xa4c3, 0xcdc4, 0x9442, 0xcdc4, 0xa4c3, 0xa4c3, 0xff89, 0xff89, 0xa4c3, 0x0000, 0x0000, 0x0000, 0x0000, 0x0000, 0x0000, 0x0000, 0x0000, 0x0000, 0x0000, 0x0000, 0x0000, 0x0000, 0x0000, },
    {0x0000, 0xffff, 0xffff, 0xffff, 0xffff, 0xffff, 0xffff, 0xffff, 0xffff, 0xbdf7, 0xbdf7, 0xbdf7, 0xbdf7, 0xbdf7, 0x0000, 0x0000, 0x0000, 0x0000, 0xffff, 0xffff, 0xffff, 0xffff, 0xffff, 0xffff, 0xffff, 0xffff, 0xffff, 0xffff, 0xbdf7, 0x0000, 0x0000, 0x0000, 0x0000, 0x0001, 0xbdf7, 0xffff, 0xffff, 0xffff, 0x0001, 0xbdf7, 0xffff, 0x0001, 0x0001, 0x0001, 0xffff, 0xffff, 0xffff, 0x0001, 0x0000, 0x0000, 0x0000, 0x0000, 0x0000, 0x0000, 0xd041, 0xd041, 0xd041, 0xd041, 0xd041, 0xd041, 0xd041, 0xd041, 0xd041, 0xd041, 0xd041, 0xd041, 0xd041, 0xd041, 0xd041, 0xd041, 0xf800, 0xd041, 0xf800, 0xd041, 0xf800, 0xf800, 0xfce0, 0xf800, 0xf800, 0xfce0, 0x0000, 0xfa69, 0xfa69, 0xc124, 0xfa69, 0xff89, 0xfa69, 0xc124, 0xfa69, 0xfa69, 0x0000, 0x0000, 0xa4c3, 0xff89, 0xff89, 0xa4c3, 0xcdc4, 0xcdc4, 0xcdc4, 0x9442, 0xcdc4, 0xcdc4, 0xcdc4, 0xa4c3, 0xff89, 0xff89, 0xa4c3, 0x0000, 0x0000, 0x0000, 0x0000, 0x0000, 0x0000, 0x0000, 0x0000, 0x0000, 0x0000, 0x0000, 0x0000, 0x0000, },
    {0x0000, 0x0000, 0xffff, 0xffff, 0xffff, 0xffff, 0xffff, 0xffff, 0xbdf7, 0x0000, 0x0000, 0x0000, 0x0000, 0x0000, 0x0000, 0x0000, 0x0000, 0x0000, 0x0000, 0x0000, 0xbdf7, 0xbdf7, 0xbdf7, 0xbdf7, 0xbdf7, 0xbdf7, 0xbdf7, 0xbdf7, 0xbdf7, 0x0000, 0x0000, 0x0000, 0x0000, 0x0001, 0xbdf7, 0xffff, 0xffff, 0xffff, 0x0001, 0x0001, 0x0001, 0xffff, 0xffff, 0xffff, 0xffff, 0xffff, 0xffff, 0x0001, 0x0000, 0x0000, 0x0000, 0x0000, 0x0000, 0x0000, 0xd041, 0xd041, 0xd041, 0xd041, 0xd041, 0xd041, 0xd041, 0xd041, 0xd041, 0xd041, 0xd041, 0xd041, 0xd041, 0xd041, 0xd041, 0xd041, 0xd041, 0xd041, 0xd041, 0xd041, 0xd041, 0xd041, 0xf800, 0xfce0, 0xd041, 0xd041, 0x0000, 0xa4c3, 0xff89, 0xfa69, 0xfa69, 0xfa69, 0xfa69, 0xfa69, 0xff89, 0xa4c3, 0x0000, 0x0000, 0x0000, 0xa4c3, 0xa4c3, 0xa4c3, 0xcdc4, 0xcdc4, 0xcdc4, 0x9442, 0xcdc4, 0xcdc4, 0xcdc4, 0xa4c3, 0xa4c3, 0xa4c3, 0x0000, 0x0000, 0x0000, 0x0000, 0x0000, 0x0000, 0x0000, 0x0000, 0x0000, 0x0000, 0x0000, 0x0000, 0x0000, 0x0000, },
    {0x0000, 0x0000, 0x0000, 0x0000, 0xbdf7, 0xbdf7, 0xbdf7, 0xbdf7, 0x0000, 0x0000, 0x0000, 0x0000, 0x0000, 0x0000, 0x0000, 0x0000, 0x0000, 0x0000, 0x0000, 0x0000, 0x0000, 0x0000, 0x0000, 0x0000, 0x0000, 0xbdf7, 0xbdf7, 0xbdf7, 0x0000, 0x0000, 0x0000, 0x0000, 0x0000, 0x0001, 0xbdf7, 0xffff, 0xffff, 0xffff, 0x0001, 0xbdf7, 0xffff, 0xffff, 0xffff, 0xffff, 0xffff, 0xffff, 0xffff, 0x0001, 0x0000, 0x0000, 0x0000, 0x0000, 0x0000, 0x0000, 0xd041, 0xd041, 0xd041, 0xd041, 0xd041, 0xd041, 0xd041, 0xd041, 0xd041, 0xd041, 0xd041, 0xd041, 0xd041, 0xd041, 0xd041, 0xd041, 0xd041, 0xd041, 0xd041, 0xd041, 0xd041, 0xd041, 0xd041, 0xd041, 0xd041, 0xd041, 0xa4c3, 0xa4c3, 0xfa69, 0xfa69, 0xfa69, 0xfa69, 0xfa69, 0xfa69, 0xfa69, 0xa4c3, 0xa4c3, 0x0000, 0xa4c3, 0xff89, 0xff89, 0xff89, 0xa4c3, 0xa4c3, 0xcdc4, 0x9442, 0xcdc4, 0xa4c3, 0xa4c3, 0xff89, 0xff89, 0xff89, 0xa4c3, 0x0000, 0x0000, 0x0000, 0x0000, 0x0000, 0x0000, 0x0000, 0x0000, 0x0000, 0x0000, 0x0000, 0x0000, 0x0000, },
    {0x0000, 0x0000, 0x0000, 0x0000, 0x0000, 0x0000, 0x0000, 0x0000, 0x0000, 0x0000, 0x0000, 0x0000, 0x0000, 0x0000, 0x0000, 0x0000, 0x0000, 0x0000, 0x0000, 0x0000, 0x0000, 0x0000, 0x0000, 0x0000, 0x0000, 0x0000, 0x0000, 0x0000, 0x0000, 0x0000, 0x0000, 0x0000, 0x0000, 0x0001, 0xbdf7, 0xffff, 0xffff, 0xffff, 0x0001, 0xbdf7, 0x0001, 0xffff, 0xffff, 0xffff, 0xffff, 0xffff, 0xffff, 0x0001, 0x0000, 0x0000, 0x0000, 0x0000, 0x0000, 0x0000, 0x210b, 0x210b, 0x210b, 0x210b, 0x210b, 0x210b, 0x210b, 0x210b, 0x210b, 0x210b, 0x210b, 0x210b, 0x210b, 0x210b, 0x210b, 0x210b, 0x2a34, 0x210b, 0x2a34, 0x210b, 0x2a34, 0x210b, 0x2a34, 0x210b, 0x0000, 0x0000, 0xa4c3, 0xff89, 0xa4c3, 0xa4c3, 0xfa69, 0xff89, 0xfa69, 0xa4c3, 0xa4c3, 0xff89, 0xa4c3, 0xa4c3, 0xff89, 0xff89, 0xff89, 0xff89, 0xff89, 0xff89, 0xa4c3, 0xa4c3, 0xa4c3, 0xff89, 0xff89, 0xff89, 0xff89, 0xff89, 0xff89, 0xa4c3, 0x0000, 0x0000, 0x0000, 0x0000, 0x0000, 0x0000, 0x0000, 0x0000, 0x0000, 0x0000, 0x0000, 0x0000, },
    {0x0000, 0x0000, 0x0000, 0x0000, 0x0000, 0x0000, 0x0000, 0x0000, 0x0000, 0x0000, 0x0000, 0x0000, 0x0000, 0x0000, 0x0000, 0x0000, 0x0000, 0x0000, 0x0000, 0x0000, 0x0000, 0x0000, 0x0000, 0x0000, 0x0000, 0x0000, 0x0000, 0x0000, 0x0000, 0x0000, 0x0000, 0x0000, 0x0000, 0x0001, 0xbdf7, 0xffff, 0xffff, 0xffff, 0x0001, 0xbdf7, 0x0001, 0xffff, 0xffff, 0xffff, 0xffff, 0xffff, 0xffff, 0x0001, 0x0000, 0x0000, 0x0000, 0x0000, 0x0000, 0x0000, 0x210b, 0x210b, 0x210b, 0x210b, 0x210b, 0x210b, 0x210b, 0x210b, 0x210b, 0x2a34, 0x210b, 0x2a34, 0x210b, 0x2a34, 0x210b, 0x2a34, 0x210b, 0x2a34, 0x210b, 0x2a34, 0x2a34, 0x2a34, 0x2a34, 0x2a34, 0x0000, 0x0000, 0xa4c3, 0xff89, 0xfa69, 0xfa69, 0xa4c3, 0xa4c3, 0xa4c3, 0xfa69, 0xfa69, 0xff89, 0xa4c3, 0x0000, 0xa4c3, 0xff89, 0xff89, 0xff89, 0xff89, 0xa4c3, 0xff89, 0xa4c3, 0xff89, 0xa4c3, 0xff89, 0xff89, 0xff89, 0xff89, 0xa4c3, 0x0000, 0x0000, 0x0000, 0x0000, 0x0000, 0x0000, 0x0000, 0x0000, 0x0000, 0x0000, 0x0000, 0x0000, 0x0000, },
    {0x0000, 0x0000, 0x0000, 0x0000, 0x0000, 0x0000, 0x0000, 0x0000, 0x0000, 0x0000, 0x0000, 0x0000, 0x0000, 0x0000, 0x0000, 0x0000, 0x0000, 0x0000, 0x0000, 0x0000, 0x0000, 0x0000, 0x0000, 0x0000, 0x0000, 0x0000, 0x0000, 0x0000, 0x0000, 0x0000, 0x0000, 0x0000, 0x0000, 0x0001, 0xbdf7, 0xffff, 0xffff, 0xffff, 0x0001, 0xbdf7, 0x0001, 0xffff, 0xffff, 0xffff, 0xffff, 0xffff, 0xffff, 0x0001, 0x0000, 0x0000, 0x0000, 0x0000, 0x0000, 0x0000, 0x210b, 0x210b, 0x210b, 0x210b, 0x2a34, 0x210b, 0x2a34, 0x210b, 0x2a34, 0x210b, 0x2a34, 0x210b, 0x2a34, 0x210b, 0x2a34, 0x210b, 0x2a34, 0x2a34, 0x2a34, 0x2a34, 0x2a34, 0x2a34, 0x2a34, 0x2a34, 0x0000, 0x0000, 0xa4c3, 0xff89, 0xfa69, 0xfa69, 0xff89, 0xa4c3, 0xff89, 0xfa69, 0xfa69, 0xff89, 0xa4c3, 0x0000, 0x0000, 0xa4c3, 0xff89, 0xff89, 0xa4c3, 0xff89, 0xff89, 0xa4c3, 0xff89, 0xff89, 0xa4c3, 0xff89, 0xff89, 0xa4c3, 0x0000, 0x0000, 0x0000, 0x0000, 0x0000, 0x0000, 0x0000, 0x0000, 0x0000, 0x0000, 0x0000, 0x0000, 0x0000, 0x0000, },
    {0x0000, 0x0000, 0x0000, 0x0000, 0x0000, 0x0000, 0x0000, 0x0000, 0x0000, 0x0000, 0x0000, 0x0000, 0x0000, 0x0000, 0x0000, 0x0000, 0x0000, 0x0000, 0x0000, 0x0000, 0xffff, 0xffff, 0x0000, 0x0000, 0x0000, 0x0000, 0x0000, 0x0000, 0x0000, 0x0000, 0x0000, 0x0000, 0x0000, 0x0001, 0xbdf7, 0xffff, 0xffff, 0xffff, 0x0001, 0xbdf7, 0x0001, 0xffff, 0xffff, 0xffff, 0xffff, 0xffff, 0xffff, 0x0001, 0x0000, 0x0000, 0x0000, 0x0000, 0x0000, 0x0000, 0x210b, 0x2a34, 0x210b, 0x2a34, 0x210b, 0x2a34, 0x210b, 0x2a34, 0x210b, 0x2a34, 0x210b, 0x2a34, 0x2a34, 0x2a34, 0x2a34, 0x2a34, 0x2a34, 0x2a34, 0x2a34, 0x2a34, 0x2a34, 0x2a34, 0x2a34, 0x2a34, 0x0000, 0x0000, 0xa4c3, 0xff89, 0xfa69, 0xfa69, 0xff89, 0xa4c3, 0xff89, 0xfa69, 0xfa69, 0xff89, 0xa4c3, 0x0000, 0x0000, 0x0000, 0xa4c3, 0xa4c3, 0xff89, 0xff89, 0xff89, 0xa4c3, 0xff89, 0xff89, 0xff89, 0xa4c3, 0xa4c3, 0x0000, 0x0000, 0x0000, 0x0000, 0x0000, 0x0000, 0x0000, 0x0000, 0x0000, 0x0000, 0x0000, 0x0000, 0x0000, 0x0000, 0x0000, },
    {0x0000, 0x0000, 0x0000, 0x0000, 0xffff, 0xffff, 0xffff, 0xffff, 0xffff, 0xffff, 0x0000, 0x0000, 0x0000, 0x0000, 0x0000, 0x0000, 0x0000, 0x0000, 0xffff, 0xffff, 0xffff, 0xffff, 0xffff, 0x0000, 0x0000, 0x0000, 0x0000, 0x0000, 0xffff, 0x0000, 0x0000, 0x0000, 0x0000, 0x0001, 0xbdf7, 0xffff, 0xffff, 0xffff, 0x0001, 0xbdf7, 0x0001, 0xffff, 0xffff, 0xffff, 0xffff, 0xffff, 0xffff, 0x0001, 0x0000, 0x0000, 0x0000, 0x0000, 0x0000, 0x0000, 0x2a34, 0x210b, 0x2a34, 0x210b, 0x2a34, 0x210b, 0x2a34, 0x210b, 0x2a34, 0x2a34, 0x2a34, 0x2a34, 0x2a34, 0x2a34, 0x2a34, 0x2a34, 0x2a34, 0x2a34, 0x2a34, 0x2a34, 0x2a34, 0x2a34, 0x2a34, 0x2a34, 0x0000, 0x0000, 0xa4c3, 0xff89, 0xfa69, 0xfa69, 0xff89, 0xa4c3, 0xff89, 0xfa69, 0xfa69, 0xff89, 0xa4c3, 0x0000, 0x0000, 0x0000, 0x0000, 0xa4c3, 0xff89, 0xff89, 0xff89, 0xa4c3, 0xff89, 0xff89, 0xff89, 0xa4c3, 0x0000, 0x0000, 0x0000, 0x0000, 0x0000, 0x0000, 0x0000, 0x0000, 0x0000, 0x0000, 0x0000, 0x0000, 0x0000, 0x0000, 0x0000, 0x0000, },
    {0x0000, 0x0000, 0x0000, 0xffff, 0xffff, 0xffff, 0xffff, 0xffff, 0xffff, 0xffff, 0xffff, 0x0000, 0x0000, 0x0000, 0x0000, 0x0000, 0x0000, 0x0000, 0xffff, 0xffff, 0xffff, 0xffff, 0xffff, 0xffff, 0x0000, 0x0000, 0x0000, 0xffff, 0xffff, 0xffff, 0x0000, 0x0000, 0x0000, 0x0001, 0x0001, 0xbdf7, 0xbdf7, 0xffff, 0x0001, 0xbdf7, 0xffff, 0xffff, 0xffff, 0xffff, 0xffff, 0xffff, 0xffff, 0x0001, 0x0000, 0x0000, 0x0000, 0x0000, 0x0000, 0x0000, 0x210b, 0x2a34, 0x2a34, 0x2a34, 0x210b, 0x2a34, 0x2a34, 0x2a34, 0x2a34, 0x2a34, 0x2a34, 0x2a34, 0x2a34, 0x2a34, 0x2a34, 0x2a34, 0x2a34, 0x0352, 0x2a34, 0x2a34, 0x0352, 0x0352, 0x0352, 0x0352, 0x0000, 0x0000, 0x0000, 0xa4c3, 0xfa69, 0xfa69, 0xff89, 0xa4c3, 0xff89, 0xfa69, 0xfa69, 0xa4c3, 0x0000, 0x0000, 0x0000, 0xc965, 0xc965, 0xfa69, 0xa4c3, 0xa4c3, 0xff89, 0xa4c3, 0xff89, 0xa4c3, 0xa4c3, 0xfa69, 0xc965, 0xc965, 0x0000, 0x0000, 0x0000, 0x0000, 0x0000, 0x0000, 0x0000, 0x0000, 0x0000, 0x0000, 0x0000, 0x0000, 0x0000, 0x0000, },
    {0x0000, 0x0000, 0x0000, 0xffff, 0xffff, 0xffff, 0xffff, 0xffff, 0xffff, 0xffff, 0xffff, 0xffff, 0x0000, 0x0000, 0x0000, 0x0000, 0x0000, 0xffff, 0xffff, 0xffff, 0xffff, 0xffff, 0xffff, 0xffff, 0x0000, 0x0000, 0x0000, 0x0000, 0xffff, 0xbdf7, 0x0000, 0x0000, 0x0000, 0x0001, 0x0001, 0x0001, 0x0001, 0xbdf7, 0x0001, 0xbdf7, 0xbdf7, 0xbdf7, 0xffff, 0xffff, 0xffff, 0x0001, 0x0001, 0x0001, 0x0000, 0x0000, 0x0000, 0x0000, 0x0000, 0x0000, 0x2a34, 0x2a34, 0x2a34, 0x2a34, 0x2a34, 0x2a34, 0x2a34, 0x2a34, 0x2a34, 0x2a34, 0x2a34, 0x0352, 0x2a34, 0x0352, 0x2a34, 0x2a34, 0x0352, 0x0352, 0x0352, 0x0352, 0x0352, 0x0352, 0x0352, 0x0352, 0x0000, 0x0000, 0x0000, 0x0000, 0xa4c3, 0xfa69, 0xff89, 0xa4c3, 0xff89, 0xfa69, 0xa4c3, 0x0000, 0x0000, 0xfa69, 0xfa69, 0xfa69, 0xfa69, 0x0000, 0x0000, 0xc965, 0xa4c3, 0xa4c3, 0xa4c3, 0xc965, 0x0000, 0x0000, 0xfa69, 0xfa69, 0xfa69, 0xfa69, 0x0000, 0x0000, 0x0000, 0x0000, 0x0000, 0x0000, 0x0000, 0x0000, 0x0000, 0x0000, 0x0000, 0x0000, },
    {0x0000, 0x0000, 0x0000, 0xffff, 0xffff, 0xffff, 0xffff, 0xffff, 0xffff, 0xffff, 0xffff, 0xffff, 0x0000, 0x0000, 0x0000, 0x0000, 0x0000, 0x0000, 0xffff, 0xffff, 0xffff, 0xffff, 0xbdf7, 0x0000, 0x0000, 0x0000, 0x0000, 0x0000, 0x0000, 0x0000, 0x0000, 0x0000, 0x0000, 0x0001, 0x0001, 0x0000, 0x0000, 0x0001, 0x0001, 0xbdf7, 0xbdf7, 0xbdf7, 0xbdf7, 0x0001, 0x0001, 0x0000, 0x0001, 0x0001, 0x0000, 0x0000, 0x0000, 0x0000, 0x0000, 0x0000, 0x2a34, 0x2a34, 0x2a34, 0x2a34, 0x2a34, 0x2a34, 0x2a34, 0x2a34, 0x0352, 0x2a34, 0x0352, 0x2a34, 0x0352, 0x2a34, 0x0352, 0x0352, 0x0352, 0x0352, 0x0352, 0x0352, 0x0352, 0x0352, 0x0352, 0x0352, 0x0000, 0x0000, 0x0000, 0x0000, 0x0000, 0x0000, 0xa4c3, 0xa4c3, 0xa4c3, 0x0000, 0x0000, 0x0000, 0x0000, 0x0000, 0x0000, 0x0000, 0x0000, 0xc965, 0xc965, 0x0000, 0x0000, 0x0000, 0x0000, 0x0000, 0xc965, 0xc965, 0x0000, 0x0000, 0x0000, 0x0000, 0x0000, 0x0000, 0x0000, 0x0000, 0x0000, 0x0000, 0x0000, 0x0000, 0x0000, 0x0000, 0x0000, 0x0000, },
    {0x0000, 0x0000, 0x0000, 0x0000, 0xffff, 0xffff, 0xffff, 0xffff, 0xffff, 0xffff, 0xffff, 0xffff, 0xffff, 0x0000, 0x0000, 0x0000, 0x0000, 0x0000, 0x0000, 0xbdf7, 0xbdf7, 0xbdf7, 0x0000, 0x0000, 0x0000, 0x0000, 0x0000, 0x0000, 0x0000, 0x0000, 0x0000, 0x0000, 0x0000, 0x0000, 0x0000, 0x0000, 0x0000, 0x0000, 0x0001, 0x0001, 0x0001, 0x0001, 0x0001, 0x0000, 0x0000, 0x0000, 0x0000, 0x0000, 0x0000, 0x0000, 0x0000, 0x0000, 0x0000, 0x0000, 0x2a34, 0x2a34, 0x2a34, 0x2a34, 0x2a34, 0x0352, 0x2a34, 0x0352, 0x2a34, 0x0352, 0x2a34, 0x0352, 0x0352, 0x0352, 0x0352, 0x0352, 0x0352, 0x0352, 0x0352, 0x0352, 0x0352, 0x0352, 0x0352, 0x0352, 0x0000, 0x0000, 0x0000, 0x0000, 0x0000, 0x0000, 0x0000, 0x0000, 0x0000, 0x0000, 0x0000, 0x0000, 0x0000, 0x0000, 0x0000, 0x0000, 0x0000, 0x0000, 0x0000, 0x0000, 0x0000, 0x0000, 0x0000, 0x0000, 0x0000, 0x0000, 0x0000, 0x0000, 0x0000, 0x0000, 0x0000, 0x0000, 0x0000, 0x0000, 0x0000, 0x0000, 0x0000, 0x0000, 0x0000, 0x0000, 0x0000, 0x0000, },
    {0x0000, 0x0000, 0x0000, 0x0000, 0xffff, 0xffff, 0xffff, 0xffff, 0xffff, 0xffff, 0xffff, 0xffff, 0xffff, 0x0000, 0x0000, 0x0000, 0x0000, 0x0000, 0x0000, 0x0000, 0x0000, 0x0000, 0x0000, 0x0000, 0x0000, 0x0000, 0x0000, 0x0000, 0x0000, 0x0000, 0x0000, 0x0000, 0x0000, 0x0000, 0x0000, 0x0000, 0x0000, 0x0000, 0x0001, 0x0001, 0x0000, 0x0000, 0x0000, 0x0000, 0x0000, 0x0000, 0x0000, 0x0000, 0x0000, 0x0000, 0x0000, 0x0000, 0x0000, 0x0000, 0x2a34, 0x2a34, 0x0352, 0x2a34, 0x0352, 0x2a34, 0x0352, 0x0352, 0x0352, 0x0352, 0x0352, 0x0352, 0x0352, 0x0352, 0x0352, 0x0352, 0x0352, 0x0352, 0x0352, 0x0352, 0x0352, 0x0352, 0x0352, 0x0352, 0x0000, 0x0000, 0x0000, 0x0000, 0x0000, 0x0000, 0x0000, 0x0000, 0x0000, 0x0000, 0x0000, 0x0000, 0x0000, 0x0000, 0x0000, 0x0000, 0x0000, 0x0000, 0x0000, 0x0000, 0x0000, 0x0000, 0x0000, 0x0000, 0x0000, 0x0000, 0x0000, 0x0000, 0x0000, 0x0000, 0x0000, 0x0000, 0x0000, 0x0000, 0x0000, 0x0000, 0x0000, 0x0000, 0x0000, 0x0000, 0x0000, 0x0000, },
    {0x0000, 0x0000, 0x0000, 0xffff, 0xffff, 0xffff, 0xffff, 0xffff, 0xffff, 0xffff, 0xffff, 0xffff, 0xffff, 0xffff, 0x0000, 0x0000, 0x0000, 0x0000, 0x0000, 0x0000, 0x0000, 0x0000, 0x0000, 0x0000, 0x0000, 0x0000, 0x0000, 0x0000, 0x0000, 0x0000, 0x0000, 0x0000, 0x0000, 0x0000, 0x0000, 0x0000, 0x0000, 0x0000, 0x0000, 0xbdf7, 0x0001, 0xffff, 0xffff, 0xffff, 0xffff, 0xffff, 0x0001, 0x0001, 0x0001, 0x0000, 0x0000, 0x0000, 0x0000, 0x0000, 0x2a34, 0x0352, 0x2a34, 0x0352, 0x0352, 0x0352, 0x0352, 0x0352, 0x0352, 0x0352, 0x0352, 0x0352, 0x0352, 0x0352, 0x0352, 0x0352, 0x0352, 0x0352, 0x0352, 0x0352, 0x0352, 0x0352, 0x0352, 0x0352, 0x0000, 0x0000, 0x0000, 0x0000, 0x0000, 0x0000, 0x0000, 0x0000, 0x0000, 0x0000, 0x0000, 0x0000, 0x0000, 0x0000, 0x0000, 0x0000, 0x0000, 0x0000, 0x0000, 0x0000, 0x0000, 0x0000, 0x0000, 0x0000, 0x0000, 0x0000, 0x0000, 0x0000, 0x0000, 0x0000, 0x0000, 0x0000, 0x0000, 0x0000, 0x0000, 0x0000, 0x0000, 0x0000, 0x0000, 0x0000, 0x0000, 0x0000, },
    {0x0000, 0x0000, 0xffff, 0xffff, 0xffff, 0xffff, 0xffff, 0xffff, 0xffff, 0xffff, 0xffff, 0xffff, 0xffff, 0xffff, 0xffff, 0x0000, 0x0000, 0x0000, 0x0000, 0x0000, 0x0000, 0x0000, 0x0000, 0x0000, 0x0000, 0x0000, 0x0000, 0x0000, 0x0000, 0x0000, 0x0000, 0x0000, 0x0000, 0x0000, 0x0000, 0x0000, 0x0000, 0x0000, 0x0000, 0xbdf7, 0xffff, 0xffff, 0xffff, 0xffff, 0x0001, 0x0001, 0xfef5, 0x0001, 0x0001, 0x0001, 0x0001, 0x0000, 0x0000, 0x0000, 0x0352, 0x0352, 0x0352, 0x0352, 0x0352, 0x0352, 0x0352, 0x0352, 0x0352, 0x0352, 0x0352, 0x0352, 0x0352, 0x0352, 0x0352, 0x0352, 0x0352, 0x0352, 0x0352, 0x0352, 0x0352, 0x0352, 0x0352, 0x0352, 0x0000, 0x0000, 0x0000, 0x0000, 0x0000, 0x0000, 0x0000, 0x0000, 0x0000, 0x0000, 0x0000, 0x0000, 0x0000, 0x0000, 0x0000, 0x0000, 0x0000, 0x0000, 0x0000, 0x0000, 0x0000, 0x0000, 0x0000, 0x0000, 0x0000, 0x0000, 0x0000, 0x0000, 0x0000, 0x0000, 0x0000, 0x0000, 0x0000, 0x0000, 0x0000, 0x0000, 0x0000, 0x0000, 0x0000, 0x0000, 0x0000, 0x0000, },
    {0x0000, 0xffff, 0xffff, 0xffff, 0xffff, 0xffff, 0xffff, 0xffff, 0xffff, 0xffff, 0xffff, 0xffff, 0xffff, 0xffff, 0xffff, 0xffff, 0x0000, 0x0000, 0x0000, 0xffff, 0xffff, 0xffff, 0x0000, 0x0000, 0x0000, 0x0000, 0x0000, 0x0000, 0x0000, 0x0000, 0x0000, 0x0000, 0x0000, 0x0000, 0x0000, 0x0000, 0x0000, 0x0000, 0x0000, 0xbdf7, 0xffff, 0x0001, 0x0001, 0x0001, 0xfef5, 0xfef5, 0xfef5, 0x0001, 0xdedb, 0x0001, 0x0001, 0x0001, 0x0000, 0x0000, 0x0352, 0x0352, 0x0352, 0x0352, 0x0352, 0x0352, 0x0352, 0x0352, 0x0352, 0x0352, 0x0352, 0x0352, 0x0352, 0x0352, 0x0352, 0x0352, 0x0352, 0x0352, 0x0352, 0x0352, 0x0352, 0x0352, 0x0352, 0x0352, 0x0000, 0x0000, 0x0000, 0x0000, 0x0000, 0x0000, 0x0000, 0x0000, 0x0000, 0x0000, 0x0000, 0x0000, 0x0000, 0x0000, 0x0000, 0x0000, 0x0000, 0x0000, 0x0000, 0x0000, 0x0000, 0x0000, 0x0000, 0x0000, 0x0000, 0x0000, 0x0000, 0x0000, 0x0000, 0x0000, 0x0000, 0x0000, 0x0000, 0x0000, 0x0000, 0x0000, 0x0000, 0x0000, 0x0000, 0x0000, 0x0000, 0x0000, },
    {0xffff, 0xffff, 0xffff, 0xffff, 0xffff, 0xffff, 0xffff, 0xffff, 0xffff, 0xffff, 0xffff, 0xffff, 0xffff, 0xffff, 0xffff, 0xffff, 0x0000, 0x0000, 0xffff, 0xffff, 0xffff, 0xffff, 0xffff, 0x0000, 0x0000, 0x0000, 0x0000, 0x0000, 0xffff, 0xffff, 0x0000, 0x0000, 0x0000, 0x0000, 0x0000, 0x0000, 0x0000, 0x0000, 0x0000, 0x0001, 0x0001, 0x0001, 0xfef5, 0xfef5, 0xfef5, 0xfef5, 0xfef5, 0x0001, 0xdedb, 0xdedb, 0xdedb, 0x0001, 0x0001, 0x0000, 0x0352, 0x0352, 0x0352, 0x0352, 0x0352, 0x0352, 0x0352, 0x0352, 0x0352, 0x0352, 0x0352, 0x0352, 0x0352, 0x0352, 0x0352, 0x0352, 0x0352, 0x0352, 0x0352, 0x0352, 0x0352, 0x0352, 0x0352, 0x0352, 0x0000, 0x0000, 0x0000, 0x0000, 0x0000, 0x0000, 0x0000, 0x0000, 0x0000, 0x0000, 0x0000, 0x0000, 0x0000, 0x0000, 0x0000, 0x0000, 0x0000, 0x0000, 0x0000, 0x0000, 0x0000, 0x0000, 0x0000, 0x0000, 0x0000, 0x0000, 0x0000, 0x0000, 0x0000, 0x0000, 0x0000, 0x0000, 0x0000, 0x0000, 0x0000, 0x0000, 0x0000, 0x0000, 0x0000, 0x0000, 0x0000, 0x0000, },
    {0xffff, 0xffff, 0xffff, 0xffff, 0xffff, 0xffff, 0xffff, 0xffff, 0xffff, 0xffff, 0xffff, 0xffff, 0xffff, 0xffff, 0xffff, 0xbdf7, 0x0000, 0xffff, 0xffff, 0xffff, 0xffff, 0xffff, 0xbdf7, 0x0000, 0x0000, 0x0000, 0x0000, 0xffff, 0xffff, 0xbdf7, 0x0000, 0x0000, 0x0000, 0x0000, 0x0000, 0x0000, 0x0000, 0x0000, 0x0000, 0xfef5, 0xfef5, 0x0001, 0xfef5, 0xfef5, 0xfef5, 0xfef5, 0xfef5, 0x0001, 0xdedb, 0xdedb, 0xdedb, 0x0001, 0x0001, 0x0000, 0x0000, 0x0000, 0x0000, 0x0000, 0x0000, 0x0000, 0x0000, 0x0000, 0x0000, 0x0000, 0x0000, 0x0000, 0x0000, 0x0000, 0x0000, 0x0000, 0x0000, 0x0000, 0x0000, 0x0000, 0x0000, 0x0000, 0x0000, 0x0000, 0x0000, 0x0000, 0x0000, 0x0000, 0x0000, 0x0000, 0x0000, 0x0000, 0x0000, 0x0000, 0x0000, 0x0000, 0x0000, 0x0000, 0x0000, 0x0000, 0x0000, 0x0000, 0x0000, 0x0000, 0x0000, 0x0000, 0x0000, 0x0000, 0x0000, 0x0000, 0x0000, 0x0000, 0x0000, 0x0000, 0x0000, 0x0000, 0x0000, 0x0000, 0x0000, 0x0000, 0x0000, 0x0000, 0x0000, 0x0000, 0x0000, 0x0000, },
    {0xffff, 0xffff, 0xffff, 0xffff, 0xffff, 0xffff, 0xffff, 0xffff, 0xffff, 0xffff, 0xffff, 0xffff, 0xbdf7, 0xbdf7, 0xbdf7, 0x0000, 0x0000, 0x0000, 0xbdf7, 0xbdf7, 0xbdf7, 0xbdf7, 0x0000, 0x0000, 0x0000, 0x0000, 0x0000, 0x0000, 0x0000, 0x0000, 0x0000, 0x0000, 0x0000, 0x0000, 0x0000, 0x0000, 0x0000, 0x0000, 0x0000, 0xfef5, 0xfef5, 0x0001, 0xfef5, 0xfef5, 0xfef5, 0xfef5, 0xfef5, 0x0001, 0xdedb, 0xdedb, 0xdedb, 0x0001, 0x0001, 0x0000, 0x0000, 0x0000, 0x0000, 0x0000, 0x0000, 0x0000, 0x0000, 0x0000, 0x0000, 0x0000, 0x0000, 0x0000, 0x0000, 0x0000, 0x0000, 0x0000, 0x0000, 0x0000, 0x0000, 0x0000, 0x0000, 0x0000, 0x0000, 0x0000, 0x0000, 0x0000, 0x0000, 0x0000, 0x0000, 0x0000, 0x0000, 0x0000, 0x0000, 0x0000, 0x0000, 0x0000, 0x0000, 0x0000, 0x0000, 0x0000, 0x0000, 0x0000, 0x0000, 0x0000, 0x0000, 0x0000, 0x0000, 0x0000, 0x0000, 0x0000, 0x0000, 0x0000, 0x0000, 0x0000, 0x0000, 0x0000, 0x0000, 0x0000, 0x0000, 0x0000, 0x0000, 0x0000, 0x0000, 0x0000, 0x0000, 0x0000, },
    {0x0000, 0x0000, 0x0000, 0xbdf7, 0xbdf7, 0xbdf7, 0xbdf7, 0xbdf7, 0xbdf7, 0xbdf7, 0xbdf7, 0xbdf7, 0x0000, 0x0000, 0x0000, 0x0000, 0x0000, 0x0000, 0x0000, 0x0000, 0x0000, 0x0000, 0x0000, 0x0000, 0x0000, 0x0000, 0x0000, 0x0000, 0x0000, 0x0000, 0x0000, 0x0000, 0x0000, 0x0000, 0x0000, 0x0000, 0x0000, 0x0000, 0x0000, 0xfef5, 0xfef5, 0x0001, 0xfef5, 0xfef5, 0xfef5, 0xfef5, 0xfef5, 0x0001, 0xdedb, 0xdedb, 0xdedb, 0x0001, 0x0001, 0x0000, 0x0000, 0x0000, 0x0000, 0x0000, 0x0000, 0x0000, 0x0000, 0x0000, 0x0000, 0x0000, 0x0000, 0x0000, 0x0000, 0x0000, 0x0000, 0x0000, 0x0000, 0x0000, 0x0000, 0x0000, 0x0000, 0x0000, 0x0000, 0x0000, 0x0000, 0x0000, 0x0000, 0x0000, 0x0000, 0x0000, 0x0000, 0x0000, 0x0000, 0x0000, 0x0000, 0x0000, 0x0000, 0x0000, 0x0000, 0x0000, 0x0000, 0x0000, 0x0000, 0x0000, 0x0000, 0x0000, 0x0000, 0x0000, 0x0000, 0x0000, 0x0000, 0x0000, 0x0000, 0x0000, 0x0000, 0x0000, 0x0000, 0x0000, 0x0000, 0x0000, 0x0000, 0x0000, 0x0000, 0x0000, 0x0000, 0x0000, },
    {0x0000, 0x0000, 0x0000, 0x0000, 0x0000, 0x0000, 0x0000, 0x0000, 0x0000, 0x0000, 0x0000, 0x0000, 0x0000, 0x0000, 0x0000, 0x0000, 0x0000, 0x0000, 0x0000, 0x0000, 0x0000, 0x0000, 0x0000, 0xbdf7, 0xbdf7, 0x0000, 0x0000, 0x0000, 0x0000, 0x0000, 0x0000, 0x0000, 0x0000, 0x0000, 0x0000, 0x0000, 0x0000, 0x0000, 0x0000, 0xfef5, 0xfef5, 0x0001, 0xfef5, 0xfef5, 0xfef5, 0xfef5, 0xfef5, 0x0001, 0xdedb, 0xdedb, 0xdedb, 0x0001, 0x0001, 0x0000, 0x0000, 0x0000, 0x0000, 0x0000, 0x0000, 0x0000, 0x0000, 0x0000, 0x0000, 0x0000, 0x0000, 0x0000, 0x0000, 0x0000, 0x0000, 0x0000, 0x0000, 0x0000, 0x0000, 0x0000, 0x0000, 0x0000, 0x0000, 0x0000, 0x0000, 0x0000, 0x0000, 0x0000, 0x0000, 0x0000, 0x0000, 0x0000, 0x0000, 0x0000, 0x0000, 0x0000, 0x0000, 0x0000, 0x0000, 0x0000, 0x0000, 0x0000, 0x0000, 0x0000, 0x0000, 0x0000, 0x0000, 0x0000, 0x0000, 0x0000, 0x0000, 0x0000, 0x0000, 0x0000, 0x0000, 0x0000, 0x0000, 0x0000, 0x0000, 0x0000, 0x0000, 0x0000, 0x0000, 0x0000, 0x0000, 0x0000, },
    {0x0000, 0x0000, 0x0000, 0x0000, 0x0000, 0x0000, 0x0000, 0xbdf7, 0xbdf7, 0x0000, 0x0000, 0x0000, 0x0000, 0x0000, 0x0000, 0x0000, 0x0000, 0x0000, 0x0000, 0x0000, 0x0000, 0x0000, 0xbdf7, 0xbdf7, 0xbdf7, 0xbdf7, 0x0000, 0x0000, 0x0000, 0x0000, 0x0000, 0x0000, 0x0000, 0x0000, 0x0000, 0x0000, 0x0000, 0x0000, 0x0000, 0xfef5, 0xfef5, 0x0001, 0x0001, 0xfef5, 0xfef5, 0xfef5, 0xfef5, 0x0001, 0xdedb, 0xdedb, 0xdedb, 0x0001, 0x0001, 0x0000, 0x0000, 0x0000, 0x0000, 0x0000, 0x0000, 0x0000, 0x0000, 0x0000, 0x0000, 0x0000, 0x0000, 0x0000, 0x0000, 0x0000, 0x0000, 0x0000, 0x0000, 0x0000, 0x0000, 0x0000, 0x0000, 0x0000, 0x0000, 0x0000, 0x0000, 0x0000, 0x0000, 0x0000, 0x0000, 0x0000, 0x0000, 0x0000, 0x0000, 0x0000, 0x0000, 0x0000, 0x0000, 0x0000, 0x0000, 0x0000, 0x0000, 0x0000, 0x0000, 0x0000, 0x0000, 0x0000, 0x0000, 0x0000, 0x0000, 0x0000, 0x0000, 0x0000, 0x0000, 0x0000, 0x0000, 0x0000, 0x0000, 0x0000, 0x0000, 0x0000, 0x0000, 0x0000, 0x0000, 0x0000, 0x0000, 0x0000, },
    {0x0000, 0x0000, 0x0000, 0x0000, 0x0000, 0xbdf7, 0xbdf7, 0xbdf7, 0xbdf7, 0xbdf7, 0xbdf7, 0x0000, 0x0000, 0x0000, 0x0000, 0x0000, 0x0000, 0x0000, 0x0000, 0x0000, 0x0000, 0x0000, 0xbdf7, 0xbdf7, 0xbdf7, 0xbdf7, 0x0000, 0x0000, 0x0000, 0x0000, 0x0000, 0x0000, 0x0000, 0x0000, 0x0000, 0x0000, 0x0000, 0x0000, 0x0000, 0x0001, 0x0001, 0xfef5, 0xfef5, 0x0001, 0x0001, 0xfef5, 0xfef5, 0x0001, 0xdedb, 0xdedb, 0xdedb, 0x0001, 0x0001, 0x0000, 0x0000, 0x0000, 0x0000, 0x0000, 0x0000, 0x0000, 0x0000, 0x0000, 0x0000, 0x0000, 0x0000, 0x0000, 0x0000, 0x0000, 0x0000, 0x0000, 0x0000, 0x0000, 0x0000, 0x0000, 0x0000, 0x0000, 0x0000, 0x0000, 0x0000, 0x0000, 0x0000, 0x0000, 0x0000, 0x0000, 0x0000, 0x0000, 0x0000, 0x0000, 0x0000, 0x0000, 0x0000, 0x0000, 0x0000, 0x0000, 0x0000, 0x0000, 0x0000, 0x0000, 0x0000, 0x0000, 0x0000, 0x0000, 0x0000, 0x0000, 0x0000, 0x0000, 0x0000, 0x0000, 0x0000, 0x0000, 0x0000, 0x0000, 0x0000, 0x0000, 0x0000, 0x0000, 0x0000, 0x0000, 0x0000, 0x0000, },
    {0x0000, 0x0000, 0x0000, 0x0000, 0x0000, 0xbdf7, 0xbdf7, 0xbdf7, 0xbdf7, 0xbdf7, 0xbdf7, 0x0000, 0x0000, 0x0000, 0x0000, 0x0000, 0x0000, 0x0000, 0x0000, 0x0000, 0x0000, 0xbdf7, 0xbdf7, 0xbdf7, 0xbdf7, 0xbdf7, 0x0000, 0x0000, 0x0000, 0x0000, 0x0000, 0x0000, 0x0000, 0x0000, 0x0000, 0x0000, 0x0000, 0x0000, 0x0000, 0xfef5, 0xfef5, 0xfef5, 0xfef5, 0xfef5, 0xfef5, 0x0001, 0xfef5, 0x0001, 0xdedb, 0xdedb, 0xdedb, 0x0001, 0x0001, 0x0000, 0x0000, 0x0000, 0x0000, 0x0000, 0x0000, 0x0000, 0x0000, 0x0000, 0x0000, 0x0000, 0x0000, 0x0000, 0x0000, 0x0000, 0x0000, 0x0000, 0x0000, 0x0000, 0x0000, 0x0000, 0x0000, 0x0000, 0x0000, 0x0000, 0x0000, 0x0000, 0x0000, 0x0000, 0x0000, 0x0000, 0x0000, 0x0000, 0x0000, 0x0000, 0x0000, 0x0000, 0x0000, 0x0000, 0x0000, 0x0000, 0x0000, 0x0000, 0x0000, 0x0000, 0x0000, 0x0000, 0x0000, 0x0000, 0x0000, 0x0000, 0x0000, 0x0000, 0x0000, 0x0000, 0x0000, 0x0000, 0x0000, 0x0000, 0x0000, 0x0000, 0x0000, 0x0000, 0x0000, 0x0000, 0x0000, 0x0000, },
    {0x0000, 0x0000, 0x0000, 0x0000, 0x0000, 0xbdf7, 0xbdf7, 0xbdf7, 0xbdf7, 0xbdf7, 0xbdf7, 0xbdf7, 0x0000, 0x0000, 0x0000, 0x0000, 0x0000, 0x0000, 0x0000, 0x0000, 0x0000, 0xbdf7, 0xbdf7, 0xbdf7, 0xbdf7, 0xbdf7, 0xbdf7, 0x0000, 0x0000, 0x0000, 0x0000, 0x0000, 0x0000, 0x0000, 0x0000, 0x0000, 0x0000, 0x0000, 0x0000, 0xfef5, 0xfef5, 0xfef5, 0xfef5, 0xfef5, 0xfef5, 0xfef5, 0x0001, 0x0001, 0xdedb, 0xdedb, 0xdedb, 0x0001, 0x0001, 0x0000, 0x0000, 0x0000, 0x0000, 0x0000, 0x0000, 0x0000, 0x0000, 0x0000, 0x0000, 0x0000, 0x0000, 0x0000, 0x0000, 0x0000, 0x0000, 0x0000, 0x0000, 0x0000, 0x0000, 0x0000, 0x0000, 0x0000, 0x0000, 0x0000, 0x0000, 0x0000, 0x0000, 0x0000, 0x0000, 0x0000, 0x0000, 0x0000, 0x0000, 0x0000, 0x0000, 0x0000, 0x0000, 0x0000, 0x0000, 0x0000, 0x0000, 0x0000, 0x0000, 0x0000, 0x0000, 0x0000, 0x0000, 0x0000, 0x0000, 0x0000, 0x0000, 0x0000, 0x0000, 0x0000, 0x0000, 0x0000, 0x0000, 0x0000, 0x0000, 0x0000, 0x0000, 0x0000, 0x0000, 0x0000, 0x0000, 0x0000, },
    {0x0000, 0x0000, 0x0000, 0x0000, 0x0000, 0xbdf7, 0xbdf7, 0xbdf7, 0xbdf7, 0xbdf7, 0xbdf7, 0xbdf7, 0xbdf7, 0x0000, 0x0000, 0x0000, 0x0000, 0x0000, 0x0000, 0x0000, 0xbdf7, 0xbdf7, 0xbdf7, 0xbdf7, 0xbdf7, 0xbdf7, 0xbdf7, 0xbdf7, 0x0000, 0x0000, 0x0000, 0x0000, 0x0000, 0x0000, 0x0000, 0x0000, 0x0000, 0x0000, 0x0000, 0xfef5, 0xfef5, 0xfef5, 0xfef5, 0x0001, 0x0001, 0x0001, 0x0001, 0x0001, 0x0001, 0xdedb, 0xdedb, 0x0001, 0x0001, 0x0000, 0x0000, 0x0000, 0x0000, 0x0000, 0x0000, 0x0000, 0x0000, 0x0000, 0x0000, 0x0000, 0x0000, 0x0000, 0x0000, 0x0000, 0x0000, 0x0000, 0x0000, 0x0000, 0x0000, 0x0000, 0x0000, 0x0000, 0x0000, 0x0000, 0x0000, 0x0000, 0x0000, 0x0000, 0x0000, 0x0000, 0x0000, 0x0000, 0x0000, 0x0000, 0x0000, 0x0000, 0x0000, 0x0000, 0x0000, 0x0000, 0x0000, 0x0000, 0x0000, 0x0000, 0x0000, 0x0000, 0x0000, 0x0000, 0x0000, 0x0000, 0x0000, 0x0000, 0x0000, 0x0000, 0x0000, 0x0000, 0x0000, 0x0000, 0x0000, 0x0000, 0x0000, 0x0000, 0x0000, 0x0000, 0x0000, 0x0000, },
    {0x0000, 0x0000, 0x0000, 0x0000, 0xbdf7, 0xbdf7, 0xbdf7, 0xbdf7, 0xbdf7, 0xbdf7, 0xbdf7, 0xbdf7, 0xbdf7, 0xbdf7, 0x0000, 0x0000, 0x0000, 0x0000, 0x0000, 0x0000, 0xbdf7, 0xbdf7, 0xbdf7, 0xbdf7, 0xbdf7, 0xbdf7, 0xbdf7, 0xbdf7, 0x0000, 0x0000, 0x0000, 0x0000, 0x0000, 0x0000, 0x0000, 0x0000, 0x0000, 0x0000, 0x0000, 0x0001, 0x0001, 0x0001, 0x0001, 0x0000, 0x0000, 0x0000, 0x0000, 0x0000, 0x0000, 0x0001, 0xdedb, 0x0001, 0x0001, 0x0000, 0x0000, 0x0000, 0x0000, 0x0000, 0x0000, 0x0000, 0x0000, 0x0000, 0x0000, 0x0000, 0x0000, 0x0000, 0x0000, 0x0000, 0x0000, 0x0000, 0x0000, 0x0000, 0x0000, 0x0000, 0x0000, 0x0000, 0x0000, 0x0000, 0x0000, 0x0000, 0x0000, 0x0000, 0x0000, 0x0000, 0x0000, 0x0000, 0x0000, 0x0000, 0x0000, 0x0000, 0x0000, 0x0000, 0x0000, 0x0000, 0x0000, 0x0000, 0x0000, 0x0000, 0x0000, 0x0000, 0x0000, 0x0000, 0x0000, 0x0000, 0x0000, 0x0000, 0x0000, 0x0000, 0x0000, 0x0000, 0x0000, 0x0000, 0x0000, 0x0000, 0x0000, 0x0000, 0x0000, 0x0000, 0x0000, 0x0000, },
    {0x0000, 0x0000, 0xbdf7, 0xbdf7, 0xbdf7, 0xbdf7, 0xbdf7, 0xbdf7, 0xbdf7, 0xbdf7, 0xbdf7, 0xbdf7, 0xbdf7, 0xbdf7, 0xbdf7, 0x0000, 0x0000, 0x0000, 0x0000, 0x0000, 0xbdf7, 0xbdf7, 0xbdf7, 0xbdf7, 0xbdf7, 0xbdf7, 0xbdf7, 0xbdf7, 0xbdf7, 0x0000, 0x0000, 0x0000, 0x0000, 0x0000, 0x0000, 0x0000, 0x0000, 0x0000, 0x0000, 0x0001, 0x0000, 0x0000, 0x0000, 0x0000, 0x0000, 0x0000, 0x0000, 0x0000, 0x0000, 0x0000, 0x0001, 0x0001, 0x0001, 0x0000, 0x0000, 0x0000, 0x0000, 0x0000, 0x0000, 0x0000, 0x0000, 0x0000, 0x0000, 0x0000, 0x0000, 0x0000, 0x0000, 0x0000, 0x0000, 0x0000, 0x0000, 0x0000, 0x0000, 0x0000, 0x0000, 0x0000, 0x0000, 0x0000, 0x0000, 0x0000, 0x0000, 0x0000, 0x0000, 0x0000, 0x0000, 0x0000, 0x0000, 0x0000, 0x0000, 0x0000, 0x0000, 0x0000, 0x0000, 0x0000, 0x0000, 0x0000, 0x0000, 0x0000, 0x0000, 0x0000, 0x0000, 0x0000, 0x0000, 0x0000, 0x0000, 0x0000, 0x0000, 0x0000, 0x0000, 0x0000, 0x0000, 0x0000, 0x0000, 0x0000, 0x0000, 0x0000, 0x0000, 0x0000, 0x0000, 0x0000, },
    {0x0000, 0xbdf7, 0xbdf7, 0xbdf7, 0xbdf7, 0xbdf7, 0xbdf7, 0xbdf7, 0xbdf7, 0xbdf7, 0xbdf7, 0xbdf7, 0xbdf7, 0xbdf7, 0x4208, 0x0000, 0x0000, 0x0000, 0xbdf7, 0xbdf7, 0xbdf7, 0xbdf7, 0xbdf7, 0xbdf7, 0xbdf7, 0xbdf7, 0xbdf7, 0xbdf7, 0xbdf7, 0x0000, 0x0000, 0x0000, 0x0000, 0x0000, 0x0000, 0x0000, 0x0000, 0x0000, 0x0000, 0x0000, 0x0000, 0x0000, 0x0000, 0x0000, 0x0000, 0x0000, 0x0000, 0x0000, 0x0000, 0x0000, 0x0000, 0x0000, 0x0000, 0x0000, 0x0000, 0x0000, 0x0000, 0x0000, 0x0000, 0x0000, 0x0000, 0x0000, 0x0000, 0x0000, 0x0000, 0x0000, 0x0000, 0x0000, 0x0000, 0x0000, 0x0000, 0x0000, 0x0000, 0x0000, 0x0000, 0x0000, 0x0000, 0x0000, 0x0000, 0x0000, 0x0000, 0x0000, 0x0000, 0x0000, 0x0000, 0x0000, 0x0000, 0x0000, 0x0000, 0x0000, 0x0000, 0x0000, 0x0000, 0x0000, 0x0000, 0x0000, 0x0000, 0x0000, 0x0000, 0x0000, 0x0000, 0x0000, 0x0000, 0x0000, 0x0000, 0x0000, 0x0000, 0x0000, 0x0000, 0x0000, 0x0000, 0x0000, 0x0000, 0x0000, 0x0000, 0x0000, 0x0000, 0x0000, 0x0000, 0x0000, },
    {0x0000, 0xbdf7, 0xbdf7, 0xbdf7, 0xbdf7, 0xbdf7, 0xbdf7, 0xbdf7, 0xbdf7, 0x4208, 0x4208, 0x4208, 0x4208, 0x4208, 0x0000, 0x0000, 0x0000, 0x0000, 0xbdf7, 0xbdf7, 0xbdf7, 0xbdf7, 0xbdf7, 0xbdf7, 0xbdf7, 0xbdf7, 0xbdf7, 0xbdf7, 0x4208, 0x0000, 0x0000, 0x0000, 0x0000, 0x0000, 0x0000, 0x0000, 0x0000, 0x0000, 0x0000, 0x0000, 0x0000, 0x0000, 0x0000, 0x0000, 0x0000, 0x0000, 0x0000, 0x0000, 0x0000, 0x0000, 0x0000, 0x0000, 0x0000, 0x0000, 0x0000, 0x0000, 0x0000, 0x0000, 0x0000, 0x0000, 0x0000, 0x0000, 0x0000, 0x0000, 0x0000, 0x0000, 0x0000, 0x0000, 0x0000, 0x0000, 0x0000, 0x0000, 0x0000, 0x0000, 0x0000, 0x0000, 0x0000, 0x0000, 0x0000, 0x0000, 0x0000, 0x0000, 0x0000, 0x0000, 0x0000, 0x0000, 0x0000, 0x0000, 0x0000, 0x0000, 0x0000, 0x0000, 0x0000, 0x0000, 0x0000, 0x0000, 0x0000, 0x0000, 0x0000, 0x0000, 0x0000, 0x0000, 0x0000, 0x0000, 0x0000, 0x0000, 0x0000, 0x0000, 0x0000, 0x0000, 0x0000, 0x0000, 0x0000, 0x0000, 0x0000, 0x0000, 0x0000, 0x0000, 0x0000, 0x0000, },
    {0x0000, 0x0000, 0xbdf7, 0xbdf7, 0xbdf7, 0xbdf7, 0xbdf7, 0xbdf7, 0x4208, 0x0000, 0x0000, 0x0000, 0x0000, 0x0000, 0x0000, 0x0000, 0x0000, 0x0000, 0x0000, 0x0000, 0x4208, 0x4208, 0x4208, 0x4208, 0x4208, 0x4208, 0x4208, 0x4208, 0x4208, 0x0000, 0x0000, 0x0000, 0x0000, 0x0000, 0x0000, 0x0000, 0x0000, 0x0000, 0x0000, 0x0000, 0x0000, 0x0000, 0x0000, 0x0000, 0x0000, 0x0000, 0x0000, 0x0000, 0x0000, 0x0000, 0x0000, 0x0000, 0x0000, 0x0000, 0x0000, 0x0000, 0x0000, 0x0000, 0x0000, 0x0000, 0x0000, 0x0000, 0x0000, 0x0000, 0x0000, 0x0000, 0x0000, 0x0000, 0x0000, 0x0000, 0x0000, 0x0000, 0x0000, 0x0000, 0x0000, 0x0000, 0x0000, 0x0000, 0x0000, 0x0000, 0x0000, 0x0000, 0x0000, 0x0000, 0x0000, 0x0000, 0x0000, 0x0000, 0x0000, 0x0000, 0x0000, 0x0000, 0x0000, 0x0000, 0x0000, 0x0000, 0x0000, 0x0000, 0x0000, 0x0000, 0x0000, 0x0000, 0x0000, 0x0000, 0x0000, 0x0000, 0x0000, 0x0000, 0x0000, 0x0000, 0x0000, 0x0000, 0x0000, 0x0000, 0x0000, 0x0000, 0x0000, 0x0000, 0x0000, 0x0000, },
    {0x0000, 0x0000, 0x0000, 0x0000, 0x4208, 0x4208, 0x4208, 0x4208, 0x0000, 0x0000, 0x0000, 0x0000, 0x0000, 0x0000, 0x0000, 0x0000, 0x0000, 0x0000, 0x0000, 0x0000, 0x0000, 0x0000, 0x0000, 0x0000, 0x0000, 0x4208, 0x4208, 0x4208, 0x0000, 0x0000, 0x0000, 0x0000, 0x0000, 0x0000, 0x0000, 0x0000, 0x0000, 0x0000, 0x0000, 0x0000, 0x0000, 0x0000, 0x0000, 0x0000, 0x0000, 0x0000, 0x0000, 0x0000, 0x0000, 0x0000, 0x0000, 0x0000, 0x0000, 0x0000, 0x0000, 0x0000, 0x0000, 0x0000, 0x0000, 0x0000, 0x0000, 0x0000, 0x0000, 0x0000, 0x0000, 0x0000, 0x0000, 0x0000, 0x0000, 0x0000, 0x0000, 0x0000, 0x0000, 0x0000, 0x0000, 0x0000, 0x0000, 0x0000, 0x0000, 0x0000, 0x0000, 0x0000, 0x0000, 0x0000, 0x0000, 0x0000, 0x0000, 0x0000, 0x0000, 0x0000, 0x0000, 0x0000, 0x0000, 0x0000, 0x0000, 0x0000, 0x0000, 0x0000, 0x0000, 0x0000, 0x0000, 0x0000, 0x0000, 0x0000, 0x0000, 0x0000, 0x0000, 0x0000, 0x0000, 0x0000, 0x0000, 0x0000, 0x0000, 0x0000, 0x0000, 0x0000, 0x0000, 0x0000, 0x0000, 0x0000, },
    {0x0000, 0x0000, 0x0000, 0x0000, 0x0000, 0x0000, 0x0000, 0x0000, 0x0000, 0x0000, 0x0000, 0x0000, 0x0000, 0x0000, 0x0000, 0x0000, 0x0000, 0x0000, 0x0000, 0x0000, 0x0000, 0x0000, 0x0000, 0x0000, 0x0000, 0x0000, 0x0000, 0x0000, 0x0000, 0x0000, 0x0000, 0x0000, 0x0000, 0x0000, 0x0000, 0x0000, 0x0000, 0x0000, 0x0000, 0x0000, 0x0000, 0x0000, 0x0000, 0x0000, 0x0000, 0x0000, 0x0000, 0x0000, 0x0000, 0x0000, 0x0000, 0x0000, 0x0000, 0x0000, 0x0000, 0x0000, 0x0000, 0x0000, 0x0000, 0x0000, 0x0000, 0x0000, 0x0000, 0x0000, 0x0000, 0x0000, 0x0000, 0x0000, 0x0000, 0x0000, 0x0000, 0x0000, 0x0000, 0x0000, 0x0000, 0x0000, 0x0000, 0x0000, 0x0000, 0x0000, 0x0000, 0x0000, 0x0000, 0x0000, 0x0000, 0x0000, 0x0000, 0x0000, 0x0000, 0x0000, 0x0000, 0x0000, 0x0000, 0x0000, 0x0000, 0x0000, 0x0000, 0x0000, 0x0000, 0x0000, 0x0000, 0x0000, 0x0000, 0x0000, 0x0000, 0x0000, 0x0000, 0x0000, 0x0000, 0x0000, 0x0000, 0x0000, 0x0000, 0x0000, 0x0000, 0x0000, 0x0000, 0x0000, 0x0000, 0x0000, },
    {0x0000, 0x0000, 0x0000, 0x0000, 0x0000, 0x0000, 0x0000, 0x0000, 0x0000, 0x0000, 0x0000, 0x0000, 0x0000, 0x0000, 0x0000, 0x0000, 0x0000, 0x0000, 0x0000, 0x0000, 0x0000, 0x0000, 0x0000, 0x0000, 0x0000, 0x0000, 0x0000, 0x0000, 0x0000, 0x0000, 0x0000, 0x0000, 0x0000, 0x0000, 0x0000, 0x0000, 0x0000, 0x0000, 0x0000, 0x0000, 0x0000, 0x0000, 0x0000, 0x0000, 0x0000, 0x0000, 0x0000, 0x0000, 0x0000, 0x0000, 0x0000, 0x0000, 0x0000, 0x0000, 0x0000, 0x0000, 0x0000, 0x0000, 0x0000, 0x0000, 0x0000, 0x0000, 0x0000, 0x0000, 0x0000, 0x0000, 0x0000, 0x0000, 0x0000, 0x0000, 0x0000, 0x0000, 0x0000, 0x0000, 0x0000, 0x0000, 0x0000, 0x0000, 0x0000, 0x0000, 0x0000, 0x0000, 0x0000, 0x0000, 0x0000, 0x0000, 0x0000, 0x0000, 0x0000, 0x0000, 0x0000, 0x0000, 0x0000, 0x0000, 0x0000, 0x0000, 0x0000, 0x0000, 0x0000, 0x0000, 0x0000, 0x0000, 0x0000, 0x0000, 0x0000, 0x0000, 0x0000, 0x0000, 0x0000, 0x0000, 0x0000, 0x0000, 0x0000, 0x0000, 0x0000, 0x0000, 0x0000, 0x0000, 0x0000, 0x0000, },
    {0x0000, 0x0000, 0x0000, 0x0000, 0x0000, 0x0000, 0x0000, 0x0000, 0x0000, 0x0000, 0x0000, 0x0000, 0x0000, 0x0000, 0x0000, 0x0000, 0x0000, 0x0000, 0x0000, 0x0000, 0x0000, 0x0000, 0x0000, 0x0000, 0x0000, 0x0000, 0x0000, 0x0000, 0x0000, 0x0000, 0x0000, 0x0000, 0x0000, 0x0000, 0x0000, 0x0000, 0x0000, 0x0000, 0x0000, 0x0000, 0x0000, 0x0000, 0x0000, 0x0000, 0x0000, 0x0000, 0x0000, 0x0000, 0x0000, 0x0000, 0x0000, 0x0000, 0x0000, 0x0000, 0x0000, 0x0000, 0x0000, 0x0000, 0x0000, 0x0000, 0x0000, 0x0000, 0x0000, 0x0000, 0x0000, 0x0000, 0x0000, 0x0000, 0x0000, 0x0000, 0x0000, 0x0000, 0x0000, 0x0000, 0x0000, 0x0000, 0x0000, 0x0000, 0x0000, 0x0000, 0x0000, 0x0000, 0x0000, 0x0000, 0x0000, 0x0000, 0x0000, 0x0000, 0x0000, 0x0000, 0x0000, 0x0000, 0x0000, 0x0000, 0x0000, 0x0000, 0x0000, 0x0000, 0x0000, 0x0000, 0x0000, 0x0000, 0x0000, 0x0000, 0x0000, 0x0000, 0x0000, 0x0000, 0x0000, 0x0000, 0x0000, 0x0000, 0x0000, 0x0000, 0x0000, 0x0000, 0x0000, 0x0000, 0x0000, 0x0000, },
    {0x0000, 0x0000, 0x0000, 0x0000, 0x0000, 0x0000, 0x0000, 0x0000, 0x0000, 0x0000, 0x0000, 0x0000, 0x0000, 0x0000, 0x0000, 0x0000, 0x0000, 0x0000, 0x0000, 0x0000, 0xbdf7, 0xbdf7, 0x0000, 0x0000, 0x0000, 0x0000, 0x0000, 0x0000, 0x0000, 0x0000, 0x0000, 0x0000, 0x0000, 0x0000, 0x0000, 0x0000, 0x0000, 0x0000, 0x0000, 0x0000, 0x0000, 0x0000, 0x0000, 0x0000, 0x0000, 0x0000, 0x0000, 0x0000, 0x0000, 0x0000, 0x0000, 0x0000, 0x0000, 0x0000, 0x0000, 0x0000, 0x0000, 0x0000, 0x0000, 0x0000, 0x0000, 0x0000, 0x0000, 0x0000, 0x0000, 0x0000, 0x0000, 0x0000, 0x0000, 0x0000, 0x0000, 0x0000, 0x0000, 0x0000, 0x0000, 0x0000, 0x0000, 0x0000, 0x0000, 0x0000, 0x0000, 0x0000, 0x0000, 0x0000, 0x0000, 0x0000, 0x0000, 0x0000, 0x0000, 0x0000, 0x0000, 0x0000, 0x0000, 0x0000, 0x0000, 0x0000, 0x0000, 0x0000, 0x0000, 0x0000, 0x0000, 0x0000, 0x0000, 0x0000, 0x0000, 0x0000, 0x0000, 0x0000, 0x0000, 0x0000, 0x0000, 0x0000, 0x0000, 0x0000, 0x0000, 0x0000, 0x0000, 0x0000, 0x0000, 0x0000, },
    {0x0000, 0x0000, 0x0000, 0x0000, 0xbdf7, 0xbdf7, 0xbdf7, 0xbdf7, 0xbdf7, 0xbdf7, 0x0000, 0x0000, 0x0000, 0x0000, 0x0000, 0x0000, 0x0000, 0x0000, 0xbdf7, 0xbdf7, 0xbdf7, 0xbdf7, 0xbdf7, 0x0000, 0x0000, 0x0000, 0x0000, 0x0000, 0xbdf7, 0x0000, 0x0000, 0x0000, 0x0000, 0x0000, 0x0000, 0x0000, 0x0000, 0x0000, 0x0000, 0x0000, 0x0000, 0x0000, 0x0000, 0x0000, 0x0000, 0x0000, 0x0000, 0x0000, 0x0000, 0x0000, 0x0000, 0x0000, 0x0000, 0x0000, 0x0000, 0x0000, 0x0000, 0x0000, 0x0000, 0x0000, 0x0000, 0x0000, 0x0000, 0x0000, 0x0000, 0x0000, 0x0000, 0x0000, 0x0000, 0x0000, 0x0000, 0x0000, 0x0000, 0x0000, 0x0000, 0x0000, 0x0000, 0x0000, 0x0000, 0x0000, 0x0000, 0x0000, 0x0000, 0x0000, 0x0000, 0x0000, 0x0000, 0x0000, 0x0000, 0x0000, 0x0000, 0x0000, 0x0000, 0x0000, 0x0000, 0x0000, 0x0000, 0x0000, 0x0000, 0x0000, 0x0000, 0x0000, 0x0000, 0x0000, 0x0000, 0x0000, 0x0000, 0x0000, 0x0000, 0x0000, 0x0000, 0x0000, 0x0000, 0x0000, 0x0000, 0x0000, 0x0000, 0x0000, 0x0000, 0x0000, },
    {0x0000, 0x0000, 0x0000, 0xbdf7, 0xbdf7, 0xbdf7, 0xbdf7, 0xbdf7, 0xbdf7, 0xbdf7, 0xbdf7, 0x0000, 0x0000, 0x0000, 0x0000, 0x0000, 0x0000, 0x0000, 0xbdf7, 0xbdf7, 0xbdf7, 0xbdf7, 0xbdf7, 0xbdf7, 0x0000, 0x0000, 0x0000, 0xbdf7, 0xbdf7, 0xbdf7, 0x0000, 0x0000, 0x0000, 0x0000, 0x0000, 0x0000, 0x0000, 0x0000, 0x0000, 0x0000, 0x0000, 0x0000, 0x0000, 0x0000, 0x0000, 0x0000, 0x0000, 0x0000, 0x0000, 0x0000, 0x0000, 0x0000, 0x0000, 0x0000, 0x0000, 0x0000, 0x0000, 0x0000, 0x0000, 0x0000, 0x0000, 0x0000, 0x0000, 0x0000, 0x0000, 0x0000, 0x0000, 0x0000, 0x0000, 0x0000, 0x0000, 0x0000, 0x0000, 0x0000, 0x0000, 0x0000, 0x0000, 0x0000, 0x0000, 0x0000, 0x0000, 0x0000, 0x0000, 0x0000, 0x0000, 0x0000, 0x0000, 0x0000, 0x0000, 0x0000, 0x0000, 0x0000, 0x0000, 0x0000, 0x0000, 0x0000, 0x0000, 0x0000, 0x0000, 0x0000, 0x0000, 0x0000, 0x0000, 0x0000, 0x0000, 0x0000, 0x0000, 0x0000, 0x0000, 0x0000, 0x0000, 0x0000, 0x0000, 0x0000, 0x0000, 0x0000, 0x0000, 0x0000, 0x0000, 0x0000, },
    {0x0000, 0x0000, 0x0000, 0xbdf7, 0xbdf7, 0xbdf7, 0xbdf7, 0xbdf7, 0xbdf7, 0xbdf7, 0xbdf7, 0xbdf7, 0x0000, 0x0000, 0x0000, 0x0000, 0x0000, 0xbdf7, 0xbdf7, 0xbdf7, 0xbdf7, 0xbdf7, 0xbdf7, 0xbdf7, 0x0000, 0x0000, 0x0000, 0x0000, 0xbdf7, 0x4208, 0x0000, 0x0000, 0x0000, 0x0000, 0x0000, 0x0000, 0x0000, 0x0000, 0x0000, 0x0000, 0x0000, 0x0000, 0x0000, 0x0000, 0x0000, 0x0000, 0x0000, 0x0000, 0x0000, 0x0000, 0x0000, 0x0000, 0x0000, 0x0000, 0x0000, 0x0000, 0x0000, 0x0000, 0x0000, 0x0000, 0x0000, 0x0000, 0x0000, 0x0000, 0x0000, 0x0000, 0x0000, 0x0000, 0x0000, 0x0000, 0x0000, 0x0000, 0x0000, 0x0000, 0x0000, 0x0000, 0x0000, 0x0000, 0x0000, 0x0000, 0x0000, 0x0000, 0x0000, 0x0000, 0x0000, 0x0000, 0x0000, 0x0000, 0x0000, 0x0000, 0x0000, 0x0000, 0x0000, 0x0000, 0x0000, 0x0000, 0x0000, 0x0000, 0x0000, 0x0000, 0x0000, 0x0000, 0x0000, 0x0000, 0x0000, 0x0000, 0x0000, 0x0000, 0x0000, 0x0000, 0x0000, 0x0000, 0x0000, 0x0000, 0x0000, 0x0000, 0x0000, 0x0000, 0x0000, 0x0000, },
    {0x0000, 0x0000, 0x0000, 0xbdf7, 0xbdf7, 0xbdf7, 0xbdf7, 0xbdf7, 0xbdf7, 0xbdf7, 0xbdf7, 0xbdf7, 0x0000, 0x0000, 0x0000, 0x0000, 0x0000, 0x0000, 0xbdf7, 0xbdf7, 0xbdf7, 0xbdf7, 0x4208, 0x0000, 0x0000, 0x0000, 0x0000, 0x0000, 0x0000, 0x0000, 0x0000, 0x0000, 0x0000, 0x0000, 0x0000, 0x0000, 0x0000, 0x0000, 0x0000, 0x0000, 0x0000, 0x0000, 0x0000, 0x0000, 0x0000, 0x0000, 0x0000, 0x0000, 0x0000, 0x0000, 0x0000, 0x0000, 0x0000, 0x0000, 0x0000, 0x0000, 0x0000, 0x0000, 0x0000, 0x0000, 0x0000, 0x0000, 0x0000, 0x0000, 0x0000, 0x0000, 0x0000, 0x0000, 0x0000, 0x0000, 0x0000, 0x0000, 0x0000, 0x0000, 0x0000, 0x0000, 0x0000, 0x0000, 0x0000, 0x0000, 0x0000, 0x0000, 0x0000, 0x0000, 0x0000, 0x0000, 0x0000, 0x0000, 0x0000, 0x0000, 0x0000, 0x0000, 0x0000, 0x0000, 0x0000, 0x0000, 0x0000, 0x0000, 0x0000, 0x0000, 0x0000, 0x0000, 0x0000, 0x0000, 0x0000, 0x0000, 0x0000, 0x0000, 0x0000, 0x0000, 0x0000, 0x0000, 0x0000, 0x0000, 0x0000, 0x0000, 0x0000, 0x0000, 0x0000, 0x0000, },
    {0x0000, 0x0000, 0x0000, 0x0000, 0xbdf7, 0xbdf7, 0xbdf7, 0xbdf7, 0xbdf7, 0xbdf7, 0xbdf7, 0xbdf7, 0xbdf7, 0x0000, 0x0000, 0x0000, 0x0000, 0x0000, 0x0000, 0x4208, 0x4208, 0x4208, 0x0000, 0x0000, 0x0000, 0x0000, 0x0000, 0x0000, 0x0000, 0x0000, 0x0000, 0x0000, 0x0000, 0x0000, 0x0000, 0x0000, 0x0000, 0x0000, 0x0000, 0x0000, 0x0000, 0x0000, 0x0000, 0x0000, 0x0000, 0x0000, 0x0000, 0x0000, 0x0000, 0x0000, 0x0000, 0x0000, 0x0000, 0x0000, 0x0000, 0x0000, 0x0000, 0x0000, 0x0000, 0x0000, 0x0000, 0x0000, 0x0000, 0x0000, 0x0000, 0x0000, 0x0000, 0x0000, 0x0000, 0x0000, 0x0000, 0x0000, 0x0000, 0x0000, 0x0000, 0x0000, 0x0000, 0x0000, 0x0000, 0x0000, 0x0000, 0x0000, 0x0000, 0x0000, 0x0000, 0x0000, 0x0000, 0x0000, 0x0000, 0x0000, 0x0000, 0x0000, 0x0000, 0x0000, 0x0000, 0x0000, 0x0000, 0x0000, 0x0000, 0x0000, 0x0000, 0x0000, 0x0000, 0x0000, 0x0000, 0x0000, 0x0000, 0x0000, 0x0000, 0x0000, 0x0000, 0x0000, 0x0000, 0x0000, 0x0000, 0x0000, 0x0000, 0x0000, 0x0000, 0x0000, },
    {0x0000, 0x0000, 0x0000, 0x0000, 0xbdf7, 0xbdf7, 0xbdf7, 0xbdf7, 0xbdf7, 0xbdf7, 0xbdf7, 0xbdf7, 0xbdf7, 0x0000, 0x0000, 0x0000, 0x0000, 0x0000, 0x0000, 0x0000, 0x0000, 0x0000, 0x0000, 0x0000, 0x0000, 0x0000, 0x0000, 0x0000, 0x0000, 0x0000, 0x0000, 0x0000, 0x0000, 0x0000, 0x0000, 0x0000, 0x0000, 0x0000, 0x0000, 0x0000, 0x0000, 0x0000, 0x0000, 0x0000, 0x0000, 0x0000, 0x0000, 0x0000, 0x0000, 0x0000, 0x0000, 0x0000, 0x0000, 0x0000, 0x0000, 0x0000, 0x0000, 0x0000, 0x0000, 0x0000, 0x0000, 0x0000, 0x0000, 0x0000, 0x0000, 0x0000, 0x0000, 0x0000, 0x0000, 0x0000, 0x0000, 0x0000, 0x0000, 0x0000, 0x0000, 0x0000, 0x0000, 0x0000, 0x0000, 0x0000, 0x0000, 0x0000, 0x0000, 0x0000, 0x0000, 0x0000, 0x0000, 0x0000, 0x0000, 0x0000, 0x0000, 0x0000, 0x0000, 0x0000, 0x0000, 0x0000, 0x0000, 0x0000, 0x0000, 0x0000, 0x0000, 0x0000, 0x0000, 0x0000, 0x0000, 0x0000, 0x0000, 0x0000, 0x0000, 0x0000, 0x0000, 0x0000, 0x0000, 0x0000, 0x0000, 0x0000, 0x0000, 0x0000, 0x0000, 0x0000, },
    {0x0000, 0x0000, 0x0000, 0xbdf7, 0xbdf7, 0xbdf7, 0xbdf7, 0xbdf7, 0xbdf7, 0xbdf7, 0xbdf7, 0xbdf7, 0xbdf7, 0xbdf7, 0x0000, 0x0000, 0x0000, 0x0000, 0x0000, 0x0000, 0x0000, 0x0000, 0x0000, 0x0000, 0x0000, 0x0000, 0x0000, 0x0000, 0x0000, 0x0000, 0x0000, 0x0000, 0x0000, 0x0000, 0x0000, 0x0000, 0x0000, 0x0000, 0x0000, 0x0000, 0x0000, 0x0000, 0x0000, 0x0000, 0x0000, 0x0000, 0x0000, 0x0000, 0x0000, 0x0000, 0x0000, 0x0000, 0x0000, 0x0000, 0x0000, 0x0000, 0x0000, 0x0000, 0x0000, 0x0000, 0x0000, 0x0000, 0x0000, 0x0000, 0x0000, 0x0000, 0x0000, 0x0000, 0x0000, 0x0000, 0x0000, 0x0000, 0x0000, 0x0000, 0x0000, 0x0000, 0x0000, 0x0000, 0x0000, 0x0000, 0x0000, 0x0000, 0x0000, 0x0000, 0x0000, 0x0000, 0x0000, 0x0000, 0x0000, 0x0000, 0x0000, 0x0000, 0x0000, 0x0000, 0x0000, 0x0000, 0x0000, 0x0000, 0x0000, 0x0000, 0x0000, 0x0000, 0x0000, 0x0000, 0x0000, 0x0000, 0x0000, 0x0000, 0x0000, 0x0000, 0x0000, 0x0000, 0x0000, 0x0000, 0x0000, 0x0000, 0x0000, 0x0000, 0x0000, 0x0000, },
    {0x0000, 0x0000, 0xbdf7, 0xbdf7, 0xbdf7, 0xbdf7, 0xbdf7, 0xbdf7, 0xbdf7, 0xbdf7, 0xbdf7, 0xbdf7, 0xbdf7, 0xbdf7, 0xbdf7, 0x0000, 0x0000, 0x0000, 0x0000, 0x0000, 0x0000, 0x0000, 0x0000, 0x0000, 0x0000, 0x0000, 0x0000, 0x0000, 0x0000, 0x0000, 0x0000, 0x0000, 0x0000, 0x0000, 0x0000, 0x0000, 0x0000, 0x0000, 0x0000, 0x0000, 0x0000, 0x0000, 0x0000, 0x0000, 0x0000, 0x0000, 0x0000, 0x0000, 0x0000, 0x0000, 0x0000, 0x0000, 0x0000, 0x0000, 0x0000, 0x0000, 0x0000, 0x0000, 0x0000, 0x0000, 0x0000, 0x0000, 0x0000, 0x0000, 0x0000, 0x0000, 0x0000, 0x0000, 0x0000, 0x0000, 0x0000, 0x0000, 0x0000, 0x0000, 0x0000, 0x0000, 0x0000, 0x0000, 0x0000, 0x0000, 0x0000, 0x0000, 0x0000, 0x0000, 0x0000, 0x0000, 0x0000, 0x0000, 0x0000, 0x0000, 0x0000, 0x0000, 0x0000, 0x0000, 0x0000, 0x0000, 0x0000, 0x0000, 0x0000, 0x0000, 0x0000, 0x0000, 0x0000, 0x0000, 0x0000, 0x0000, 0x0000, 0x0000, 0x0000, 0x0000, 0x0000, 0x0000, 0x0000, 0x0000, 0x0000, 0x0000, 0x0000, 0x0000, 0x0000, 0x0000, },
    {0x0000, 0xbdf7, 0xbdf7, 0xbdf7, 0xbdf7, 0xbdf7, 0xbdf7, 0xbdf7, 0xbdf7, 0xbdf7, 0xbdf7, 0xbdf7, 0xbdf7, 0xbdf7, 0xbdf7, 0xbdf7, 0x0000, 0x0000, 0x0000, 0xbdf7, 0xbdf7, 0xbdf7, 0x0000, 0x0000, 0x0000, 0x0000, 0x0000, 0x0000, 0x0000, 0x0000, 0x0000, 0x0000, 0x0000, 0x0000, 0x0000, 0x0000, 0x0000, 0x0000, 0x0000, 0x0000, 0x0000, 0x0000, 0x0000, 0x0000, 0x0000, 0x0000, 0x0000, 0x0000, 0x0000, 0x0000, 0x0000, 0x0000, 0x0000, 0x0000, 0x0000, 0x0000, 0x0000, 0x0000, 0x0000, 0x0000, 0x0000, 0x0000, 0x0000, 0x0000, 0x0000, 0x0000, 0x0000, 0x0000, 0x0000, 0x0000, 0x0000, 0x0000, 0x0000, 0x0000, 0x0000, 0x0000, 0x0000, 0x0000, 0x0000, 0x0000, 0x0000, 0x0000, 0x0000, 0x0000, 0x0000, 0x0000, 0x0000, 0x0000, 0x0000, 0x0000, 0x0000, 0x0000, 0x0000, 0x0000, 0x0000, 0x0000, 0x0000, 0x0000, 0x0000, 0x0000, 0x0000, 0x0000, 0x0000, 0x0000, 0x0000, 0x0000, 0x0000, 0x0000, 0x0000, 0x0000, 0x0000, 0x0000, 0x0000, 0x0000, 0x0000, 0x0000, 0x0000, 0x0000, 0x0000, 0x0000, },
    {0xbdf7, 0xbdf7, 0xbdf7, 0xbdf7, 0xbdf7, 0xbdf7, 0xbdf7, 0xbdf7, 0xbdf7, 0xbdf7, 0xbdf7, 0xbdf7, 0xbdf7, 0xbdf7, 0xbdf7, 0xbdf7, 0x0000, 0x0000, 0xbdf7, 0xbdf7, 0xbdf7, 0xbdf7, 0xbdf7, 0x0000, 0x0000, 0x0000, 0x0000, 0x0000, 0xbdf7, 0xbdf7, 0x0000, 0x0000, 0x0000, 0x0000, 0x0000, 0x0000, 0x0000, 0x0000, 0x0000, 0x0000, 0x0000, 0x0000, 0x0000, 0x0000, 0x0000, 0x0000, 0x0000, 0x0000, 0x0000, 0x0000, 0x0000, 0x0000, 0x0000, 0x0000, 0x0000, 0x0000, 0x0000, 0x0000, 0x0000, 0x0000, 0x0000, 0x0000, 0x0000, 0x0000, 0x0000, 0x0000, 0x0000, 0x0000, 0x0000, 0x0000, 0x0000, 0x0000, 0x0000, 0x0000, 0x0000, 0x0000, 0x0000, 0x0000, 0x0000, 0x0000, 0x0000, 0x0000, 0x0000, 0x0000, 0x0000, 0x0000, 0x0000, 0x0000, 0x0000, 0x0000, 0x0000, 0x0000, 0x0000, 0x0000, 0x0000, 0x0000, 0x0000, 0x0000, 0x0000, 0x0000, 0x0000, 0x0000, 0x0000, 0x0000, 0x0000, 0x0000, 0x0000, 0x0000, 0x0000, 0x0000, 0x0000, 0x0000, 0x0000, 0x0000, 0x0000, 0x0000, 0x0000, 0x0000, 0x0000, 0x0000, },
    {0xbdf7, 0xbdf7, 0xbdf7, 0xbdf7, 0xbdf7, 0xbdf7, 0xbdf7, 0xbdf7, 0xbdf7, 0xbdf7, 0xbdf7, 0xbdf7, 0xbdf7, 0xbdf7, 0xbdf7, 0x4208, 0x0000, 0xbdf7, 0xbdf7, 0xbdf7, 0xbdf7, 0xbdf7, 0x4208, 0x0000, 0x0000, 0x0000, 0x0000, 0xbdf7, 0xbdf7, 0x4208, 0x0000, 0x0000, 0x0000, 0x0000, 0x0000, 0x0000, 0x0000, 0x0000, 0x0000, 0x0000, 0x0000, 0x0000, 0x0000, 0x0000, 0x0000, 0x0000, 0x0000, 0x0000, 0x0000, 0x0000, 0x0000, 0x0000, 0x0000, 0x0000, 0x0000, 0x0000, 0x0000, 0x0000, 0x0000, 0x0000, 0x0000, 0x0000, 0x0000, 0x0000, 0x0000, 0x0000, 0x0000, 0x0000, 0x0000, 0x0000, 0x0000, 0x0000, 0x0000, 0x0000, 0x0000, 0x0000, 0x0000, 0x0000, 0x0000, 0x0000, 0x0000, 0x0000, 0x0000, 0x0000, 0x0000, 0x0000, 0x0000, 0x0000, 0x0000, 0x0000, 0x0000, 0x0000, 0x0000, 0x0000, 0x0000, 0x0000, 0x0000, 0x0000, 0x0000, 0x0000, 0x0000, 0x0000, 0x0000, 0x0000, 0x0000, 0x0000, 0x0000, 0x0000, 0x0000, 0x0000, 0x0000, 0x0000, 0x0000, 0x0000, 0x0000, 0x0000, 0x0000, 0x0000, 0x0000, 0x0000, },
    {0xbdf7, 0xbdf7, 0xbdf7, 0xbdf7, 0xbdf7, 0xbdf7, 0xbdf7, 0xbdf7, 0xbdf7, 0xbdf7, 0xbdf7, 0xbdf7, 0x4208, 0x4208, 0x4208, 0x0000, 0x0000, 0x0000, 0x4208, 0x4208, 0x4208, 0x4208, 0x0000, 0x0000, 0x0000, 0x0000, 0x0000, 0x0000, 0x0000, 0x0000, 0x0000, 0x0000, 0x0000, 0x0000, 0x0000, 0x0000, 0x0000, 0x0000, 0x0000, 0x0000, 0x0000, 0x0000, 0x0000, 0x0000, 0x0000, 0x0000, 0x0000, 0x0000, 0x0000, 0x0000, 0x0000, 0x0000, 0x0000, 0x0000, 0x0000, 0x0000, 0x0000, 0x0000, 0x0000, 0x0000, 0x0000, 0x0000, 0x0000, 0x0000, 0x0000, 0x0000, 0x0000, 0x0000, 0x0000, 0x0000, 0x0000, 0x0000, 0x0000, 0x0000, 0x0000, 0x0000, 0x0000, 0x0000, 0x0000, 0x0000, 0x0000, 0x0000, 0x0000, 0x0000, 0x0000, 0x0000, 0x0000, 0x0000, 0x0000, 0x0000, 0x0000, 0x0000, 0x0000, 0x0000, 0x0000, 0x0000, 0x0000, 0x0000, 0x0000, 0x0000, 0x0000, 0x0000, 0x0000, 0x0000, 0x0000, 0x0000, 0x0000, 0x0000, 0x0000, 0x0000, 0x0000, 0x0000, 0x0000, 0x0000, 0x0000, 0x0000, 0x0000, 0x0000, 0x0000, 0x0000, },
    {0x0000, 0x0000, 0x0000, 0x4208, 0x4208, 0x4208, 0x4208, 0x4208, 0x4208, 0x4208, 0x4208, 0x4208, 0x0000, 0x0000, 0x0000, 0x0000, 0x0000, 0x0000, 0x0000, 0x0000, 0x0000, 0x0000, 0x0000, 0x0000, 0x0000, 0x0000, 0x0000, 0x0000, 0x0000, 0x0000, 0x0000, 0x0000, 0x0000, 0x0000, 0x0000, 0x0000, 0x0000, 0x0000, 0x0000, 0x0000, 0x0000, 0x0000, 0x0000, 0x0000, 0x0000, 0x0000, 0x0000, 0x0000, 0x0000, 0x0000, 0x0000, 0x0000, 0x0000, 0x0000, 0x0000, 0x0000, 0x0000, 0x0000, 0x0000, 0x0000, 0x0000, 0x0000, 0x0000, 0x0000, 0x0000, 0x0000, 0x0000, 0x0000, 0x0000, 0x0000, 0x0000, 0x0000, 0x0000, 0x0000, 0x0000, 0x0000, 0x0000, 0x0000, 0x0000, 0x0000, 0x0000, 0x0000, 0x0000, 0x0000, 0x0000, 0x0000, 0x0000, 0x0000, 0x0000, 0x0000, 0x0000, 0x0000, 0x0000, 0x0000, 0x0000, 0x0000, 0x0000, 0x0000, 0x0000, 0x0000, 0x0000, 0x0000, 0x0000, 0x0000, 0x0000, 0x0000, 0x0000, 0x0000, 0x0000, 0x0000, 0x0000, 0x0000, 0x0000, 0x0000, 0x0000, 0x0000, 0x0000, 0x0000, 0x0000, 0x0000, },
    {0x0000, 0x0000, 0x0000, 0x0000, 0x0000, 0x0000, 0x0000, 0x0000, 0x0000, 0x0000, 0x0000, 0x0000, 0x0000, 0x0000, 0x0000, 0x0000, 0x0000, 0x0000, 0x0000, 0x0000, 0x0000, 0x0000, 0x0000, 0x0000, 0x0000, 0x0000, 0x0000, 0x0000, 0x0000, 0x0000, 0x0000, 0x0000, 0x0000, 0x0000, 0x0000, 0x0000, 0x0000, 0x0000, 0x0000, 0x0000, 0x0000, 0x0000, 0x0000, 0x0000, 0x0000, 0x0000, 0x0000, 0x0000, 0x0000, 0x0000, 0x0000, 0x0000, 0x0000, 0x0000, 0x0000, 0x0000, 0x0000, 0x0000, 0x0000, 0x0000, 0x0000, 0x0000, 0x0000, 0x0000, 0x0000, 0x0000, 0x0000, 0x0000, 0x0000, 0x0000, 0x0000, 0x0000, 0x0000, 0x0000, 0x0000, 0x0000, 0x0000, 0x0000, 0x0000, 0x0000, 0x0000, 0x0000, 0x0000, 0x0000, 0x0000, 0x0000, 0x0000, 0x0000, 0x0000, 0x0000, 0x0000, 0x0000, 0x0000, 0x0000, 0x0000, 0x0000, 0x0000, 0x0000, 0x0000, 0x0000, 0x0000, 0x0000, 0x0000, 0x0000, 0x0000, 0x0000, 0x0000, 0x0000, 0x0000, 0x0000, 0x0000, 0x0000, 0x0000, 0x0000, 0x0000, 0x0000, 0x0000, 0x0000, 0x0000, 0x0000, },
    {0x0000, 0x0000, 0x0000, 0x0000, 0x0000, 0x0000, 0x0000, 0x0000, 0x0000, 0x0000, 0x0000, 0x0000, 0x0000, 0x0000, 0x0000, 0x0000, 0x0000, 0x0000, 0x0000, 0x0000, 0x0000, 0x0000, 0x0000, 0x0000, 0x0000, 0x0000, 0x0000, 0x0000, 0x0000, 0x0000, 0x0000, 0x0000, 0x0000, 0x0000, 0x0000, 0x0000, 0x0000, 0x0000, 0x0000, 0x0000, 0x0000, 0x0000, 0x0000, 0x0000, 0x0000, 0x0000, 0x0000, 0x0000, 0x0000, 0x0000, 0x0000, 0x0000, 0x0000, 0x0000, 0x0000, 0x0000, 0x0000, 0x0000, 0x0000, 0x0000, 0x0000, 0x0000, 0x0000, 0x0000, 0x0000, 0x0000, 0x0000, 0x0000, 0x0000, 0x0000, 0x0000, 0x0000, 0x0000, 0x0000, 0x0000, 0x0000, 0x0000, 0x0000, 0x0000, 0x0000, 0x0000, 0x0000, 0x0000, 0x0000, 0x0000, 0x0000, 0x0000, 0x0000, 0x0000, 0x0000, 0x0000, 0x0000, 0x0000, 0x0000, 0x0000, 0x0000, 0x0000, 0x0000, 0x0000, 0x0000, 0x0000, 0x0000, 0x0000, 0x0000, 0x0000, 0x0000, 0x0000, 0x0000, 0x0000, 0x0000, 0x0000, 0x0000, 0x0000, 0x0000, 0x0000, 0x0000, 0x0000, 0x0000, 0x0000, 0x0000, },
    {0x0000, 0x0000, 0x0000, 0x0000, 0x0000, 0x0000, 0x0000, 0x0000, 0x0000, 0x0000, 0x0000, 0x0000, 0x0000, 0x0000, 0x0000, 0x0000, 0x0000, 0x0000, 0x0000, 0x0000, 0x0000, 0x0000, 0x0000, 0x0000, 0x0000, 0x0000, 0x0000, 0x0000, 0x0000, 0x0000, 0x0000, 0x0000, 0x0000, 0x0000, 0x0000, 0x0000, 0x0000, 0x0000, 0x0000, 0x0000, 0x0000, 0x0000, 0x0000, 0x0000, 0x0000, 0x0000, 0x0000, 0x0000, 0x0000, 0x0000, 0x0000, 0x0000, 0x0000, 0x0000, 0x0000, 0x0000, 0x0000, 0x0000, 0x0000, 0x0000, 0x0000, 0x0000, 0x0000, 0x0000, 0x0000, 0x0000, 0x0000, 0x0000, 0x0000, 0x0000, 0x0000, 0x0000, 0x0000, 0x0000, 0x0000, 0x0000, 0x0000, 0x0000, 0x0000, 0x0000, 0x0000, 0x0000, 0x0000, 0x0000, 0x0000, 0x0000, 0x0000, 0x0000, 0x0000, 0x0000, 0x0000, 0x0000, 0x0000, 0x0000, 0x0000, 0x0000, 0x0000, 0x0000, 0x0000, 0x0000, 0x0000, 0x0000, 0x0000, 0x0000, 0x0000, 0x0000, 0x0000, 0x0000, 0x0000, 0x0000, 0x0000, 0x0000, 0x0000, 0x0000, 0x0000, 0x0000, 0x0000, 0x0000, 0x0000, 0x0000, },
    {0x0000, 0x0000, 0x0000, 0x0000, 0x0000, 0x0000, 0x0000, 0x0000, 0x0000, 0x0000, 0x0000, 0x0000, 0x0000, 0x0000, 0x0000, 0x0000, 0x0000, 0x0000, 0x0000, 0x0000, 0x0000, 0x0000, 0x0000, 0x0000, 0x0000, 0x0000, 0x0000, 0x0000, 0x0000, 0x0000, 0x0000, 0x0000, 0x0000, 0x0000, 0x0000, 0x0000, 0x0000, 0x0000, 0x0000, 0x0000, 0x0000, 0x0000, 0x0000, 0x0000, 0x0000, 0x0000, 0x0000, 0x0000, 0x0000, 0x0000, 0x0000, 0x0000, 0x0000, 0x0000, 0x0000, 0x0000, 0x0000, 0x0000, 0x0000, 0x0000, 0x0000, 0x0000, 0x0000, 0x0000, 0x0000, 0x0000, 0x0000, 0x0000, 0x0000, 0x0000, 0x0000, 0x0000, 0x0000, 0x0000, 0x0000, 0x0000, 0x0000, 0x0000, 0x0000, 0x0000, 0x0000, 0x0000, 0x0000, 0x0000, 0x0000, 0x0000, 0x0000, 0x0000, 0x0000, 0x0000, 0x0000, 0x0000, 0x0000, 0x0000, 0x0000, 0x0000, 0x0000, 0x0000, 0x0000, 0x0000, 0x0000, 0x0000, 0x0000, 0x0000, 0x0000, 0x0000, 0x0000, 0x0000, 0x0000, 0x0000, 0x0000, 0x0000, 0x0000, 0x0000, 0x0000, 0x0000, 0x0000, 0x0000, 0x0000, 0x0000, },
    {0x0000, 0x0000, 0x0000, 0x0000, 0x0000, 0x0000, 0x0000, 0x0000, 0x0000, 0x0000, 0x0000, 0x0000, 0x0000, 0x0000, 0x0000, 0x0000, 0x0000, 0x0000, 0x0000, 0x0000, 0x0000, 0x0000, 0x0000, 0x0000, 0x0000, 0x0000, 0x0000, 0x0000, 0x0000, 0x0000, 0x0000, 0x0000, 0x0000, 0x0000, 0x0000, 0x0000, 0x0000, 0x0000, 0x0000, 0x0000, 0x0000, 0x0000, 0x0000, 0x0000, 0x0000, 0x0000, 0x0000, 0x0000, 0x0000, 0x0000, 0x0000, 0x0000, 0x0000, 0x0000, 0x0000, 0x0000, 0x0000, 0x0000, 0x0000, 0x0000, 0x0000, 0x0000, 0x0000, 0x0000, 0x0000, 0x0000, 0x0000, 0x0000, 0x0000, 0x0000, 0x0000, 0x0000, 0x0000, 0x0000, 0x0000, 0x0000, 0x0000, 0x0000, 0x0000, 0x0000, 0x0000, 0x0000, 0x0000, 0x0000, 0x0000, 0x0000, 0x0000, 0x0000, 0x0000, 0x0000, 0x0000, 0x0000, 0x0000, 0x0000, 0x0000, 0x0000, 0x0000, 0x0000, 0x0000, 0x0000, 0x0000, 0x0000, 0x0000, 0x0000, 0x0000, 0x0000, 0x0000, 0x0000, 0x0000, 0x0000, 0x0000, 0x0000, 0x0000, 0x0000, 0x0000, 0x0000, 0x0000, 0x0000, 0x0000, 0x0000, },
    {0x0000, 0x0000, 0x0000, 0x0000, 0x0000, 0x0000, 0x0000, 0x0000, 0x0000, 0x0000, 0x0000, 0x0000, 0x0000, 0x0000, 0x0000, 0x0000, 0x0000, 0x0000, 0x0000, 0x0000, 0x0000, 0x0000, 0x0000, 0x0000, 0x0000, 0x0000, 0x0000, 0x0000, 0x0000, 0x0000, 0x0000, 0x0000, 0x0000, 0x0000, 0x0000, 0x0000, 0x0000, 0x0000, 0x0000, 0x0000, 0x0000, 0x0000, 0x0000, 0x0000, 0x0000, 0x0000, 0x0000, 0x0000, 0x0000, 0x0000, 0x0000, 0x0000, 0x0000, 0x0000, 0x0000, 0x0000, 0x0000, 0x0000, 0x0000, 0x0000, 0x0000, 0x0000, 0x0000, 0x0000, 0x0000, 0x0000, 0x0000, 0x0000, 0x0000, 0x0000, 0x0000, 0x0000, 0x0000, 0x0000, 0x0000, 0x0000, 0x0000, 0x0000, 0x0000, 0x0000, 0x0000, 0x0000, 0x0000, 0x0000, 0x0000, 0x0000, 0x0000, 0x0000, 0x0000, 0x0000, 0x0000, 0x0000, 0x0000, 0x0000, 0x0000, 0x0000, 0x0000, 0x0000, 0x0000, 0x0000, 0x0000, 0x0000, 0x0000, 0x0000, 0x0000, 0x0000, 0x0000, 0x0000, 0x0000, 0x0000, 0x0000, 0x0000, 0x0000, 0x0000, 0x0000, 0x0000, 0x0000, 0x0000, 0x0000, 0x0000, },
    {0x0000, 0x0000, 0x0000, 0x0000, 0x0000, 0x0000, 0x0000, 0x0000, 0x0000, 0x0000, 0x0000, 0x0000, 0x0000, 0x0000, 0x0000, 0x0000, 0x0000, 0x0000, 0x0000, 0x0000, 0x0000, 0x0000, 0x0000, 0x0000, 0x0000, 0x0000, 0x0000, 0x0000, 0x0000, 0x0000, 0x0000, 0x0000, 0x0000, 0x0000, 0x0000, 0x0000, 0x0000, 0x0000, 0x0000, 0x0000, 0x0000, 0x0000, 0x0000, 0x0000, 0x0000, 0x0000, 0x0000, 0x0000, 0x0000, 0x0000, 0x0000, 0x0000, 0x0000, 0x0000, 0x0000, 0x0000, 0x0000, 0x0000, 0x0000, 0x0000, 0x0000, 0x0000, 0x0000, 0x0000, 0x0000, 0x0000, 0x0000, 0x0000, 0x0000, 0x0000, 0x0000, 0x0000, 0x0000, 0x0000, 0x0000, 0x0000, 0x0000, 0x0000, 0x0000, 0x0000, 0x0000, 0x0000, 0x0000, 0x0000, 0x0000, 0x0000, 0x0000, 0x0000, 0x0000, 0x0000, 0x0000, 0x0000, 0x0000, 0x0000, 0x0000, 0x0000, 0x0000, 0x0000, 0x0000, 0x0000, 0x0000, 0x0000, 0x0000, 0x0000, 0x0000, 0x0000, 0x0000, 0x0000, 0x0000, 0x0000, 0x0000, 0x0000, 0x0000, 0x0000, 0x0000, 0x0000, 0x0000, 0x0000, 0x0000, 0x0000, },
    {0x0000, 0x0000, 0x0000, 0x0000, 0x0000, 0x0000, 0x0000, 0x0000, 0x0000, 0x0000, 0x0000, 0x0000, 0x0000, 0x0000, 0x0000, 0x0000, 0x0000, 0x0000, 0x0000, 0x0000, 0x0000, 0x0000, 0x0000, 0x0000, 0x0000, 0x0000, 0x0000, 0x0000, 0x0000, 0x0000, 0x0000, 0x0000, 0x0000, 0x0000, 0x0000, 0x0000, 0x0000, 0x0000, 0x0000, 0x0000, 0x0000, 0x0000, 0x0000, 0x0000, 0x0000, 0x0000, 0x0000, 0x0000, 0x0000, 0x0000, 0x0000, 0x0000, 0x0000, 0x0000, 0x0000, 0x0000, 0x0000, 0x0000, 0x0000, 0x0000, 0x0000, 0x0000, 0x0000, 0x0000, 0x0000, 0x0000, 0x0000, 0x0000, 0x0000, 0x0000, 0x0000, 0x0000, 0x0000, 0x0000, 0x0000, 0x0000, 0x0000, 0x0000, 0x0000, 0x0000, 0x0000, 0x0000, 0x0000, 0x0000, 0x0000, 0x0000, 0x0000, 0x0000, 0x0000, 0x0000, 0x0000, 0x0000, 0x0000, 0x0000, 0x0000, 0x0000, 0x0000, 0x0000, 0x0000, 0x0000, 0x0000, 0x0000, 0x0000, 0x0000, 0x0000, 0x0000, 0x0000, 0x0000, 0x0000, 0x0000, 0x0000, 0x0000, 0x0000, 0x0000, 0x0000, 0x0000, 0x0000, 0x0000, 0x0000, 0x0000, },
    {0x0000, 0x0000, 0x0000, 0x0000, 0x0000, 0x0000, 0x0000, 0x0000, 0x0000, 0x0000, 0x0000, 0x0000, 0x0000, 0x0000, 0x0000, 0x0000, 0x0000, 0x0000, 0x0000, 0x0000, 0x0000, 0x0000, 0x0000, 0x0000, 0x0000, 0x0000, 0x0000, 0x0000, 0x0000, 0x0000, 0x0000, 0x0000, 0x0000, 0x0000, 0x0000, 0x0000, 0x0000, 0x0000, 0x0000, 0x0000, 0x0000, 0x0000, 0x0000, 0x0000, 0x0000, 0x0000, 0x0000, 0x0000, 0x0000, 0x0000, 0x0000, 0x0000, 0x0000, 0x0000, 0x0000, 0x0000, 0x0000, 0x0000, 0x0000, 0x0000, 0x0000, 0x0000, 0x0000, 0x0000, 0x0000, 0x0000, 0x0000, 0x0000, 0x0000, 0x0000, 0x0000, 0x0000, 0x0000, 0x0000, 0x0000, 0x0000, 0x0000, 0x0000, 0x0000, 0x0000, 0x0000, 0x0000, 0x0000, 0x0000, 0x0000, 0x0000, 0x0000, 0x0000, 0x0000, 0x0000, 0x0000, 0x0000, 0x0000, 0x0000, 0x0000, 0x0000, 0x0000, 0x0000, 0x0000, 0x0000, 0x0000, 0x0000, 0x0000, 0x0000, 0x0000, 0x0000, 0x0000, 0x0000, 0x0000, 0x0000, 0x0000, 0x0000, 0x0000, 0x0000, 0x0000, 0x0000, 0x0000, 0x0000, 0x0000, 0x0000, },
    {0x0000, 0x0000, 0x0000, 0x0000, 0x0000, 0x0000, 0x0000, 0x0000, 0x0000, 0x0000, 0x0000, 0x0000, 0x0000, 0x0000, 0x0000, 0x0000, 0x0000, 0x0000, 0x0000, 0x0000, 0x0000, 0x0000, 0x0000, 0x0000, 0x0000, 0x0000, 0x0000, 0x0000, 0x0000, 0x0000, 0x0000, 0x0000, 0x0000, 0x0000, 0x0000, 0x0000, 0x0000, 0x0000, 0x0000, 0x0000, 0x0000, 0x0000, 0x0000, 0x0000, 0x0000, 0x0000, 0x0000, 0x0000, 0x0000, 0x0000, 0x0000, 0x0000, 0x0000, 0x0000, 0x0000, 0x0000, 0x0000, 0x0000, 0x0000, 0x0000, 0x0000, 0x0000, 0x0000, 0x0000, 0x0000, 0x0000, 0x0000, 0x0000, 0x0000, 0x0000, 0x0000, 0x0000, 0x0000, 0x0000, 0x0000, 0x0000, 0x0000, 0x0000, 0x0000, 0x0000, 0x0000, 0x0000, 0x0000, 0x0000, 0x0000, 0x0000, 0x0000, 0x0000, 0x0000, 0x0000, 0x0000, 0x0000, 0x0000, 0x0000, 0x0000, 0x0000, 0x0000, 0x0000, 0x0000, 0x0000, 0x0000, 0x0000, 0x0000, 0x0000, 0x0000, 0x0000, 0x0000, 0x0000, 0x0000, 0x0000, 0x0000, 0x0000, 0x0000, 0x0000, 0x0000, 0x0000, 0x0000, 0x0000, 0x0000, 0x0000, },
    {0x0000, 0x0000, 0x0000, 0x0000, 0x0000, 0x0000, 0x0000, 0x0000, 0x0000, 0x0000, 0x0000, 0x0000, 0x0000, 0x0000, 0x0000, 0x0000, 0x0000, 0x0000, 0x0000, 0x0000, 0x0000, 0x0000, 0x0000, 0x0000, 0x0000, 0x0000, 0x0000, 0x0000, 0x0000, 0x0000, 0x0000, 0x0000, 0x0000, 0x0000, 0x0000, 0x0000, 0x0000, 0x0000, 0x0000, 0x0000, 0x0000, 0x0000, 0x0000, 0x0000, 0x0000, 0x0000, 0x0000, 0x0000, 0x0000, 0x0000, 0x0000, 0x0000, 0x0000, 0x0000, 0x0000, 0x0000, 0x0000, 0x0000, 0x0000, 0x0000, 0x0000, 0x0000, 0x0000, 0x0000, 0x0000, 0x0000, 0x0000, 0x0000, 0x0000, 0x0000, 0x0000, 0x0000, 0x0000, 0x0000, 0x0000, 0x0000, 0x0000, 0x0000, 0x0000, 0x0000, 0x0000, 0x0000, 0x0000, 0x0000, 0x0000, 0x0000, 0x0000, 0x0000, 0x0000, 0x0000, 0x0000, 0x0000, 0x0000, 0x0000, 0x0000, 0x0000, 0x0000, 0x0000, 0x0000, 0x0000, 0x0000, 0x0000, 0x0000, 0x0000, 0x0000, 0x0000, 0x0000, 0x0000, 0x0000, 0x0000, 0x0000, 0x0000, 0x0000, 0x0000, 0x0000, 0x0000, 0x0000, 0x0000, 0x0000, 0x0000, },
    {0x0000, 0x0000, 0x0000, 0x0000, 0x0000, 0x0000, 0x0000, 0x0000, 0x0000, 0x0000, 0x0000, 0x0000, 0x0000, 0x0000, 0x0000, 0x0000, 0x0000, 0x0000, 0x0000, 0x0000, 0x0000, 0x0000, 0x0000, 0x0000, 0x0000, 0x0000, 0x0000, 0x0000, 0x0000, 0x0000, 0x0000, 0x0000, 0x0000, 0x0000, 0x0000, 0x0000, 0x0000, 0x0000, 0x0000, 0x0000, 0x0000, 0x0000, 0x0000, 0x0000, 0x0000, 0x0000, 0x0000, 0x0000, 0x0000, 0x0000, 0x0000, 0x0000, 0x0000, 0x0000, 0x0000, 0x0000, 0x0000, 0x0000, 0x0000, 0x0000, 0x0000, 0x0000, 0x0000, 0x0000, 0x0000, 0x0000, 0x0000, 0x0000, 0x0000, 0x0000, 0x0000, 0x0000, 0x0000, 0x0000, 0x0000, 0x0000, 0x0000, 0x0000, 0x0000, 0x0000, 0x0000, 0x0000, 0x0000, 0x0000, 0x0000, 0x0000, 0x0000, 0x0000, 0x0000, 0x0000, 0x0000, 0x0000, 0x0000, 0x0000, 0x0000, 0x0000, 0x0000, 0x0000, 0x0000, 0x0000, 0x0000, 0x0000, 0x0000, 0x0000, 0x0000, 0x0000, 0x0000, 0x0000, 0x0000, 0x0000, 0x0000, 0x0000, 0x0000, 0x0000, 0x0000, 0x0000, 0x0000, 0x0000, 0x0000, 0x0000, },
    {0x0000, 0x0000, 0x0000, 0x0000, 0x0000, 0x0000, 0x0000, 0x0000, 0x0000, 0x0000, 0x0000, 0x0000, 0x0000, 0x0000, 0x0000, 0x0000, 0x0000, 0x0000, 0x0000, 0x0000, 0x0000, 0x0000, 0x0000, 0x0000, 0x0000, 0x0000, 0x0000, 0x0000, 0x0000, 0x0000, 0x0000, 0x0000, 0x0000, 0x0000, 0x0000, 0x0000, 0x0000, 0x0000, 0x0000, 0x0000, 0x0000, 0x0000, 0x0000, 0x0000, 0x0000, 0x0000, 0x0000, 0x0000, 0x0000, 0x0000, 0x0000, 0x0000, 0x0000, 0x0000, 0x0000, 0x0000, 0x0000, 0x0000, 0x0000, 0x0000, 0x0000, 0x0000, 0x0000, 0x0000, 0x0000, 0x0000, 0x0000, 0x0000, 0x0000, 0x0000, 0x0000, 0x0000, 0x0000, 0x0000, 0x0000, 0x0000, 0x0000, 0x0000, 0x0000, 0x0000, 0x0000, 0x0000, 0x0000, 0x0000, 0x0000, 0x0000, 0x0000, 0x0000, 0x0000, 0x0000, 0x0000, 0x0000, 0x0000, 0x0000, 0x0000, 0x0000, 0x0000, 0x0000, 0x0000, 0x0000, 0x0000, 0x0000, 0x0000, 0x0000, 0x0000, 0x0000, 0x0000, 0x0000, 0x0000, 0x0000, 0x0000, 0x0000, 0x0000, 0x0000, 0x0000, 0x0000, 0x0000, 0x0000, 0x0000, 0x0000, },
    {0x0000, 0x0000, 0x0000, 0x0000, 0x0000, 0x0000, 0x0000, 0x0000, 0x0000, 0x0000, 0x0000, 0x0000, 0x0000, 0x0000, 0x0000, 0x0000, 0x0000, 0x0000, 0x0000, 0x0000, 0x0000, 0x0000, 0x0000, 0x0000, 0x0000, 0x0000, 0x0000, 0x0000, 0x0000, 0x0000, 0x0000, 0x0000, 0x0000, 0x0000, 0x0000, 0x0000, 0x0000, 0x0000, 0x0000, 0x0000, 0x0000, 0x0000, 0x0000, 0x0000, 0x0000, 0x0000, 0x0000, 0x0000, 0x0000, 0x0000, 0x0000, 0x0000, 0x0000, 0x0000, 0x0000, 0x0000, 0x0000, 0x0000, 0x0000, 0x0000, 0x0000, 0x0000, 0x0000, 0x0000, 0x0000, 0x0000, 0x0000, 0x0000, 0x0000, 0x0000, 0x0000, 0x0000, 0x0000, 0x0000, 0x0000, 0x0000, 0x0000, 0x0000, 0x0000, 0x0000, 0x0000, 0x0000, 0x0000, 0x0000, 0x0000, 0x0000, 0x0000, 0x0000, 0x0000, 0x0000, 0x0000, 0x0000, 0x0000, 0x0000, 0x0000, 0x0000, 0x0000, 0x0000, 0x0000, 0x0000, 0x0000, 0x0000, 0x0000, 0x0000, 0x0000, 0x0000, 0x0000, 0x0000, 0x0000, 0x0000, 0x0000, 0x0000, 0x0000, 0x0000, 0x0000, 0x0000, 0x0000, 0x0000, 0x0000, 0x0000, },
    {0x0000, 0x0000, 0x0000, 0x0000, 0x0000, 0x0000, 0x0000, 0x0000, 0x0000, 0x0000, 0x0000, 0x0000, 0x0000, 0x0000, 0x0000, 0x0000, 0x0000, 0x0000, 0x0000, 0x0000, 0x0000, 0x0000, 0x0000, 0x0000, 0x0000, 0x0000, 0x0000, 0x0000, 0x0000, 0x0000, 0x0000, 0x0000, 0x0000, 0x0000, 0x0000, 0x0000, 0x0000, 0x0000, 0x0000, 0x0000, 0x0000, 0x0000, 0x0000, 0x0000, 0x0000, 0x0000, 0x0000, 0x0000, 0x0000, 0x0000, 0x0000, 0x0000, 0x0000, 0x0000, 0x0000, 0x0000, 0x0000, 0x0000, 0x0000, 0x0000, 0x0000, 0x0000, 0x0000, 0x0000, 0x0000, 0x0000, 0x0000, 0x0000, 0x0000, 0x0000, 0x0000, 0x0000, 0x0000, 0x0000, 0x0000, 0x0000, 0x0000, 0x0000, 0x0000, 0x0000, 0x0000, 0x0000, 0x0000, 0x0000, 0x0000, 0x0000, 0x0000, 0x0000, 0x0000, 0x0000, 0x0000, 0x0000, 0x0000, 0x0000, 0x0000, 0x0000, 0x0000, 0x0000, 0x0000, 0x0000, 0x0000, 0x0000, 0x0000, 0x0000, 0x0000, 0x0000, 0x0000, 0x0000, 0x0000, 0x0000, 0x0000, 0x0000, 0x0000, 0x0000, 0x0000, 0x0000, 0x0000, 0x0000, 0x0000, 0x0000, },
    {0x0000, 0x0000, 0x0000, 0x0000, 0x0000, 0x0000, 0x0000, 0x0000, 0x0000, 0x0000, 0x0000, 0x0000, 0x0000, 0x0000, 0x0000, 0x0000, 0x0000, 0x0000, 0x0000, 0x0000, 0x0000, 0x0000, 0x0000, 0x0000, 0x0000, 0x0000, 0x0000, 0x0000, 0x0000, 0x0000, 0x0000, 0x0000, 0x0000, 0x0000, 0x0000, 0x0000, 0x0000, 0x0000, 0x0000, 0x0000, 0x0000, 0x0000, 0x0000, 0x0000, 0x0000, 0x0000, 0x0000, 0x0000, 0x0000, 0x0000, 0x0000, 0x0000, 0x0000, 0x0000, 0x0000, 0x0000, 0x0000, 0x0000, 0x0000, 0x0000, 0x0000, 0x0000, 0x0000, 0x0000, 0x0000, 0x0000, 0x0000, 0x0000, 0x0000, 0x0000, 0x0000, 0x0000, 0x0000, 0x0000, 0x0000, 0x0000, 0x0000, 0x0000, 0x0000, 0x0000, 0x0000, 0x0000, 0x0000, 0x0000, 0x0000, 0x0000, 0x0000, 0x0000, 0x0000, 0x0000, 0x0000, 0x0000, 0x0000, 0x0000, 0x0000, 0x0000, 0x0000, 0x0000, 0x0000, 0x0000, 0x0000, 0x0000, 0x0000, 0x0000, 0x0000, 0x0000, 0x0000, 0x0000, 0x0000, 0x0000, 0x0000, 0x0000, 0x0000, 0x0000, 0x0000, 0x0000, 0x0000, 0x0000, 0x0000, 0x0000, },
    {0x0000, 0x0000, 0x0000, 0x0000, 0x0000, 0x0000, 0x0000, 0x0000, 0x0000, 0x0000, 0x0000, 0x0000, 0x0000, 0x0000, 0x0000, 0x0000, 0x0000, 0x0000, 0x0000, 0x0000, 0x0000, 0x0000, 0x0000, 0x0000, 0x0000, 0x0000, 0x0000, 0x0000, 0x0000, 0x0000, 0x0000, 0x0000, 0x0000, 0x0000, 0x0000, 0x0000, 0x0000, 0x0000, 0x0000, 0x0000, 0x0000, 0x0000, 0x0000, 0x0000, 0x0000, 0x0000, 0x0000, 0x0000, 0x0000, 0x0000, 0x0000, 0x0000, 0x0000, 0x0000, 0x0000, 0x0000, 0x0000, 0x0000, 0x0000, 0x0000, 0x0000, 0x0000, 0x0000, 0x0000, 0x0000, 0x0000, 0x0000, 0x0000, 0x0000, 0x0000, 0x0000, 0x0000, 0x0000, 0x0000, 0x0000, 0x0000, 0x0000, 0x0000, 0x0000, 0x0000, 0x0000, 0x0000, 0x0000, 0x0000, 0x0000, 0x0000, 0x0000, 0x0000, 0x0000, 0x0000, 0x0000, 0x0000, 0x0000, 0x0000, 0x0000, 0x0000, 0x0000, 0x0000, 0x0000, 0x0000, 0x0000, 0x0000, 0x0000, 0x0000, 0x0000, 0x0000, 0x0000, 0x0000, 0x0000, 0x0000, 0x0000, 0x0000, 0x0000, 0x0000, 0x0000, 0x0000, 0x0000, 0x0000, 0x0000, 0x0000, },
    {0x0000, 0x0000, 0x0000, 0x0000, 0x0000, 0x0000, 0x0000, 0x0000, 0x0000, 0x0000, 0x0000, 0x0000, 0x0000, 0x0000, 0x0000, 0x0000, 0x0000, 0x0000, 0x0000, 0x0000, 0x0000, 0x0000, 0x0000, 0x0000, 0x0000, 0x0000, 0x0000, 0x0000, 0x0000, 0x0000, 0x0000, 0x0000, 0x0000, 0x0000, 0x0000, 0x0000, 0x0000, 0x0000, 0x0000, 0x0000, 0x0000, 0x0000, 0x0000, 0x0000, 0x0000, 0x0000, 0x0000, 0x0000, 0x0000, 0x0000, 0x0000, 0x0000, 0x0000, 0x0000, 0x0000, 0x0000, 0x0000, 0x0000, 0x0000, 0x0000, 0x0000, 0x0000, 0x0000, 0x0000, 0x0000, 0x0000, 0x0000, 0x0000, 0x0000, 0x0000, 0x0000, 0x0000, 0x0000, 0x0000, 0x0000, 0x0000, 0x0000, 0x0000, 0x0000, 0x0000, 0x0000, 0x0000, 0x0000, 0x0000, 0x0000, 0x0000, 0x0000, 0x0000, 0x0000, 0x0000, 0x0000, 0x0000, 0x0000, 0x0000, 0x0000, 0x0000, 0x0000, 0x0000, 0x0000, 0x0000, 0x0000, 0x0000, 0x0001, 0x0001, 0x0001, 0x0001, 0x0001, 0x0001, 0x0001, 0x0001, 0x0001, 0x0000, 0x0000, 0x0000, 0x0000, 0x0000, 0x0000, 0x0000, 0x0000, 0x0000, },
    {0x0000, 0x0000, 0x0000, 0x0000, 0x0000, 0x0000, 0x0000, 0x0000, 0x0000, 0x0000, 0x0000, 0x0000, 0x0000, 0x0000, 0x0000, 0x0000, 0x0000, 0x0000, 0x0000, 0x0000, 0x0000, 0x0000, 0x0000, 0x0000, 0x0000, 0x0000, 0x0000, 0x0000, 0x0000, 0x0000, 0x0000, 0x0000, 0x0000, 0x0000, 0x0000, 0x0000, 0x0000, 0x0000, 0x0000, 0x0000, 0x0000, 0x0000, 0x0000, 0x0000, 0x0000, 0x0000, 0x0000, 0x0000, 0x0000, 0x0000, 0x0000, 0x0000, 0x0000, 0x0000, 0x0000, 0x0000, 0x0000, 0x0000, 0x0000, 0x0000, 0x0000, 0x0000, 0x0000, 0x0000, 0x0000, 0x0000, 0x0000, 0x0000, 0x0000, 0x0000, 0x0000, 0x0000, 0x0000, 0x0000, 0x0000, 0x0000, 0x0000, 0x0000, 0x0000, 0x0000, 0x0000, 0x0000, 0x0000, 0x0000, 0x0000, 0x0000, 0x0000, 0x0000, 0x0000, 0x0000, 0x0000, 0x0000, 0x0000, 0x0000, 0x0000, 0x0000, 0x0000, 0x0000, 0x0000, 0x0000, 0x0001, 0x0001, 0x0001, 0x0001, 0x0001, 0x0001, 0x0001, 0x0001, 0x0001, 0x0001, 0x0001, 0x0001, 0x0001, 0x0000, 0x0000, 0x0000, 0x0000, 0x0000, 0x0000, 0x0000, },
    {0x0000, 0x0000, 0x0000, 0x0000, 0x0000, 0x0000, 0x0000, 0x0000, 0x0000, 0x0000, 0x0000, 0x0000, 0x0000, 0x0000, 0x0000, 0x0000, 0x0000, 0x0000, 0x0000, 0x0000, 0x0000, 0x0000, 0x0000, 0x0000, 0x0000, 0x0000, 0x0000, 0x0000, 0x0000, 0x0000, 0x0000, 0x0000, 0x0000, 0x0000, 0x0000, 0x0000, 0x0000, 0x0000, 0x0000, 0x0000, 0x0000, 0x0000, 0x0000, 0x0000, 0x0000, 0x0000, 0x0000, 0x0000, 0x0000, 0x0000, 0x0000, 0x0000, 0x0000, 0x0000, 0x0000, 0x0000, 0x0000, 0x0000, 0x0000, 0x0000, 0x0000, 0x0000, 0x0000, 0x0000, 0x0000, 0x0000, 0x0000, 0x0000, 0x0000, 0x0000, 0x0000, 0x0000, 0x0000, 0x0000, 0x0000, 0x0000, 0x0000, 0x0000, 0x0000, 0x0000, 0x0000, 0x0000, 0x0000, 0x0000, 0x0000, 0x0000, 0x0000, 0x0000, 0x0000, 0x0000, 0x0000, 0x0000, 0x0000, 0x0000, 0x0000, 0x0000, 0x0000, 0x0000, 0x0001, 0x0001, 0x0001, 0x0001, 0x0001, 0xffff, 0xffff, 0xffff, 0xffff, 0xffff, 0xffff, 0xffff, 0x0001, 0x0001, 0x0001, 0x0001, 0x0001, 0x0000, 0x0000, 0x0000, 0x0000, 0x0000, },
    {0x0000, 0x0000, 0x0000, 0x0000, 0x0000, 0x0000, 0x0000, 0x0000, 0x0000, 0x0000, 0x0000, 0x0000, 0x0000, 0x0000, 0x0000, 0x0000, 0x0000, 0x0000, 0x0000, 0x0000, 0x0000, 0x0000, 0x0000, 0x0000, 0x0000, 0x0000, 0x0000, 0x0000, 0x0000, 0x0000, 0x0000, 0x0000, 0x0000, 0x0000, 0x0000, 0x0000, 0x0000, 0x0000, 0x0000, 0x0000, 0x0000, 0x0000, 0x0000, 0x0000, 0x0000, 0x0000, 0x0000, 0x0000, 0x0000, 0x0000, 0x0000, 0x0000, 0x0000, 0x0000, 0x0000, 0x0000, 0x0000, 0x0000, 0x0000, 0x0000, 0x0000, 0x0000, 0x0000, 0x0000, 0x0000, 0x0000, 0x0000, 0x0000, 0x0000, 0x0000, 0x0000, 0x0000, 0x0000, 0x0000, 0x0000, 0x0000, 0x0000, 0x0000, 0x0000, 0x0000, 0x0000, 0x0000, 0x0000, 0x0000, 0x0000, 0x0000, 0x0000, 0x0000, 0x0000, 0x0000, 0x0000, 0x0000, 0x0000, 0x0000, 0x0000, 0x0000, 0x0000, 0x0001, 0x0001, 0x0001, 0x0001, 0xffff, 0xffff, 0xffff, 0xffff, 0xffff, 0x0001, 0xffff, 0xffff, 0xffff, 0xffff, 0xffff, 0x0001, 0x0001, 0x0001, 0x0001, 0x0000, 0x0000, 0x0000, 0x0000, },
    {0x0000, 0x0000, 0x0000, 0x0000, 0x0000, 0x0000, 0x0000, 0x0000, 0x0000, 0x0000, 0x0000, 0x0000, 0x0000, 0x0000, 0x0000, 0x0000, 0x0000, 0x0000, 0x0000, 0x0000, 0x0000, 0x0000, 0x0000, 0x0000, 0x0000, 0x0000, 0x0000, 0x0000, 0x0000, 0x0000, 0x0000, 0x0000, 0x0000, 0x0000, 0x0000, 0x0000, 0x0000, 0x0000, 0x0000, 0x0000, 0x0000, 0x0000, 0x0000, 0x0000, 0x0000, 0x0000, 0x0000, 0x0000, 0x0000, 0x0000, 0x0000, 0x0000, 0x0000, 0x0000, 0x0000, 0x0000, 0x0000, 0x0000, 0x0000, 0x0000, 0x0000, 0x0000, 0x0000, 0x0000, 0x0000, 0x0000, 0x0000, 0x0000, 0x0000, 0x0000, 0x0000, 0x0000, 0x0000, 0x0000, 0x0000, 0x0000, 0x0000, 0x0000, 0x0000, 0x0000, 0x0000, 0x0000, 0x0000, 0x0000, 0x0000, 0x0000, 0x0000, 0x0000, 0x0000, 0x0000, 0x0000, 0x0000, 0x0000, 0x0000, 0x0000, 0x0000, 0x0001, 0x0001, 0x0001, 0xffff, 0xffff, 0x0001, 0xffff, 0xffff, 0xffff, 0xffff, 0xffff, 0xffff, 0xffff, 0xffff, 0xffff, 0x0001, 0xffff, 0xffff, 0x0001, 0x0001, 0x0001, 0x0000, 0x0000, 0x0000, },
    {0x0000, 0x0000, 0x0000, 0x0000, 0x0000, 0x0000, 0x0000, 0x0000, 0x0000, 0x0000, 0x0000, 0x0000, 0x0000, 0x0000, 0x0000, 0x0000, 0x0000, 0x0000, 0x0000, 0x0000, 0x0000, 0x0000, 0x0000, 0x0000, 0x0000, 0x0000, 0x0000, 0x0000, 0x0000, 0x0000, 0x0000, 0x0000, 0x0000, 0x0000, 0x0000, 0x0000, 0x0000, 0x0000, 0x0000, 0x0000, 0x0000, 0x0000, 0x0000, 0x0000, 0x0000, 0x0000, 0x0000, 0x0000, 0x0000, 0x0000, 0x0000, 0x0000, 0x0000, 0x0000, 0x0000, 0x0000, 0x0000, 0x0000, 0x0000, 0x0000, 0x0000, 0x0000, 0x0000, 0x0000, 0x0000, 0x0000, 0x0000, 0x0000, 0x0000, 0x0000, 0x0000, 0x0000, 0x0000, 0x0000, 0x0000, 0x0000, 0x0000, 0x0000, 0x0000, 0x0000, 0x0000, 0x0000, 0x0000, 0x0000, 0x0000, 0x0000, 0x0000, 0x0000, 0x0000, 0x0000, 0x0000, 0x0000, 0x0000, 0x0000, 0x0000, 0x0001, 0x0001, 0x0001, 0xffff, 0xffff, 0xffff, 0xffff, 0xffff, 0xffff, 0xffff, 0xffff, 0xffff, 0xffff, 0xffff, 0xffff, 0xffff, 0xffff, 0xffff, 0xffff, 0xffff, 0x0001, 0x0001, 0x0001, 0x0000, 0x0000, },
    {0x0000, 0x0000, 0x0000, 0x0000, 0x0000, 0x0000, 0x0000, 0x0000, 0x0000, 0x0000, 0x0000, 0x0000, 0x0000, 0x0000, 0x0000, 0x0000, 0x0000, 0x0000, 0x0000, 0x0000, 0x0000, 0x0000, 0x0000, 0x0000, 0x0000, 0x0000, 0x0000, 0x0000, 0x0000, 0x0000, 0x0000, 0x0000, 0x0000, 0x0000, 0x0000, 0x0000, 0x0000, 0x0000, 0x0000, 0x0000, 0x0000, 0x0000, 0x0000, 0x0000, 0x0000, 0x0000, 0x0000, 0x0000, 0x0000, 0x0000, 0x0000, 0x0000, 0x0000, 0x0000, 0x0000, 0x0000, 0x0000, 0x0000, 0x0000, 0x0000, 0x0000, 0x0000, 0x0000, 0x0000, 0x0000, 0x0000, 0x0000, 0x0000, 0x0000, 0x0000, 0x0000, 0x0000, 0x0000, 0x0000, 0x0000, 0x0000, 0x0000, 0x0000, 0x0000, 0x0000, 0x0000, 0x0000, 0x0000, 0x0000, 0x0000, 0x0000, 0x0000, 0x0000, 0x0000, 0x0000, 0x0000, 0x0000, 0x0000, 0x0000, 0x0000, 0x0001, 0x0001, 0xffff, 0xffff, 0xffff, 0xffff, 0xffff, 0xffff, 0xffff, 0xffff, 0xffff, 0xffff, 0xffff, 0xffff, 0xffff, 0xffff, 0xffff, 0xffff, 0xffff, 0xffff, 0xffff, 0x0001, 0x0001, 0x0000, 0x0000, },
    {0x0000, 0x0000, 0x0000, 0x0000, 0x0000, 0x0000, 0x0000, 0x0000, 0x0000, 0x0000, 0x0000, 0x0000, 0x0000, 0x0000, 0x0000, 0x0000, 0x0000, 0x0000, 0x0000, 0x0000, 0x0000, 0x0000, 0x0000, 0x0000, 0x0000, 0x0000, 0x0000, 0x0000, 0x0000, 0x0000, 0x0000, 0x0000, 0x0000, 0x0000, 0x0000, 0x0000, 0x0000, 0x0000, 0x0000, 0x0000, 0x0000, 0x0000, 0x0000, 0x0000, 0x0000, 0x0000, 0x0000, 0x0000, 0x0000, 0x0000, 0x0000, 0x0000, 0x0000, 0x0000, 0x0000, 0x0000, 0x0000, 0x0000, 0x0000, 0x0000, 0x0000, 0x0000, 0x0000, 0x0000, 0x0000, 0x0000, 0x0000, 0x0000, 0x0000, 0x0000, 0x0000, 0x0000, 0x0000, 0x0000, 0x0000, 0x0000, 0x0000, 0x0000, 0x0000, 0x0000, 0x0000, 0x0000, 0x0000, 0x0000, 0x0000, 0x0000, 0x0000, 0x0000, 0x0000, 0x0000, 0x0000, 0x0000, 0x0000, 0x0000, 0x0001, 0x0001, 0x0001, 0xffff, 0xffff, 0xffff, 0xffff, 0xffff, 0xffff, 0xffff, 0xffff, 0xffff, 0xffff, 0xffff, 0xffff, 0xffff, 0xffff, 0xffff, 0xffff, 0xffff, 0xffff, 0xffff, 0x0001, 0x0001, 0x0001, 0x0000, },
    {0x0000, 0x0000, 0x0000, 0x0000, 0x0000, 0x0000, 0x0000, 0x0000, 0x0000, 0x0000, 0x0000, 0x0000, 0x0000, 0x0000, 0x0000, 0x0000, 0x0000, 0x0000, 0x0000, 0x0000, 0x0000, 0x0000, 0x0000, 0x0000, 0x0000, 0x0000, 0x0000, 0x0000, 0x0000, 0x0000, 0x0000, 0x0000, 0x0000, 0x0000, 0x0000, 0x0000, 0x0000, 0x0000, 0x0000, 0x0000, 0x0000, 0x0000, 0x0000, 0x0000, 0x0000, 0x0000, 0x0000, 0x0000, 0x0000, 0x0000, 0x0000, 0x0000, 0x0000, 0x0000, 0x0000, 0x0000, 0x0000, 0x0000, 0x0000, 0x0000, 0x0000, 0x0000, 0x0000, 0x0000, 0x0000, 0x0000, 0x0000, 0x0000, 0x0000, 0x0000, 0x0000, 0x0000, 0x0000, 0x0000, 0x0000, 0x0000, 0x0000, 0x0000, 0x0000, 0x0000, 0x0000, 0x0000, 0x0000, 0x0000, 0x0000, 0x0000, 0x0000, 0x0000, 0x0000, 0x0000, 0x0000, 0x0000, 0x0000, 0x0000, 0x0001, 0x0001, 0xffff, 0x0001, 0xffff, 0xffff, 0xffff, 0xffff, 0xffff, 0xffff, 0xffff, 0xffff, 0xffff, 0xffff, 0xffff, 0xffff, 0xffff, 0xffff, 0xffff, 0xffff, 0xffff, 0x0001, 0xffff, 0x0001, 0x0001, 0x0000, },
    {0x0000, 0x0000, 0x0000, 0x0000, 0x0000, 0x0000, 0x0000, 0x0000, 0x0000, 0x0000, 0x0000, 0x0000, 0x0000, 0x0000, 0x0000, 0x0000, 0x0000, 0x0000, 0x0000, 0x0000, 0x0000, 0x0000, 0x0000, 0x0000, 0x0000, 0x0000, 0x0000, 0x0000, 0x0000, 0x0000, 0x0000, 0x0000, 0x0000, 0x0000, 0x0000, 0x0000, 0x0000, 0x0000, 0x0000, 0x0000, 0x0000, 0x0000, 0x0000, 0x0000, 0x0000, 0x0000, 0x0000, 0x0000, 0x0000, 0x0000, 0x0000, 0x0000, 0x0000, 0x0000, 0x0000, 0x0000, 0x0000, 0x0000, 0x0000, 0x0000, 0x0000, 0x0000, 0x0000, 0x0000, 0x0000, 0x0000, 0x0000, 0x0000, 0x0000, 0x0000, 0x0000, 0x0000, 0x0000, 0x0000, 0x0000, 0x0000, 0x0000, 0x0000, 0x0000, 0x0000, 0x0000, 0x0000, 0x0000, 0x0000, 0x0000, 0x0000, 0x0000, 0x0000, 0x0000, 0x0000, 0x0000, 0x0000, 0x0000, 0x0001, 0x0001, 0x0001, 0xffff, 0xffff, 0xffff, 0xffff, 0xffff, 0xffff, 0xffff, 0xffff, 0xffff, 0xffff, 0xffff, 0xffff, 0xffff, 0xffff, 0xffff, 0xffff, 0xffff, 0xffff, 0xffff, 0xffff, 0xffff, 0x0001, 0x0001, 0x0001, },
    {0x0000, 0x0000, 0x0000, 0x0000, 0x0000, 0x0000, 0x0000, 0x0000, 0x0000, 0x0000, 0x0000, 0x0000, 0x0000, 0x0000, 0x0000, 0x0000, 0x0000, 0x0000, 0x0000, 0x0000, 0x0000, 0x0000, 0x0000, 0x0000, 0x0000, 0x0000, 0x0000, 0x0000, 0x0000, 0x0000, 0x0000, 0x0000, 0x0000, 0x0000, 0x0000, 0x0000, 0x0000, 0x0000, 0x0000, 0x0000, 0x0000, 0x0000, 0x0000, 0x0000, 0x0000, 0x0000, 0x0000, 0x0000, 0x0000, 0x0000, 0x0000, 0x0000, 0x0000, 0x0000, 0x0000, 0x0000, 0x0000, 0x0000, 0x0000, 0x0000, 0x0000, 0x0000, 0x0000, 0x0000, 0x0000, 0x0000, 0x0000, 0x0000, 0x0000, 0x0000, 0x0000, 0x0000, 0x0000, 0x0000, 0x0000, 0x0000, 0x0000, 0x0000, 0x0000, 0x0000, 0x0000, 0x0000, 0x0000, 0x0000, 0x0000, 0x0000, 0x0000, 0x0000, 0x0000, 0x0000, 0x0000, 0x0000, 0x0000, 0x0001, 0x0001, 0xffff, 0xffff, 0xffff, 0xffff, 0xffff, 0xffff, 0xffff, 0xffff, 0xffff, 0xffff, 0xffff, 0xffff, 0xffff, 0xffff, 0xffff, 0xffff, 0xffff, 0xffff, 0xffff, 0xffff, 0xffff, 0xffff, 0xffff, 0x0001, 0x0001, },
    {0x0000, 0x0000, 0x0000, 0x0000, 0x0000, 0x0000, 0x0000, 0xfd60, 0x0000, 0x0000, 0x0000, 0x0000, 0x0000, 0x0000, 0xfd60, 0x0000, 0x0000, 0x0000, 0x0000, 0x0000, 0x0000, 0x0000, 0x0000, 0x0000, 0x0000, 0x0000, 0x0000, 0x0000, 0x0000, 0x0000, 0x0000, 0x0000, 0x0000, 0x0000, 0x0000, 0x0000, 0x0000, 0x0000, 0x0000, 0x0000, 0x0000, 0x0000, 0x549e, 0x0000, 0x0000, 0x0000, 0x0000, 0x0000, 0x0000, 0xffe0, 0x0000, 0x0000, 0xf800, 0xf800, 0x0000, 0xf800, 0xf800, 0x0000, 0x0000, 0x0000, 0xf800, 0x0000, 0x0000, 0x0000, 0xf800, 0x0000, 0x0000, 0x0000, 0x0000, 0x0000, 0x0000, 0x0000, 0x0000, 0x0000, 0x0000, 0x0000, 0x0000, 0x0000, 0x0000, 0x0000, 0x0000, 0x0000, 0x0000, 0x0000, 0x0000, 0x0000, 0x0000, 0x0000, 0x0000, 0x0000, 0x0000, 0x0000, 0x0000, 0x0001, 0x0001, 0xffff, 0xffff, 0xffff, 0xffff, 0xffff, 0xffff, 0xffff, 0xffff, 0xffff, 0xffff, 0xffff, 0xffff, 0xffff, 0xffff, 0xffff, 0xffff, 0xffff, 0xffff, 0xffff, 0xffff, 0xffff, 0xffff, 0xffff, 0x0001, 0x0001, },
    {0xfd60, 0x0000, 0x0000, 0x0000, 0x0000, 0x0000, 0x0000, 0xfd60, 0x0000, 0x0000, 0x0000, 0x0000, 0x0000, 0xfd60, 0x0000, 0x0000, 0x0000, 0x0000, 0x0000, 0x0000, 0x0000, 0x0000, 0x0000, 0x0000, 0x0000, 0x0000, 0x0000, 0x0000, 0x0000, 0x0000, 0x0000, 0x0000, 0x0000, 0x0000, 0xffff, 0xffff, 0xffff, 0xffff, 0x0000, 0x0000, 0x549e, 0x0000, 0x549e, 0x0000, 0x549e, 0x0000, 0x0000, 0x0000, 0xffe0, 0x0000, 0xf800, 0x0000, 0x0000, 0xf800, 0xf800, 0xf800, 0x0000, 0x0000, 0xf800, 0x0000, 0x0000, 0xf800, 0x0000, 0xf800, 0x0000, 0x0000, 0x0000, 0x0000, 0x0000, 0x0000, 0x0000, 0x0000, 0x0000, 0x0000, 0x0000, 0x0000, 0x0000, 0x0000, 0x0000, 0x0000, 0x0000, 0x0000, 0x0000, 0x0000, 0x0000, 0x0000, 0x0000, 0x0000, 0x0000, 0x0000, 0x0000, 0x0000, 0x0000, 0x0001, 0x0001, 0xffff, 0xffff, 0xffff, 0xffff, 0xffff, 0xffff, 0xffff, 0xffff, 0xffff, 0xffff, 0xffff, 0xffff, 0xffff, 0xffff, 0xffff, 0xffff, 0xffff, 0xffff, 0xffff, 0xffff, 0xffff, 0xffff, 0xffff, 0x0001, 0x0001, },
    {0x0000, 0xfd60, 0x0000, 0x0000, 0x0000, 0x0000, 0x0000, 0xfd60, 0x0000, 0x0000, 0x0000, 0x0000, 0xfd60, 0x0000, 0x0000, 0x0000, 0x0000, 0x0000, 0x0000, 0x0000, 0x0000, 0x232f, 0x232f, 0x232f, 0x232f, 0x0000, 0x0000, 0x0000, 0x0000, 0x0000, 0x0000, 0x0000, 0x0000, 0xffff, 0xffff, 0xffff, 0xffff, 0xffff, 0xffff, 0x0000, 0x0000, 0x549e, 0x549e, 0x549e, 0x0000, 0x0000, 0x0000, 0xffe0, 0x0000, 0x0000, 0xf800, 0xf800, 0x0000, 0x0000, 0xf800, 0x0000, 0x0000, 0xf800, 0x0000, 0xf800, 0x0000, 0x0000, 0xf800, 0x0000, 0x0000, 0xf800, 0x0000, 0x0000, 0x0000, 0x0000, 0x0000, 0x0000, 0x0000, 0x0000, 0x0000, 0x0000, 0x0000, 0x0001, 0x0001, 0x0001, 0x0001, 0x0001, 0x0001, 0x0000, 0x0000, 0x0000, 0x0000, 0x0000, 0x0000, 0x0000, 0x0000, 0x0000, 0x0000, 0x0001, 0x0001, 0xffff, 0x0001, 0xffff, 0xffff, 0xffff, 0xffff, 0xffff, 0xffff, 0xffff, 0xffff, 0xffff, 0x0001, 0xffff, 0xffff, 0xffff, 0xffff, 0xffff, 0xffff, 0xffff, 0xffff, 0xffff, 0x0001, 0xffff, 0x0001, 0x0001, },
    {0x0000, 0x0000, 0xfd60, 0x0000, 0x0000, 0x0000, 0x0000, 0x0000, 0x0000, 0x0000, 0x0000, 0x0000, 0x0000, 0x0000, 0x0000, 0x0000, 0x0000, 0x0000, 0x0000, 0x232f, 0x232f, 0x232f, 0x767d, 0x767d, 0x232f, 0x232f, 0x232f, 0x0000, 0x0000, 0x0000, 0x0000, 0x0000, 0x0000, 0xffff, 0x0000, 0xffff, 0xffff, 0x0000, 0xffff, 0x0000, 0x549e, 0x0000, 0x549e, 0x0000, 0x549e, 0x0000, 0xffe0, 0xffe0, 0xffe0, 0x0000, 0x0000, 0xf800, 0xf800, 0x0000, 0x0000, 0x0000, 0xf800, 0xf800, 0x0000, 0x0000, 0xf800, 0x0000, 0x0000, 0x0000, 0xf800, 0x0000, 0x0000, 0x0000, 0x0000, 0x0000, 0x0000, 0x0000, 0x0000, 0x0000, 0x0000, 0x0000, 0x0000, 0x0001, 0xffff, 0xffff, 0xffff, 0xffff, 0x0001, 0x0000, 0x0000, 0x0000, 0x0000, 0x0000, 0x0000, 0x0000, 0x0000, 0x0000, 0x0000, 0x0001, 0x0001, 0xffff, 0xffff, 0xffff, 0xffff, 0xffff, 0xffff, 0xffff, 0xffff, 0xffff, 0xffff, 0xffff, 0xffff, 0xffff, 0xffff, 0xffff, 0xffff, 0xffff, 0xffff, 0xffff, 0xffff, 0xffff, 0xffff, 0xffff, 0x0001, 0x0001, },
    {0x0000, 0x0000, 0x0000, 0x0000, 0x0000, 0x0000, 0xfd60, 0xfd60, 0xfd60, 0xfd60, 0x0000, 0x0000, 0x0000, 0x0000, 0x0000, 0x0000, 0x0000, 0x0000, 0x232f, 0x767d, 0x767d, 0x232f, 0x767d, 0x767d, 0x232f, 0x767d, 0x767d, 0x232f, 0x0000, 0x0000, 0x0000, 0x0000, 0xfc67, 0xfc67, 0xfc67, 0xffff, 0xffff, 0xffff, 0xffff, 0x0000, 0x0000, 0x0000, 0x549e, 0x0000, 0x0000, 0x0000, 0x0000, 0xffe0, 0xffe0, 0xffe0, 0xf800, 0xf800, 0x0000, 0x0000, 0x0000, 0xf800, 0xf800, 0x0000, 0x0000, 0xf800, 0x0000, 0x0000, 0x0000, 0xf800, 0x0000, 0x0000, 0x0000, 0x0000, 0x0000, 0x0000, 0x0000, 0x0000, 0x0000, 0x0000, 0x0000, 0x0000, 0x0001, 0x0001, 0x0001, 0x0001, 0x0001, 0x0001, 0x0001, 0x0001, 0x0000, 0x0000, 0xf800, 0xf800, 0xf800, 0xf800, 0xf800, 0xf800, 0x0000, 0x0001, 0x0001, 0xffff, 0xffff, 0xffff, 0xffff, 0xffff, 0xffff, 0xffff, 0xffff, 0xffff, 0xffff, 0xffff, 0xffff, 0xffff, 0xffff, 0xffff, 0xffff, 0xffff, 0xffff, 0xffff, 0xffff, 0xffff, 0xffff, 0xffff, 0x0001, 0x0001, },
    {0x0000, 0x0000, 0x0000, 0x0000, 0x0000, 0xfd60, 0xfd60, 0xfd60, 0xfd60, 0xfd60, 0xfd60, 0x0000, 0x0000, 0x0000, 0x0000, 0x0000, 0x0000, 0x232f, 0x767d, 0x767d, 0x232f, 0x767d, 0x767d, 0x767d, 0x767d, 0x232f, 0x767d, 0x767d, 0x232f, 0x0000, 0x0000, 0x0000, 0x0000, 0xffff, 0xffff, 0x0000, 0xffff, 0xffff, 0xffff, 0x0000, 0x0000, 0x0000, 0x0000, 0x0000, 0x0000, 0x0000, 0x0000, 0x0000, 0xffe0, 0x0000, 0xf800, 0x0000, 0x0000, 0xf800, 0x0000, 0x0000, 0xf800, 0xf800, 0xf800, 0x0000, 0x0000, 0xf800, 0x0000, 0x0000, 0xf800, 0x0000, 0x0000, 0x0000, 0x0000, 0x0000, 0x0000, 0x0000, 0x0000, 0x0000, 0x0000, 0x0001, 0xffff, 0xffff, 0xffff, 0xffff, 0xffff, 0xffff, 0xffff, 0xffff, 0x0001, 0xf800, 0x0000, 0x0000, 0x0000, 0x0000, 0x0000, 0x0000, 0xf800, 0x0001, 0x0001, 0xffff, 0xffff, 0xffff, 0xffff, 0xffff, 0xffff, 0xffff, 0xffff, 0xffff, 0xffff, 0xffff, 0xffff, 0xffff, 0xffff, 0xffff, 0xffff, 0xffff, 0xffff, 0xffff, 0xffff, 0xffff, 0xffff, 0xffff, 0x0001, 0x0001, },
    {0x0000, 0x0000, 0x0000, 0x0000, 0xfd60, 0xfd60, 0xfd60, 0xfd60, 0xfd60, 0xfd60, 0xfd60, 0xfd60, 0x0000, 0x0000, 0x0000, 0x0000, 0x0000, 0x232f, 0x767d, 0x767d, 0x232f, 0x767d, 0x767d, 0x767d, 0x767d, 0x232f, 0x767d, 0x767d, 0x232f, 0x0000, 0x0000, 0x0000, 0x0000, 0x0000, 0xffff, 0xffff, 0xffff, 0xffff, 0x0000, 0x0000, 0x0000, 0x0000, 0x0000, 0x0000, 0x0000, 0x0000, 0x0000, 0xffe0, 0x0000, 0x0000, 0x0000, 0x0000, 0xf800, 0xf800, 0xf800, 0x0000, 0x0000, 0xf800, 0x0000, 0x0000, 0xf800, 0x0000, 0xf800, 0x0000, 0x0000, 0xf800, 0x0000, 0x0000, 0x0000, 0x0000, 0x0000, 0x0000, 0x0000, 0x0000, 0x0000, 0x0001, 0xffff, 0xffff, 0xffff, 0xffff, 0xffff, 0xffff, 0xffff, 0xffff, 0x0001, 0x0000, 0x0000, 0xf800, 0xf800, 0xf800, 0xf800, 0x0000, 0x0000, 0x0001, 0x0001, 0x0001, 0xffff, 0xffff, 0xffff, 0xffff, 0xffff, 0xffff, 0xffff, 0xffff, 0xffff, 0xffff, 0xffff, 0xffff, 0xffff, 0xffff, 0xffff, 0xffff, 0xffff, 0xffff, 0xffff, 0xffff, 0xffff, 0x0001, 0x0001, 0x0001, },
    {0x0000, 0x0000, 0x0000, 0x0000, 0xfd60, 0xfd60, 0xfd60, 0xfd60, 0xfd60, 0xfd60, 0xfd60, 0xfd60, 0x0000, 0xfd60, 0xfd60, 0xfd60, 0x232f, 0x767d, 0x767d, 0x767d, 0x232f, 0x767d, 0x767d, 0x767d, 0x767d, 0x232f, 0x767d, 0x767d, 0x767d, 0x232f, 0x0000, 0x0000, 0x0000, 0xffff, 0xffff, 0xffff, 0xffff, 0xffff, 0xffff, 0x0000, 0x0000, 0x0000, 0x0000, 0x0000, 0x0000, 0x0000, 0xffe0, 0x0000, 0x0000, 0x0000, 0x0000, 0xf800, 0xf800, 0x0000, 0xf800, 0xf800, 0x0000, 0x0000, 0x0000, 0xf800, 0x0000, 0x0000, 0x0000, 0xf800, 0x0000, 0x0000, 0x0000, 0x0000, 0x0000, 0x0000, 0x0000, 0x0000, 0x0000, 0x0000, 0x0000, 0x0001, 0xffff, 0xffff, 0xffff, 0xffff, 0xffff, 0xffff, 0xffff, 0xffff, 0x0001, 0x0000, 0xf800, 0x0000, 0x0000, 0x0000, 0x0000, 0xf800, 0x0000, 0x0000, 0x0001, 0x0001, 0xffff, 0x0001, 0xffff, 0xffff, 0xffff, 0xffff, 0xffff, 0xffff, 0xffff, 0xffff, 0xffff, 0xffff, 0xffff, 0xffff, 0xffff, 0xffff, 0xffff, 0xffff, 0xffff, 0x0001, 0xffff, 0x0001, 0x0001, 0x0000, },
    {0xfd60, 0xfd60, 0xfd60, 0x0000, 0xfd60, 0xfd60, 0xfd60, 0xfd60, 0xfd60, 0xfd60, 0xfd60, 0xfd60, 0x0000, 0x0000, 0x0000, 0x0000, 0x232f, 0x232f, 0x232f, 0x232f, 0x232f, 0x767d, 0x767d, 0x767d, 0x767d, 0x232f, 0x232f, 0x232f, 0x232f, 0x232f, 0x0000, 0x0000, 0xffff, 0xffff, 0xffff, 0xffff, 0xffff, 0xffff, 0xffff, 0xffff, 0x0000, 0x0000, 0x0000, 0x0000, 0x0000, 0x3c9d, 0x0000, 0x0000, 0x3c9d, 0x0000, 0x0000, 0x3c9d, 0x0000, 0x0000, 0x0000, 0x0000, 0x0000, 0x0000, 0x0000, 0x0000, 0x0000, 0x0000, 0x0000, 0x0001, 0x0001, 0x0001, 0x0000, 0x0000, 0x0000, 0x0000, 0x0000, 0x0000, 0x0000, 0x0000, 0x0000, 0x0001, 0xffff, 0xffff, 0xffff, 0xffff, 0xffff, 0xffff, 0xffff, 0xffff, 0x0001, 0x0000, 0x0000, 0x0000, 0xf800, 0xf800, 0x0000, 0x0000, 0x0000, 0x0000, 0x0001, 0x0001, 0x0001, 0xffff, 0xffff, 0xffff, 0xffff, 0xffff, 0xffff, 0xffff, 0xffff, 0xffff, 0xffff, 0xffff, 0xffff, 0xffff, 0xffff, 0xffff, 0xffff, 0xffff, 0xffff, 0xffff, 0x0001, 0x0001, 0x0001, 0x0000, },
    {0x0000, 0x0000, 0x0000, 0x0000, 0xfd60, 0xfd60, 0xfd60, 0xfd60, 0xfd60, 0xfd60, 0xfd60, 0xfd60, 0x0000, 0x0000, 0x0000, 0x0000, 0x232f, 0x0000, 0x0000, 0x0000, 0x232f, 0x232f, 0x232f, 0x232f, 0x232f, 0x232f, 0x0000, 0x0000, 0x0000, 0x232f, 0x0000, 0xffff, 0xffff, 0xffff, 0xffff, 0x9cd3, 0xffff, 0xffff, 0xffff, 0xffff, 0xffff, 0x0000, 0x0000, 0x0000, 0x0000, 0x0000, 0x3c9d, 0x0000, 0x3c9d, 0x0000, 0x3c9d, 0x0000, 0x0000, 0xf812, 0xf812, 0x0000, 0xf812, 0xf812, 0x0000, 0x0000, 0x0000, 0x0000, 0x0001, 0x8f3e, 0x8f3e, 0x8f3e, 0x0001, 0x0000, 0x0000, 0x0000, 0x0000, 0x0000, 0x0000, 0x0000, 0x0000, 0x0001, 0xffff, 0xffff, 0xffff, 0xffff, 0xffff, 0xffff, 0xffff, 0xffff, 0x0001, 0x0000, 0x0000, 0x0000, 0xf800, 0xf800, 0x0000, 0x0000, 0x0000, 0x0000, 0x0000, 0x0001, 0x0001, 0xffff, 0xffff, 0xffff, 0xffff, 0xffff, 0xffff, 0xffff, 0xffff, 0xffff, 0xffff, 0xffff, 0xffff, 0xffff, 0xffff, 0xffff, 0xffff, 0xffff, 0xffff, 0xffff, 0x0001, 0x0001, 0x0000, 0x0000, },
    {0x0000, 0x0000, 0x0000, 0x0000, 0x0000, 0xfd60, 0xfd60, 0xfd60, 0xfd60, 0xfd60, 0xfd60, 0x0000, 0x0000, 0x0000, 0x0000, 0x0000, 0x0000, 0x0000, 0x0000, 0x0000, 0x232f, 0x0000, 0x0000, 0x0000, 0x0000, 0x232f, 0x0000, 0x0000, 0x0000, 0x0000, 0x0000, 0xffff, 0xffff, 0xffff, 0xffff, 0xffff, 0xffff, 0xffff, 0xffff, 0xffff, 0xffff, 0x0000, 0x0000, 0x0000, 0x0000, 0x0000, 0x0000, 0x3c9d, 0x3c9d, 0x3c9d, 0x0000, 0x0000, 0xf812, 0xff7f, 0xf812, 0xf812, 0xf812, 0xf812, 0xf812, 0x0000, 0x0000, 0x0000, 0x0001, 0x8f3e, 0x8f3e, 0x8f3e, 0x0001, 0x0000, 0x0001, 0x0001, 0x0001, 0x0001, 0x0000, 0x0000, 0x0000, 0x0001, 0xffff, 0xffff, 0xffff, 0xffff, 0xffff, 0xffff, 0xffff, 0xffff, 0x0001, 0x0000, 0x07e0, 0x07e0, 0x07e0, 0x07e0, 0x07e0, 0x07e0, 0x0000, 0x0000, 0x0000, 0x0001, 0x0001, 0x0001, 0xffff, 0xffff, 0xffff, 0xffff, 0xffff, 0xffff, 0xffff, 0xffff, 0xffff, 0xffff, 0xffff, 0xffff, 0xffff, 0xffff, 0xffff, 0xffff, 0xffff, 0x0001, 0x0001, 0x0001, 0x0000, 0x0000, },
    {0x0000, 0x0000, 0x0000, 0x0000, 0x0000, 0x0000, 0xfd60, 0xfd60, 0xfd60, 0xfd60, 0x0000, 0x0000, 0x0000, 0x0000, 0x0000, 0x0000, 0x0000, 0x0000, 0x0000, 0x0000, 0x0000, 0x0000, 0x0000, 0x0000, 0x0000, 0x0000, 0x0000, 0x0000, 0x0000, 0x0000, 0x0000, 0xffff, 0xffff, 0xffff, 0xffff, 0x9cd3, 0xffff, 0xffff, 0xffff, 0xffff, 0xffff, 0x0000, 0x0000, 0x0000, 0x0000, 0x3c9d, 0x3c9d, 0x3c9d, 0x3c9d, 0x3c9d, 0x3c9d, 0x3c9d, 0xf812, 0xf812, 0xf812, 0xf812, 0xf812, 0xf812, 0xf812, 0x0000, 0x0000, 0x0000, 0x0001, 0x8f3e, 0x8f3e, 0x8f3e, 0x0001, 0x0001, 0x8f3e, 0x8f3e, 0x8f3e, 0x8f3e, 0x0001, 0x0000, 0x0000, 0x0001, 0xffff, 0xffff, 0xffff, 0xffff, 0xffff, 0xffff, 0xffff, 0xffff, 0x0001, 0x07e0, 0x0000, 0x0000, 0x0000, 0x0000, 0x0000, 0x0000, 0x07e0, 0x0000, 0x0000, 0x0000, 0x0001, 0x0001, 0x0001, 0xffff, 0xffff, 0x0001, 0xffff, 0xffff, 0xffff, 0xffff, 0xffff, 0xffff, 0xffff, 0xffff, 0xffff, 0x0001, 0xffff, 0xffff, 0x0001, 0x0001, 0x0001, 0x0000, 0x0000, 0x0000, },
    {0x0000, 0x0000, 0x0000, 0x0000, 0x0000, 0x0000, 0x0000, 0x0000, 0x0000, 0x0000, 0x0000, 0x0000, 0x0000, 0xfd60, 0x0000, 0x0000, 0x0000, 0x0000, 0x0000, 0x0000, 0x0000, 0x0000, 0x0000, 0x0000, 0x0000, 0x0000, 0x0000, 0x0000, 0x0000, 0x0000, 0x0000, 0xffff, 0xffff, 0xffff, 0xffff, 0xffff, 0xffff, 0xffff, 0xffff, 0xffff, 0xffff, 0x0000, 0x0000, 0x0000, 0x0000, 0x0000, 0x0000, 0x3c9d, 0x3c9d, 0x3c9d, 0x0000, 0x0000, 0xf812, 0xf812, 0xf812, 0xf812, 0xf812, 0xf812, 0xf812, 0x0000, 0x0001, 0x0001, 0x0000, 0x0001, 0x0001, 0x0001, 0x0000, 0x0001, 0x8f3e, 0x8f3e, 0x8f3e, 0x8f3e, 0x0001, 0x0000, 0x0000, 0x0001, 0xffff, 0xffff, 0xffff, 0xffff, 0xffff, 0xffff, 0xffff, 0xffff, 0x0001, 0x0000, 0x0000, 0x07e0, 0x07e0, 0x07e0, 0x07e0, 0x0000, 0x0000, 0x0000, 0x0000, 0x0000, 0x0000, 0x0001, 0x0001, 0x0001, 0x0001, 0xffff, 0xffff, 0xffff, 0xffff, 0xffff, 0x0001, 0xffff, 0xffff, 0xffff, 0xffff, 0xffff, 0x0001, 0x0001, 0x0001, 0x0001, 0x0000, 0x0000, 0x0000, 0x0000, },
    {0x0000, 0x0000, 0x0000, 0xfd60, 0x0000, 0x0000, 0x0000, 0x0000, 0xfd60, 0x0000, 0x0000, 0x0000, 0x0000, 0x0000, 0xfd60, 0x0000, 0x0000, 0x0000, 0x0000, 0x0000, 0x0000, 0x0000, 0x0000, 0x0000, 0x0000, 0x0000, 0x0000, 0x0000, 0x0000, 0x0000, 0x0000, 0xffff, 0xffff, 0xffff, 0xffff, 0xffff, 0x9cd3, 0xffff, 0xffff, 0xffff, 0xffff, 0x0000, 0x0000, 0x0000, 0x0000, 0x0000, 0x3c9d, 0x0000, 0x3c9d, 0x0000, 0x3c9d, 0x0000, 0x0000, 0xf812, 0xf812, 0xf812, 0xf812, 0xf812, 0x0000, 0x0001, 0x8f3e, 0x8f3e, 0x0001, 0x0000, 0x0000, 0x0000, 0x0000, 0x0001, 0x8f3e, 0x8f3e, 0x8f3e, 0x8f3e, 0x0001, 0x0000, 0x0000, 0x0001, 0xffff, 0xffff, 0xffff, 0xffff, 0xffff, 0xffff, 0xffff, 0xffff, 0x0001, 0x0000, 0x07e0, 0x0000, 0x0000, 0x0000, 0x0000, 0x07e0, 0x0000, 0x0000, 0x0000, 0x0000, 0x0000, 0x0000, 0x0001, 0x0001, 0x0001, 0x0001, 0x0001, 0xffff, 0xffff, 0xffff, 0xffff, 0xffff, 0xffff, 0xffff, 0x0001, 0x0001, 0x0001, 0x0001, 0x0001, 0x0000, 0x0000, 0x0000, 0x0000, 0x0000, },
    {0x0000, 0x0000, 0xfd60, 0x0000, 0x0000, 0x0000, 0x0000, 0x0000, 0xfd60, 0x0000, 0x0000, 0x0000, 0x0000, 0x0000, 0x0000, 0xfd60, 0x0000, 0x0000, 0x0000, 0x0000, 0x0000, 0x0000, 0x0000, 0x0000, 0x0000, 0x0000, 0x0000, 0x0000, 0x0000, 0x0000, 0x0000, 0x0000, 0xffff, 0xffff, 0xffff, 0xffff, 0xffff, 0xffff, 0xffff, 0xffff, 0x0000, 0x0000, 0x0000, 0x0000, 0x0000, 0x3c9d, 0x0000, 0x0000, 0x3c9d, 0x0000, 0x0000, 0x3c9d, 0x0000, 0x0000, 0xf812, 0xf812, 0xf812, 0x0000, 0x0000, 0x0001, 0x8f3e, 0x8f3e, 0x0001, 0x0000, 0x0000, 0x0000, 0x0000, 0x0001, 0x8f3e, 0x8f3e, 0x8f3e, 0x8f3e, 0x0001, 0x0000, 0x0000, 0x0001, 0xffff, 0xffff, 0xffff, 0xffff, 0xffff, 0xffff, 0xffff, 0xffff, 0x0001, 0x0000, 0x0000, 0x0000, 0x07e0, 0x07e0, 0x0000, 0x0000, 0x0000, 0x0000, 0x0000, 0x0000, 0x0000, 0x0000, 0x0000, 0x0000, 0x0001, 0x0001, 0x0001, 0x0001, 0x0001, 0x0001, 0x0001, 0x0001, 0x0001, 0x0001, 0x0001, 0x0001, 0x0001, 0x0000, 0x0000, 0x0000, 0x0000, 0x0000, 0x0000, 0x0000, },
    {0x0000, 0xfd60, 0x0000, 0x0000, 0x0000, 0x0000, 0x0000, 0x0000, 0xfd60, 0x0000, 0x0000, 0x0000, 0x0000, 0x0000, 0x0000, 0x0000, 0x0000, 0x0000, 0x0000, 0x0000, 0x0000, 0x0000, 0x0000, 0x0000, 0x0000, 0x0000, 0x0000, 0x0000, 0x0000, 0x0000, 0x0000, 0x0000, 0x0000, 0x0000, 0x0000, 0x0000, 0x0000, 0x0000, 0x0000, 0x0000, 0x0000, 0x0000, 0x0000, 0x0000, 0x0000, 0x0000, 0x0000, 0x0000, 0x0000, 0x0000, 0x0000, 0x0000, 0x0000, 0x0000, 0x0000, 0xf812, 0x0000, 0x0000, 0x0000, 0x0000, 0x0001, 0x0001, 0x0000, 0x0000, 0x0000, 0x0000, 0x0000, 0x0000, 0x0001, 0x0001, 0x0001, 0x0001, 0x0000, 0x0000, 0x0000, 0x0001, 0x0001, 0x0001, 0x0001, 0x0001, 0x0001, 0x0001, 0x0001, 0x0001, 0x0001, 0x0000, 0x0000, 0x0000, 0x07e0, 0x07e0, 0x0000, 0x0000, 0x0000, 0x0000, 0x0000, 0x0000, 0x0000, 0x0000, 0x0000, 0x0000, 0x0000, 0x0000, 0x0001, 0x0001, 0x0001, 0x0001, 0x0001, 0x0001, 0x0001, 0x0001, 0x0001, 0x0000, 0x0000, 0x0000, 0x0000, 0x0000, 0x0000, 0x0000, 0x0000, 0x0000, },
};


const uint16_t character_image[17][32][32] PROGMEM = {
  {
    {0x0000, 0x0000, 0x0000, 0x0000, 0x0000, 0x0000, 0x0000, 0x0000, 0x0000, 0x0000, 0x0000, 0x0000, 0x0000, 0x0000, 0x0000, 0x0000, 0x0000, 0x0000, 0x0000, 0x0000, 0x0000, 0x0000, 0x0000, 0x0000, 0x0000, 0x0000, 0x0000, 0x0000, 0x0000, 0x0000, 0x0000, 0x0000, },
    {0x0000, 0x0000, 0x0000, 0x0000, 0x0000, 0x0000, 0x0000, 0x0000, 0x0000, 0x0000, 0x0000, 0x0000, 0x0000, 0x0000, 0x8b66, 0x8b66, 0x8b66, 0x8b66, 0x8b66, 0x8b66, 0x0000, 0x0000, 0x0000, 0x0000, 0x0000, 0x0000, 0x0000, 0x0000, 0x0000, 0x0000, 0x0000, 0x0000, },
    {0x0000, 0x0000, 0x0000, 0x0000, 0x0000, 0x0000, 0x0000, 0x0000, 0x0000, 0x0000, 0x0000, 0x0000, 0x8b66, 0x8b66, 0xffbb, 0xffbb, 0xffbb, 0xffbb, 0xffbb, 0xffbb, 0x8b66, 0x8b66, 0x0000, 0x0000, 0x0000, 0x0000, 0x0000, 0x0000, 0x0000, 0x0000, 0x0000, 0x0000, },
    {0x0000, 0x0000, 0x0000, 0x0000, 0x0000, 0x0000, 0x0000, 0x0000, 0x0000, 0x0000, 0x0000, 0x8b66, 0xffbb, 0xffbb, 0xffbb, 0xffbb, 0xffbb, 0xffbb, 0xffbb, 0xffbb, 0xffbb, 0xffbb, 0x8b66, 0x0000, 0x0000, 0x0000, 0x0000, 0x0000, 0x0000, 0x0000, 0x0000, 0x0000, },
    {0x0000, 0x0000, 0x0000, 0x0000, 0x0000, 0x0000, 0x0000, 0x0000, 0x0000, 0x0000, 0x8b66, 0xffbb, 0xffbb, 0xffbb, 0xffbb, 0xffbb, 0xffbb, 0xffbb, 0xffbb, 0xffbb, 0xffbb, 0xffbb, 0xffbb, 0x8b66, 0x0000, 0x0000, 0x0000, 0x0000, 0x0000, 0x0000, 0x0000, 0x0000, },
    {0x0000, 0x0000, 0x0000, 0x0000, 0x0000, 0x0000, 0x0000, 0x0000, 0x0000, 0x8b66, 0xffbb, 0xffbb, 0xffbb, 0xffbb, 0xffbb, 0xffbb, 0xffbb, 0xffbb, 0xffbb, 0xffbb, 0xffbb, 0xffbb, 0xffbb, 0xffbb, 0x8b66, 0x0000, 0x0000, 0x0000, 0x0000, 0x0000, 0x0000, 0x0000, },
    {0x0000, 0x0000, 0x0000, 0x0000, 0x0000, 0x0000, 0x0000, 0x0000, 0x8b66, 0xffbb, 0xffbb, 0xffbb, 0xffbb, 0xffbb, 0xffbb, 0xffbb, 0xffbb, 0xffbb, 0xffbb, 0xffbb, 0xffbb, 0xffbb, 0xffbb, 0xffbb, 0xffbb, 0x8b66, 0x0000, 0x0000, 0x0000, 0x0000, 0x0000, 0x0000, },
    {0x0000, 0x0000, 0x0000, 0x0000, 0x0000, 0x0000, 0x0000, 0x0000, 0x8b66, 0xffbb, 0xffbb, 0xffbb, 0xffbb, 0xffbb, 0xffbb, 0xf739, 0xff5b, 0xf739, 0xffbb, 0xff5b, 0xf739, 0xffbb, 0xffbb, 0xffbb, 0xffbb, 0x8b66, 0x0000, 0x0000, 0x0000, 0x0000, 0x0000, 0x0000, },
    {0x0000, 0x0000, 0x0000, 0x0000, 0x0000, 0x0000, 0x0000, 0x8b66, 0xffbb, 0xffbb, 0xffbb, 0xffbb, 0xf739, 0xf739, 0xffbb, 0xff5b, 0xff5b, 0xff5b, 0xf739, 0xffbb, 0xff5b, 0xf739, 0xffbb, 0xffbb, 0xffbb, 0x8b66, 0x0000, 0x0000, 0x0000, 0x0000, 0x0000, 0x0000, },
    {0x0000, 0x0000, 0x0000, 0x0000, 0x0000, 0x0000, 0x0000, 0x8b66, 0xffbb, 0xffbb, 0xffbb, 0xf739, 0xff5b, 0xffbb, 0xffbb, 0xff5b, 0xff5b, 0xff5b, 0xff5b, 0xf739, 0xff5b, 0xf739, 0xffbb, 0xffbb, 0xffbb, 0xffbb, 0x8b66, 0x0000, 0x0000, 0x0000, 0x0000, 0x0000, },
    {0x0000, 0x0000, 0x0000, 0x0000, 0x0000, 0x0000, 0x0000, 0x8b66, 0xffbb, 0xffbb, 0xffbb, 0xf739, 0x0001, 0x0001, 0xffbb, 0xf739, 0xff5b, 0xff5b, 0x0001, 0x0001, 0xff5b, 0xf739, 0xffbb, 0xffbb, 0xffbb, 0xffbb, 0x8b66, 0x0000, 0x0000, 0x0000, 0x0000, 0x0000, },
    {0x0000, 0x0000, 0x0000, 0x0000, 0x0000, 0x0000, 0x0000, 0x8b66, 0xffbb, 0xffbb, 0xf739, 0x0001, 0x02ef, 0x02ef, 0xff5b, 0xff5b, 0xff5b, 0xff5b, 0x02ef, 0x02ef, 0xff5b, 0xff5b, 0xf739, 0xffbb, 0xffbb, 0xffbb, 0xffbb, 0x8b66, 0x0000, 0x0000, 0x0000, 0x0000, },
    {0x0000, 0x0000, 0x0000, 0x0000, 0x0000, 0x0000, 0x0000, 0x8b66, 0xffbb, 0xffbb, 0xf739, 0xff5b, 0xffff, 0x02ef, 0xff5b, 0xff5b, 0xff5b, 0xff5b, 0x02ef, 0x02ef, 0xffff, 0xff5b, 0xf739, 0xf739, 0xffbb, 0xffbb, 0xffbb, 0x8b66, 0x0000, 0x0000, 0x0000, 0x0000, },
    {0x0000, 0x0000, 0x0000, 0x0000, 0x0000, 0x0000, 0x0000, 0x8b66, 0xffbb, 0xffbb, 0xffbb, 0xf739, 0xff5b, 0x2db8, 0xff5b, 0xff5b, 0xff5b, 0xff5b, 0xff5b, 0x2db8, 0xff5b, 0xff5b, 0xf739, 0xf739, 0xf739, 0xffbb, 0xffbb, 0x8b66, 0x0000, 0x0000, 0x0000, 0x0000, },
    {0x0000, 0x0000, 0x0000, 0x0000, 0x0000, 0x0000, 0x0000, 0x8b66, 0xffbb, 0xffbb, 0xffbb, 0xde33, 0xeaaa, 0xff5b, 0xff5b, 0xff5b, 0xff5b, 0xff5b, 0xff5b, 0xff5b, 0xeaaa, 0xde33, 0xf739, 0xf739, 0xf739, 0xffbb, 0xffbb, 0x8b66, 0x0000, 0x0000, 0x0000, 0x0000, },
    {0x0000, 0x0000, 0x0000, 0x0000, 0x0000, 0x0000, 0x0000, 0x8b66, 0xffbb, 0xffbb, 0xffbb, 0xde33, 0xde33, 0xff5b, 0xff5b, 0xff5b, 0xff5b, 0xff5b, 0xff5b, 0xff5b, 0xde33, 0xde33, 0xf739, 0xf739, 0xf739, 0xde33, 0xf75a, 0xffbb, 0x8b66, 0x0000, 0x0000, 0x0000, },
    {0x0000, 0x0000, 0x0000, 0x0000, 0x0000, 0x0000, 0x0000, 0x0000, 0x8b66, 0xffbb, 0xffbb, 0xffbb, 0xde33, 0xde33, 0xdedb, 0xfe35, 0xfe35, 0xfe35, 0xdedb, 0xdedb, 0xde33, 0xde33, 0xde33, 0xf739, 0xf739, 0xf75a, 0xde33, 0xffbb, 0x8b66, 0x0000, 0x0000, 0x0000, },
    {0x0000, 0x0000, 0x0000, 0x0000, 0x0000, 0x0000, 0x0000, 0x0000, 0x0000, 0xffbb, 0xffbb, 0xffbb, 0xde33, 0xde33, 0xffff, 0xffff, 0xffff, 0xffff, 0xffff, 0xfe35, 0xde33, 0xde33, 0xde33, 0xf739, 0xf739, 0xf739, 0xf75a, 0xffbb, 0xffbb, 0x8b66, 0x0000, 0x0000, },
    {0x0000, 0x0000, 0x0000, 0x0000, 0x0000, 0x0000, 0x0000, 0x0000, 0x0000, 0x8b66, 0xffbb, 0xffbb, 0xde33, 0xff5b, 0xffff, 0xffff, 0xffff, 0xffff, 0xffff, 0xfe35, 0xfe35, 0xde33, 0xde33, 0xf739, 0xf739, 0xf739, 0xffbb, 0xde33, 0xffbb, 0x8b66, 0x0000, 0x0000, },
    {0x0000, 0x0000, 0x0000, 0x0000, 0x0000, 0x0000, 0x0000, 0x0000, 0x0000, 0x0000, 0x8b66, 0xffbb, 0xde33, 0xffff, 0xffff, 0xffff, 0xffff, 0xffff, 0xffff, 0xffff, 0xff5b, 0xde33, 0xde33, 0xf739, 0xf739, 0xf739, 0xffbb, 0xde33, 0xffbb, 0x8b66, 0x0000, 0x0000, },
    {0x0000, 0x0000, 0x0000, 0x0000, 0x0000, 0x0000, 0x0000, 0x0000, 0x0000, 0x0000, 0x8b66, 0xffbb, 0xffbb, 0xffff, 0xffff, 0xffff, 0xffff, 0xffff, 0xffff, 0xffff, 0xffff, 0xde33, 0xde33, 0xf739, 0xef39, 0xde33, 0xffbb, 0xde33, 0x8b66, 0x8b66, 0x0000, 0x0000, },
    {0x0000, 0x0000, 0x0000, 0x0000, 0x0000, 0x0000, 0x0000, 0x0000, 0x0000, 0x0000, 0x0000, 0x8b66, 0xffbb, 0xffff, 0xffff, 0xffff, 0xffff, 0xffff, 0xffff, 0xffff, 0xffff, 0xbdf7, 0xde33, 0xf75a, 0x0000, 0x8b66, 0xf739, 0xde33, 0x8b66, 0x0000, 0x0000, 0x0000, },
    {0x0000, 0x0000, 0x0000, 0x0000, 0x0000, 0x0000, 0x0000, 0x0000, 0x0000, 0x0000, 0x0000, 0xbdf7, 0xffff, 0xffff, 0xffff, 0xffff, 0xffff, 0xffff, 0xffff, 0xffff, 0xffff, 0xdedb, 0xbdf7, 0xffbb, 0x0000, 0x8b66, 0xf739, 0xde33, 0x8b66, 0x0000, 0x0000, 0x0000, },
    {0x0000, 0x0000, 0x0000, 0x0000, 0x0000, 0x0000, 0x0000, 0x0000, 0x0000, 0x0000, 0x0000, 0xbdf7, 0xffff, 0xffff, 0xffff, 0xffff, 0xffff, 0xffff, 0xffff, 0xffff, 0xffff, 0xdedb, 0xbdf7, 0xffbb, 0x0000, 0x8b66, 0xffbb, 0x8b66, 0x0000, 0x0000, 0x0000, 0x0000, },
    {0x0000, 0x0000, 0x0000, 0x0000, 0x0000, 0x0000, 0x0000, 0x0000, 0x0000, 0x0000, 0x0000, 0xbdf7, 0xffff, 0xffff, 0xffff, 0xffff, 0xffff, 0xffff, 0xffff, 0xffff, 0xffff, 0xffff, 0xdedb, 0xffbb, 0x0000, 0x8b66, 0xffbb, 0x0000, 0x0000, 0x0000, 0x0000, 0x0000, },
    {0x0000, 0x0000, 0x0000, 0x0000, 0x0000, 0x0000, 0x0000, 0x0000, 0x0000, 0x0000, 0xbdf7, 0xffff, 0xffff, 0xffff, 0xffff, 0xffff, 0xffff, 0xffff, 0xffff, 0xffff, 0xffff, 0xffff, 0xdedb, 0xbdf7, 0x0000, 0xffbb, 0x0000, 0x0000, 0x0000, 0x0000, 0x0000, 0x0000, },
    {0x0000, 0x0000, 0x0000, 0x0000, 0x0000, 0x0000, 0x0000, 0x0000, 0x0000, 0x0000, 0xbdf7, 0xffff, 0xffff, 0xffff, 0xffff, 0xffff, 0xffff, 0xffff, 0xffff, 0xffff, 0xffff, 0xffff, 0xffff, 0xffff, 0xbdf7, 0x0000, 0x0000, 0x0000, 0x0000, 0x0000, 0x0000, 0x0000, },
    {0x0000, 0x0000, 0x0000, 0x0000, 0x0000, 0x0000, 0x0000, 0x0000, 0x0000, 0x0000, 0xbdf7, 0xffff, 0xffff, 0xffff, 0xfe35, 0xbdf7, 0xbdf7, 0xffff, 0xffff, 0xffff, 0xffff, 0xffff, 0xffff, 0xffff, 0xffff, 0xbdf7, 0x0000, 0x0000, 0x0000, 0x0000, 0x0000, 0x0000, },
    {0x0000, 0x0000, 0x0000, 0x0000, 0x0000, 0x0000, 0x0000, 0x0000, 0x0000, 0x0000, 0xbdf7, 0xbdf7, 0xff5b, 0xff5b, 0xabac, 0x0000, 0x0000, 0x0000, 0xfe35, 0xff5b, 0xff5b, 0xdedb, 0xdedb, 0xdedb, 0xbdf7, 0x0000, 0x0000, 0x0000, 0x0000, 0x0000, 0x0000, 0x0000, },
    {0x0000, 0x0000, 0x0000, 0x0000, 0x0000, 0x0000, 0x0000, 0x0000, 0x0000, 0x0000, 0x0000, 0x0000, 0xff5b, 0xff5b, 0xabac, 0x0000, 0x0000, 0x0000, 0x0000, 0xfe35, 0xff5b, 0xff5b, 0xbdf7, 0xbdf7, 0x0000, 0x0000, 0x0000, 0x0000, 0x0000, 0x0000, 0x0000, 0x0000, },
    {0x0000, 0x0000, 0x0000, 0x0000, 0x0000, 0x0000, 0x0000, 0x0000, 0x0000, 0x0000, 0x0000, 0x0000, 0xff5b, 0xff5b, 0xabac, 0x0000, 0x0000, 0x0000, 0x0000, 0x0000, 0xff5b, 0xff5b, 0xabac, 0x0000, 0x0000, 0x0000, 0x0000, 0x0000, 0x0000, 0x0000, 0x0000, 0x0000, },
    {0x0000, 0x0000, 0x0000, 0x0000, 0x0000, 0x0000, 0x0000, 0x0000, 0x0000, 0x0000, 0x0000, 0x0000, 0xff5b, 0xabac, 0x0000, 0x0000, 0x0000, 0x0000, 0x0000, 0x0000, 0x0000, 0xff5b, 0xff5b, 0xabac, 0x0000, 0x0000, 0x0000, 0x0000, 0x0000, 0x0000, 0x0000, 0x0000, },
  },
  {
    {0x0000, 0x0000, 0x0000, 0x0000, 0x0000, 0x0000, 0x0000, 0x0000, 0x0000, 0x0000, 0x0000, 0x0000, 0x0000, 0x0000, 0x0000, 0x0000, 0x0000, 0x0000, 0x0000, 0x0000, 0x0000, 0x0000, 0x0000, 0x0000, 0x0000, 0x0000, 0x0000, 0x0000, 0x0000, 0x0000, 0x0000, 0x0000, },
    {0x0000, 0x0000, 0x0000, 0x0000, 0x0000, 0x0000, 0x0000, 0x0000, 0x0000, 0x0000, 0x0000, 0x0000, 0x0000, 0x0000, 0x8b66, 0x8b66, 0x8b66, 0x8b66, 0x8b66, 0x8b66, 0x0000, 0x0000, 0x0000, 0x0000, 0x0000, 0x0000, 0x0000, 0x0000, 0x0000, 0x0000, 0x0000, 0x0000, },
    {0x0000, 0x0000, 0x0000, 0x0000, 0x0000, 0x0000, 0x0000, 0x0000, 0x0000, 0x0000, 0x0000, 0x0000, 0x8b66, 0x8b66, 0xffbb, 0xffbb, 0xffbb, 0xffbb, 0xffbb, 0xffbb, 0x8b66, 0x8b66, 0x0000, 0x0000, 0x0000, 0x0000, 0x0000, 0x0000, 0x0000, 0x0000, 0x0000, 0x0000, },
    {0x0000, 0x0000, 0x0000, 0x0000, 0x0000, 0x0000, 0x0000, 0x0000, 0x0000, 0x0000, 0x0000, 0x8b66, 0xffbb, 0xffbb, 0xffbb, 0xffbb, 0xffbb, 0xffbb, 0xffbb, 0xffbb, 0xffbb, 0xffbb, 0x8b66, 0x0000, 0x0000, 0x0000, 0x0000, 0x0000, 0x0000, 0x0000, 0x0000, 0x0000, },
    {0x0000, 0x0000, 0x0000, 0x0000, 0x0000, 0x0000, 0x0000, 0x0000, 0x0000, 0x0000, 0x8b66, 0xffbb, 0xffbb, 0xffbb, 0xffbb, 0xffbb, 0xffbb, 0xffbb, 0xffbb, 0xffbb, 0xffbb, 0xffbb, 0xffbb, 0x8b66, 0x0000, 0x0000, 0x0000, 0x0000, 0x0000, 0x0000, 0x0000, 0x0000, },
    {0x0000, 0x0000, 0x0000, 0x0000, 0x0000, 0x0000, 0x0000, 0x0000, 0x0000, 0x8b66, 0xffbb, 0xffbb, 0xffbb, 0xffbb, 0xffbb, 0xffbb, 0xffbb, 0xffbb, 0xffbb, 0xffbb, 0xffbb, 0xffbb, 0xffbb, 0xffbb, 0x8b66, 0x0000, 0x0000, 0x0000, 0x0000, 0x0000, 0x0000, 0x0000, },
    {0x0000, 0x0000, 0x0000, 0x0000, 0x0000, 0x0000, 0x0000, 0x0000, 0x8b66, 0xffbb, 0xffbb, 0xffbb, 0xffbb, 0xffbb, 0xffbb, 0xffbb, 0xffbb, 0xffbb, 0xffbb, 0xffbb, 0xffbb, 0xffbb, 0xffbb, 0xffbb, 0xffbb, 0x8b66, 0x0000, 0x0000, 0x0000, 0x0000, 0x0000, 0x0000, },
    {0x0000, 0x0000, 0x0000, 0x0000, 0x0000, 0x0000, 0x0000, 0x0000, 0x8b66, 0xffbb, 0xffbb, 0xffbb, 0xffbb, 0xffbb, 0xffbb, 0xf739, 0xff5b, 0xf739, 0xffbb, 0xff5b, 0xf739, 0xffbb, 0xffbb, 0xffbb, 0xffbb, 0x8b66, 0x0000, 0x0000, 0x0000, 0x0000, 0x0000, 0x0000, },
    {0x0000, 0x0000, 0x0000, 0x0000, 0x0000, 0x0000, 0x0000, 0x8b66, 0xffbb, 0xffbb, 0xffbb, 0xffbb, 0xf739, 0xf739, 0xffbb, 0xff5b, 0xff5b, 0xff5b, 0xf739, 0xffbb, 0xff5b, 0xf739, 0xffbb, 0xffbb, 0xffbb, 0x8b66, 0x0000, 0x0000, 0x0000, 0x0000, 0x0000, 0x0000, },
    {0x0000, 0x0000, 0x0000, 0x0000, 0x0000, 0x0000, 0x0000, 0x8b66, 0xffbb, 0xffbb, 0xffbb, 0xf739, 0xff5b, 0xffbb, 0xffbb, 0xff5b, 0xff5b, 0xff5b, 0xff5b, 0xf739, 0xff5b, 0xf739, 0xffbb, 0xffbb, 0xffbb, 0xffbb, 0x8b66, 0x0000, 0x0000, 0x0000, 0x0000, 0x0000, },
    {0x0000, 0x0000, 0x0000, 0x0000, 0x0000, 0x0000, 0x0000, 0x8b66, 0xffbb, 0xffbb, 0xffbb, 0xf739, 0xff5b, 0xff5b, 0xffbb, 0xf739, 0xff5b, 0xff5b, 0xff5b, 0xff5b, 0xff5b, 0xf739, 0xffbb, 0xffbb, 0xffbb, 0xffbb, 0x8b66, 0x0000, 0x0000, 0x0000, 0x0000, 0x0000, },
    {0x0000, 0x0000, 0x0000, 0x0000, 0x0000, 0x0000, 0x0000, 0x8b66, 0xffbb, 0xffbb, 0xf739, 0xff5b, 0xff5b, 0xff5b, 0xff5b, 0xff5b, 0xff5b, 0xff5b, 0xff5b, 0xff5b, 0xff5b, 0xff5b, 0xf739, 0xffbb, 0xffbb, 0xffbb, 0xffbb, 0x8b66, 0x0000, 0x0000, 0x0000, 0x0000, },
    {0x0000, 0x0000, 0x0000, 0x0000, 0x0000, 0x0000, 0x0000, 0x8b66, 0xffbb, 0xffbb, 0xf739, 0xff5b, 0xff5b, 0xff5b, 0xff5b, 0xff5b, 0xff5b, 0xff5b, 0xff5b, 0xff5b, 0xff5b, 0xff5b, 0xf739, 0xf739, 0xffbb, 0xffbb, 0xffbb, 0x8b66, 0x0000, 0x0000, 0x0000, 0x0000, },
    {0x0000, 0x0000, 0x0000, 0x0000, 0x0000, 0x0000, 0x0000, 0x8b66, 0xffbb, 0xffbb, 0xffbb, 0xf739, 0xff5b, 0xff5b, 0xff5b, 0xff5b, 0xff5b, 0xff5b, 0xff5b, 0xff5b, 0xff5b, 0xff5b, 0xf739, 0xf739, 0xf739, 0xffbb, 0xffbb, 0x8b66, 0x0000, 0x0000, 0x0000, 0x0000, },
    {0x0000, 0x0000, 0x0000, 0x0000, 0x0000, 0x0000, 0x0000, 0x8b66, 0xffbb, 0xffbb, 0xffbb, 0xde33, 0xeaaa, 0xff5b, 0xff5b, 0xff5b, 0xff5b, 0xff5b, 0xff5b, 0xff5b, 0xeaaa, 0xde33, 0xf739, 0xf739, 0xf739, 0xffbb, 0xffbb, 0x8b66, 0x0000, 0x0000, 0x0000, 0x0000, },
    {0x0000, 0x0000, 0x0000, 0x0000, 0x0000, 0x0000, 0x0000, 0x8b66, 0xffbb, 0xffbb, 0xffbb, 0xde33, 0xde33, 0xff5b, 0xff5b, 0xff5b, 0xff5b, 0xff5b, 0xff5b, 0xff5b, 0xde33, 0xde33, 0xf739, 0xf739, 0xf739, 0xffbb, 0xf75a, 0xffbb, 0x8b66, 0x0000, 0x0000, 0x0000, },
    {0x0000, 0x0000, 0x0000, 0x0000, 0x0000, 0x0000, 0x0000, 0x0000, 0x8b66, 0xffbb, 0xffbb, 0xffbb, 0xde33, 0xde33, 0xdedb, 0xfe35, 0xfe35, 0xfe35, 0xdedb, 0xdedb, 0xde33, 0xde33, 0xde33, 0xf739, 0xf739, 0xf75a, 0xffbb, 0xffbb, 0x8b66, 0x0000, 0x0000, 0x0000, },
    {0x0000, 0x0000, 0x0000, 0x0000, 0x0000, 0x0000, 0x0000, 0x0000, 0x0000, 0xffbb, 0xffbb, 0xffbb, 0xde33, 0xde33, 0xffff, 0xffff, 0xffff, 0xffff, 0xffff, 0xfe35, 0xde33, 0xde33, 0xde33, 0xf739, 0xf739, 0xf739, 0xf75a, 0xffbb, 0xffbb, 0x8b66, 0x0000, 0x0000, },
    {0x0000, 0x0000, 0x0000, 0x0000, 0x0000, 0x0000, 0x0000, 0x0000, 0x0000, 0x8b66, 0xffbb, 0xffbb, 0xde33, 0xff5b, 0xffff, 0xffff, 0xffff, 0xffff, 0xffff, 0xfe35, 0xfe35, 0xde33, 0xde33, 0xf739, 0xf739, 0xf739, 0xffbb, 0xde33, 0xffbb, 0x8b66, 0x0000, 0x0000, },
    {0x0000, 0x0000, 0x0000, 0x0000, 0x0000, 0x0000, 0x0000, 0x0000, 0x0000, 0x0000, 0x8b66, 0xffbb, 0xde33, 0xffff, 0xffff, 0xffff, 0xffff, 0xffff, 0xffff, 0xffff, 0xff5b, 0xde33, 0xde33, 0xf739, 0xf739, 0xf739, 0xffbb, 0xde33, 0xffbb, 0x8b66, 0x0000, 0x0000, },
    {0x0000, 0x0000, 0x0000, 0x0000, 0x0000, 0x0000, 0x0000, 0x0000, 0x0000, 0x0000, 0x8b66, 0xffbb, 0xffbb, 0xffff, 0xffff, 0xffff, 0xffff, 0xffff, 0xffff, 0xffff, 0xffff, 0xde33, 0xde33, 0xf739, 0xef39, 0xde33, 0xffbb, 0xde33, 0x8b66, 0x8b66, 0x0000, 0x0000, },
    {0x0000, 0x0000, 0x0000, 0x0000, 0x0000, 0x0000, 0x0000, 0x0000, 0x0000, 0x0000, 0x0000, 0x8b66, 0xffbb, 0xffff, 0xffff, 0xffff, 0xffff, 0xffff, 0xffff, 0xffff, 0xffff, 0xbdf7, 0xde33, 0xf75a, 0x0000, 0x8b66, 0xf739, 0xde33, 0x8b66, 0x0000, 0x0000, 0x0000, },
    {0x0000, 0x0000, 0x0000, 0x0000, 0x0000, 0x0000, 0x0000, 0x0000, 0x0000, 0x0000, 0x0000, 0xbdf7, 0xffff, 0xffff, 0xffff, 0xffff, 0xffff, 0xffff, 0xffff, 0xffff, 0xffff, 0xdedb, 0xbdf7, 0xffbb, 0x0000, 0x8b66, 0xf739, 0xde33, 0x8b66, 0x0000, 0x0000, 0x0000, },
    {0x0000, 0x0000, 0x0000, 0x0000, 0x0000, 0x0000, 0x0000, 0x0000, 0x0000, 0x0000, 0x0000, 0xbdf7, 0xffff, 0xffff, 0xffff, 0xffff, 0xffff, 0xffff, 0xffff, 0xffff, 0xffff, 0xdedb, 0xbdf7, 0xffbb, 0x0000, 0x8b66, 0xffbb, 0x8b66, 0x0000, 0x0000, 0x0000, 0x0000, },
    {0x0000, 0x0000, 0x0000, 0x0000, 0x0000, 0x0000, 0x0000, 0x0000, 0x0000, 0x0000, 0x0000, 0xbdf7, 0xffff, 0xffff, 0xffff, 0xffff, 0xffff, 0xffff, 0xffff, 0xffff, 0xffff, 0xffff, 0xdedb, 0xffbb, 0x0000, 0x8b66, 0xffbb, 0x0000, 0x0000, 0x0000, 0x0000, 0x0000, },
    {0x0000, 0x0000, 0x0000, 0x0000, 0x0000, 0x0000, 0x0000, 0x0000, 0x0000, 0x0000, 0xbdf7, 0xffff, 0xffff, 0xffff, 0xffff, 0xffff, 0xffff, 0xffff, 0xffff, 0xffff, 0xffff, 0xffff, 0xdedb, 0xbdf7, 0x0000, 0xffbb, 0x0000, 0x0000, 0x0000, 0x0000, 0x0000, 0x0000, },
    {0x0000, 0x0000, 0x0000, 0x0000, 0x0000, 0x0000, 0x0000, 0x0000, 0x0000, 0x0000, 0xbdf7, 0xffff, 0xffff, 0xffff, 0xffff, 0xffff, 0xffff, 0xffff, 0xffff, 0xffff, 0xffff, 0xffff, 0xffff, 0xffff, 0xbdf7, 0x0000, 0x0000, 0x0000, 0x0000, 0x0000, 0x0000, 0x0000, },
    {0x0000, 0x0000, 0x0000, 0x0000, 0x0000, 0x0000, 0x0000, 0x0000, 0x0000, 0x0000, 0xbdf7, 0xffff, 0xffff, 0xffff, 0xfe35, 0xbdf7, 0xbdf7, 0xffff, 0xffff, 0xffff, 0xffff, 0xffff, 0xffff, 0xffff, 0xffff, 0xbdf7, 0x0000, 0x0000, 0x0000, 0x0000, 0x0000, 0x0000, },
    {0x0000, 0x0000, 0x0000, 0x0000, 0x0000, 0x0000, 0x0000, 0x0000, 0x0000, 0x0000, 0xbdf7, 0xbdf7, 0xff5b, 0xff5b, 0xabac, 0x0000, 0x0000, 0x0000, 0xfe35, 0xff5b, 0xff5b, 0xdedb, 0xdedb, 0xdedb, 0xbdf7, 0x0000, 0x0000, 0x0000, 0x0000, 0x0000, 0x0000, 0x0000, },
    {0x0000, 0x0000, 0x0000, 0x0000, 0x0000, 0x0000, 0x0000, 0x0000, 0x0000, 0x0000, 0x0000, 0x0000, 0xff5b, 0xff5b, 0xabac, 0x0000, 0x0000, 0x0000, 0x0000, 0xfe35, 0xff5b, 0xff5b, 0xbdf7, 0xbdf7, 0x0000, 0x0000, 0x0000, 0x0000, 0x0000, 0x0000, 0x0000, 0x0000, },
    {0x0000, 0x0000, 0x0000, 0x0000, 0x0000, 0x0000, 0x0000, 0x0000, 0x0000, 0x0000, 0x0000, 0x0000, 0xff5b, 0xff5b, 0xabac, 0x0000, 0x0000, 0x0000, 0x0000, 0x0000, 0xff5b, 0xff5b, 0xabac, 0x0000, 0x0000, 0x0000, 0x0000, 0x0000, 0x0000, 0x0000, 0x0000, 0x0000, },
    {0x0000, 0x0000, 0x0000, 0x0000, 0x0000, 0x0000, 0x0000, 0x0000, 0x0000, 0x0000, 0x0000, 0x0000, 0xff5b, 0xabac, 0x0000, 0x0000, 0x0000, 0x0000, 0x0000, 0x0000, 0x0000, 0xff5b, 0xff5b, 0xabac, 0x0000, 0x0000, 0x0000, 0x0000, 0x0000, 0x0000, 0x0000, 0x0000, },
  },
  {
    {0x0000, 0x0000, 0x0000, 0x0000, 0x0000, 0x0000, 0x0000, 0x0000, 0x0000, 0x0000, 0x0000, 0x0000, 0x0000, 0x0000, 0x0000, 0x0000, 0x0000, 0x0000, 0x0000, 0x0000, 0x0000, 0x0000, 0x0000, 0x0000, 0x0000, 0x0000, 0x0000, 0x0000, 0x0000, 0x0000, 0x0000, 0x0000, },
    {0x0000, 0x0000, 0x0000, 0x0000, 0x0000, 0x0000, 0x0000, 0x0000, 0x0000, 0x0000, 0x0000, 0x0000, 0x0000, 0x0000, 0x8b66, 0x8b66, 0x8b66, 0x8b66, 0x8b66, 0x8b66, 0x0000, 0x0000, 0x0000, 0x0000, 0x0000, 0x0000, 0x0000, 0x0000, 0x0000, 0x0000, 0x0000, 0x0000, },
    {0x0000, 0x0000, 0x0000, 0x0000, 0x0000, 0x0000, 0x0000, 0x0000, 0x0000, 0x0000, 0x0000, 0x0000, 0x8b66, 0x8b66, 0xffbb, 0xffbb, 0xffbb, 0xffbb, 0xffbb, 0xffbb, 0x8b66, 0x0000, 0x0000, 0x0000, 0x0000, 0x0000, 0x0000, 0x0000, 0x0000, 0x0000, 0x0000, 0x0000, },
    {0x0000, 0x0000, 0x0000, 0x0000, 0x0000, 0x0000, 0x0000, 0x0000, 0x0000, 0x0000, 0x0000, 0x8b66, 0xffbb, 0xffbb, 0xffbb, 0xffbb, 0xffbb, 0xffbb, 0xffbb, 0xffbb, 0xffbb, 0x8b66, 0x0000, 0x0000, 0x0000, 0x0000, 0x0000, 0x0000, 0x0000, 0x0000, 0x0000, 0x0000, },
    {0x0000, 0x0000, 0x0000, 0x0000, 0x0000, 0x0000, 0x0000, 0x0000, 0x0000, 0x0000, 0x8b66, 0xffbb, 0xffbb, 0xffbb, 0xffbb, 0xffbb, 0xffbb, 0xffbb, 0xffbb, 0xffbb, 0xffbb, 0xffbb, 0x8b66, 0x0000, 0x0000, 0x0000, 0x0000, 0x0000, 0x0000, 0x0000, 0x0000, 0x0000, },
    {0x0000, 0x0000, 0x0000, 0x0000, 0x0000, 0x0000, 0x0000, 0x0000, 0x0000, 0x8b66, 0xffbb, 0xffbb, 0xffbb, 0xffbb, 0xffbb, 0xffbb, 0xffbb, 0xffbb, 0xffbb, 0xffbb, 0xffbb, 0xffbb, 0xffbb, 0x8b66, 0x0000, 0x0000, 0x0000, 0x0000, 0x0000, 0x0000, 0x0000, 0x0000, },
    {0x0000, 0x0000, 0x0000, 0x0000, 0x0000, 0x0000, 0x0000, 0x0000, 0x8b66, 0xffbb, 0xffbb, 0xffbb, 0xffbb, 0xffbb, 0xffbb, 0xffbb, 0xffbb, 0xffbb, 0xffbb, 0xffbb, 0xffbb, 0xffbb, 0xffbb, 0xffbb, 0x8b66, 0x0000, 0x0000, 0x0000, 0x0000, 0x0000, 0x0000, 0x0000, },
    {0x0000, 0x0000, 0x0000, 0x0000, 0x0000, 0x0000, 0x0000, 0x0000, 0x8b66, 0xffbb, 0xffbb, 0xffbb, 0xffbb, 0xffbb, 0xffbb, 0xf739, 0xff5b, 0xf739, 0xffbb, 0xff5b, 0xf739, 0xffbb, 0xffbb, 0xffbb, 0x8b66, 0x0000, 0x0000, 0x0000, 0x0000, 0x0000, 0x0000, 0x0000, },
    {0x0000, 0x0000, 0x0000, 0x0000, 0x0000, 0x0000, 0x0000, 0x8b66, 0xffbb, 0xffbb, 0xffbb, 0xffbb, 0xf739, 0xf739, 0xffbb, 0xff5b, 0xff5b, 0xff5b, 0xf739, 0xffbb, 0xff5b, 0xf739, 0xffbb, 0xffbb, 0xffbb, 0x8b66, 0x0000, 0x0000, 0x0000, 0x0000, 0x0000, 0x0000, },
    {0x0000, 0x0000, 0x0000, 0x0000, 0x0000, 0x0000, 0x0000, 0x8b66, 0xffbb, 0xffbb, 0xffbb, 0xf739, 0xff5b, 0xffbb, 0xffbb, 0xff5b, 0xff5b, 0xff5b, 0xff5b, 0xf739, 0xff5b, 0xf739, 0xffbb, 0xffbb, 0xffbb, 0xffbb, 0x8b66, 0x0000, 0x0000, 0x0000, 0x0000, 0x0000, },
    {0x0000, 0x0000, 0x0000, 0x0000, 0x0000, 0x0000, 0x0000, 0x8b66, 0xffbb, 0xffbb, 0xffbb, 0xf739, 0xff5b, 0xff5b, 0xffbb, 0xf739, 0xff5b, 0xff5b, 0xff5b, 0xff5b, 0xff5b, 0xf739, 0xffbb, 0xffbb, 0xffbb, 0xffbb, 0x8b66, 0x0000, 0x0000, 0x0000, 0x0000, 0x0000, },
    {0x0000, 0x0000, 0x0000, 0x0000, 0x0000, 0x0000, 0x0000, 0x8b66, 0xffbb, 0xffbb, 0xf739, 0xff5b, 0xff5b, 0xff5b, 0xff5b, 0xff5b, 0xff5b, 0xff5b, 0xff5b, 0xff5b, 0xff5b, 0xff5b, 0xf739, 0xffbb, 0xffbb, 0xffbb, 0xffbb, 0x8b66, 0x0000, 0x0000, 0x0000, 0x0000, },
    {0x0000, 0x0000, 0x0000, 0x0000, 0x0000, 0x0000, 0x0000, 0x8b66, 0xffbb, 0xffbb, 0xf739, 0xff5b, 0xff5b, 0xff5b, 0xff5b, 0xff5b, 0xff5b, 0xff5b, 0xff5b, 0xff5b, 0xff5b, 0xff5b, 0xf739, 0xf739, 0xffbb, 0xffbb, 0xffbb, 0x8b66, 0x0000, 0x0000, 0x0000, 0x0000, },
    {0x0000, 0x0000, 0x0000, 0x0000, 0x0000, 0x0000, 0x0000, 0x8b66, 0xffbb, 0xffbb, 0xffbb, 0xf739, 0xff5b, 0xff5b, 0xff5b, 0xff5b, 0xff5b, 0xff5b, 0xff5b, 0xff5b, 0xff5b, 0xff5b, 0xf739, 0xf739, 0xf739, 0xffbb, 0xffbb, 0x8b66, 0x0000, 0x0000, 0x0000, 0x0000, },
    {0x0000, 0x0000, 0x0000, 0x0000, 0x0000, 0x0000, 0x0000, 0x8b66, 0xffbb, 0xffbb, 0xffbb, 0xde33, 0xeaaa, 0xff5b, 0xff5b, 0xff5b, 0xff5b, 0xff5b, 0xff5b, 0xff5b, 0xeaaa, 0xde33, 0xf739, 0xf739, 0xf739, 0xffbb, 0xffbb, 0xffbb, 0x8b66, 0x0000, 0x0000, 0x0000, },
    {0x0000, 0x0000, 0x0000, 0x0000, 0x0000, 0x0000, 0x0000, 0x8b66, 0xffbb, 0xffbb, 0xffbb, 0xde33, 0xde33, 0xff5b, 0xff5b, 0xff5b, 0xff5b, 0xff5b, 0xff5b, 0xff5b, 0xde33, 0xde33, 0xf739, 0xf739, 0xf739, 0xde33, 0xf75a, 0xffbb, 0xffbb, 0x8b66, 0x0000, 0x0000, },
    {0x0000, 0x0000, 0x0000, 0x0000, 0x0000, 0x0000, 0x0000, 0x8b66, 0xffbb, 0xffbb, 0xffbb, 0xffbb, 0xde33, 0xde33, 0xdedb, 0xfe35, 0xfe35, 0xfe35, 0xdedb, 0xdedb, 0xde33, 0xde33, 0xde33, 0xf739, 0xf739, 0xf75a, 0xde33, 0xf75a, 0xffbb, 0xffbb, 0x8b66, 0x0000, },
    {0x0000, 0x0000, 0x0000, 0x0000, 0x0000, 0x0000, 0x0000, 0x0000, 0x8b66, 0xffbb, 0xffbb, 0xffbb, 0xde33, 0xde33, 0xffff, 0xffff, 0xffff, 0xffff, 0xffff, 0xfe35, 0xde33, 0xde33, 0xde33, 0xf739, 0xf739, 0xf739, 0xf75a, 0xde33, 0xffbb, 0xffbb, 0x8b66, 0x0000, },
    {0x0000, 0x0000, 0x0000, 0x0000, 0x0000, 0x0000, 0x0000, 0x0000, 0x0000, 0x8b66, 0xffbb, 0xffbb, 0xde33, 0xff5b, 0xffff, 0xffff, 0xffff, 0xffff, 0xffff, 0xfe35, 0xfe35, 0xde33, 0xde33, 0xf739, 0xf739, 0xf739, 0xffbb, 0xde33, 0xde33, 0xffbb, 0xffbb, 0x8b66, },
    {0x0000, 0x0000, 0x0000, 0x0000, 0x0000, 0x0000, 0x0000, 0x0000, 0x0000, 0x0000, 0x8b66, 0xffbb, 0xde33, 0xffff, 0xffff, 0xffff, 0xffff, 0xffff, 0xffff, 0xffff, 0xff5b, 0xde33, 0xde33, 0xf739, 0xf739, 0xf739, 0xffbb, 0x8b66, 0xde33, 0xffbb, 0xffbb, 0x8b66, },
    {0x0000, 0x0000, 0x0000, 0x0000, 0x0000, 0x0000, 0x0000, 0x0000, 0x0000, 0x0000, 0x8b66, 0xffbb, 0xffbb, 0xffff, 0xffff, 0xffff, 0xffff, 0xffff, 0xffff, 0xffff, 0xffff, 0xde33, 0xde33, 0xde33, 0xef39, 0xf739, 0xffbb, 0x8b66, 0xde33, 0x8b66, 0xffbb, 0x8b66, },
    {0x0000, 0x0000, 0x0000, 0x0000, 0x0000, 0x0000, 0x0000, 0x0000, 0x0000, 0x0000, 0x0000, 0x8b66, 0xffbb, 0xffff, 0xffff, 0xffff, 0xffff, 0xffff, 0xffff, 0xffff, 0xffff, 0xde33, 0xbdf7, 0xf75a, 0x0000, 0xf739, 0xf739, 0x8b66, 0xde33, 0x8b66, 0x8b66, 0x8b66, },
    {0x0000, 0x0000, 0x0000, 0x0000, 0x0000, 0x0000, 0x0000, 0x0000, 0x0000, 0x0000, 0x0000, 0xbdf7, 0xffff, 0xffff, 0xffff, 0xffff, 0xffff, 0xffff, 0xffff, 0xffff, 0xffff, 0xdedb, 0xbdf7, 0xffbb, 0x0000, 0xf739, 0xf739, 0x8b66, 0xde33, 0x8b66, 0x0000, 0x0000, },
    {0x0000, 0x0000, 0x0000, 0x0000, 0x0000, 0x0000, 0x0000, 0x0000, 0x0000, 0x0000, 0x0000, 0xbdf7, 0xffff, 0xffff, 0xffff, 0xffff, 0xffff, 0xffff, 0xffff, 0xffff, 0xffff, 0xdedb, 0xbdf7, 0xffbb, 0x0000, 0xf739, 0xffbb, 0x0000, 0x8b66, 0x0000, 0x0000, 0x0000, },
    {0x0000, 0x0000, 0x0000, 0x0000, 0x0000, 0x0000, 0x0000, 0x0000, 0x0000, 0x0000, 0x0000, 0xbdf7, 0xffff, 0xffff, 0xffff, 0xffff, 0xffff, 0xffff, 0xffff, 0xffff, 0xffff, 0xffff, 0xdedb, 0xffbb, 0x0000, 0xde33, 0xffbb, 0x0000, 0x0000, 0x0000, 0x0000, 0x0000, },
    {0x0000, 0x0000, 0x0000, 0x0000, 0x0000, 0x0000, 0x0000, 0x0000, 0x0000, 0x0000, 0xbdf7, 0xffff, 0xffff, 0xffff, 0xffff, 0xffff, 0xffff, 0xffff, 0xffff, 0xffff, 0xffff, 0xffff, 0xdedb, 0xbdf7, 0x0000, 0xde33, 0x0000, 0x0000, 0x0000, 0x0000, 0x0000, 0x0000, },
    {0x0000, 0x0000, 0x0000, 0x0000, 0x0000, 0x0000, 0x0000, 0x0000, 0x0000, 0x0000, 0xbdf7, 0xffff, 0xffff, 0xffff, 0xffff, 0xffff, 0xffff, 0xffff, 0xffff, 0xffff, 0xffff, 0xffff, 0xffff, 0xffff, 0xbdf7, 0x0000, 0x0000, 0x0000, 0x0000, 0x0000, 0x0000, 0x0000, },
    {0x0000, 0x0000, 0x0000, 0x0000, 0x0000, 0x0000, 0x0000, 0x0000, 0x0000, 0x0000, 0xbdf7, 0xffff, 0xffff, 0xffff, 0xfe35, 0xbdf7, 0xbdf7, 0xffff, 0xffff, 0xffff, 0xffff, 0xffff, 0xffff, 0xffff, 0xffff, 0xbdf7, 0x0000, 0x0000, 0x0000, 0x0000, 0x0000, 0x0000, },
    {0x0000, 0x0000, 0x0000, 0x0000, 0x0000, 0x0000, 0x0000, 0x0000, 0x0000, 0x0000, 0xbdf7, 0xbdf7, 0xff5b, 0xff5b, 0xabac, 0x0000, 0x0000, 0x0000, 0xfe35, 0xff5b, 0xff5b, 0xdedb, 0xdedb, 0xdedb, 0xbdf7, 0x0000, 0x0000, 0x0000, 0x0000, 0x0000, 0x0000, 0x0000, },
    {0x0000, 0x0000, 0x0000, 0x0000, 0x0000, 0x0000, 0x0000, 0x0000, 0x0000, 0x0000, 0x0000, 0x0000, 0xff5b, 0xff5b, 0xabac, 0x0000, 0x0000, 0x0000, 0x0000, 0xfe35, 0xff5b, 0xff5b, 0xbdf7, 0xbdf7, 0x0000, 0x0000, 0x0000, 0x0000, 0x0000, 0x0000, 0x0000, 0x0000, },
    {0x0000, 0x0000, 0x0000, 0x0000, 0x0000, 0x0000, 0x0000, 0x0000, 0x0000, 0x0000, 0x0000, 0x0000, 0xff5b, 0xff5b, 0xabac, 0x0000, 0x0000, 0x0000, 0x0000, 0x0000, 0xff5b, 0xff5b, 0xabac, 0x0000, 0x0000, 0x0000, 0x0000, 0x0000, 0x0000, 0x0000, 0x0000, 0x0000, },
    {0x0000, 0x0000, 0x0000, 0x0000, 0x0000, 0x0000, 0x0000, 0x0000, 0x0000, 0x0000, 0x0000, 0x0000, 0xff5b, 0xabac, 0x0000, 0x0000, 0x0000, 0x0000, 0x0000, 0x0000, 0x0000, 0xff5b, 0xff5b, 0xabac, 0x0000, 0x0000, 0x0000, 0x0000, 0x0000, 0x0000, 0x0000, 0x0000, },
  },
  {
    {0x0000, 0x0000, 0x0000, 0x0000, 0x0000, 0x0000, 0x0000, 0x0000, 0x0000, 0x0000, 0x0000, 0x0000, 0x0000, 0x0000, 0x0000, 0x0000, 0x0000, 0x0000, 0x0000, 0x0000, 0x0000, 0x0000, 0x0000, 0x0000, 0x0000, 0x0000, 0x0000, 0x0000, 0x0000, 0x0000, 0x0000, 0x0000, },
    {0x0000, 0x0000, 0x0000, 0x0000, 0x0000, 0x0000, 0x0000, 0x0000, 0x0000, 0x0000, 0x0000, 0x0000, 0x0000, 0x0000, 0x8b66, 0x8b66, 0x8b66, 0x8b66, 0x8b66, 0x8b66, 0x0000, 0x0000, 0x0000, 0x0000, 0x0000, 0x0000, 0x0000, 0x0000, 0x0000, 0x0000, 0x0000, 0x0000, },
    {0x0000, 0x0000, 0x0000, 0x0000, 0x0000, 0x0000, 0x0000, 0x0000, 0x0000, 0x0000, 0x0000, 0x0000, 0x8b66, 0x8b66, 0xffbb, 0xffbb, 0xffbb, 0xffbb, 0xffbb, 0xffbb, 0x8b66, 0x0000, 0x0000, 0x0000, 0x0000, 0x0000, 0x0000, 0x0000, 0x0000, 0x0000, 0x0000, 0x0000, },
    {0x0000, 0x0000, 0x0000, 0x0000, 0x0000, 0x0000, 0x0000, 0x0000, 0x0000, 0x0000, 0x0000, 0x8b66, 0xffbb, 0xffbb, 0xffbb, 0xffbb, 0xffbb, 0xffbb, 0xffbb, 0xffbb, 0xffbb, 0x8b66, 0x0000, 0x0000, 0x0000, 0x0000, 0x0000, 0x0000, 0x0000, 0x0000, 0x0000, 0x0000, },
    {0x0000, 0x0000, 0x0000, 0x0000, 0x0000, 0x0000, 0x0000, 0x0000, 0x0000, 0x0000, 0x8b66, 0xffbb, 0xffbb, 0xffbb, 0xffbb, 0xffbb, 0xffbb, 0xffbb, 0xffbb, 0xffbb, 0xffbb, 0xffbb, 0x8b66, 0x0000, 0x0000, 0x0000, 0x0000, 0x0000, 0x0000, 0x0000, 0x0000, 0x0000, },
    {0x0000, 0x0000, 0x0000, 0x0000, 0x0000, 0x0000, 0x0000, 0x0000, 0x0000, 0x8b66, 0xffbb, 0xffbb, 0xffbb, 0xffbb, 0xffbb, 0xffbb, 0xffbb, 0xffbb, 0xffbb, 0xffbb, 0xffbb, 0xffbb, 0xffbb, 0x8b66, 0x0000, 0x0000, 0x0000, 0x0000, 0x0000, 0x0000, 0x0000, 0x0000, },
    {0x0000, 0x0000, 0x0000, 0x0000, 0x0000, 0x0000, 0x0000, 0x0000, 0x8b66, 0xffbb, 0xffbb, 0xffbb, 0xffbb, 0xffbb, 0xffbb, 0xffbb, 0xffbb, 0xffbb, 0xffbb, 0xffbb, 0xffbb, 0xffbb, 0xffbb, 0xffbb, 0x8b66, 0x0000, 0x0000, 0x0000, 0x0000, 0x0000, 0x0000, 0x0000, },
    {0x0000, 0x0000, 0x0000, 0x0000, 0x0000, 0x0000, 0x0000, 0x0000, 0x8b66, 0xffbb, 0xffbb, 0xffbb, 0xffbb, 0xffbb, 0xffbb, 0xf739, 0xff5b, 0xf739, 0xffbb, 0xff5b, 0xf739, 0xffbb, 0xffbb, 0xffbb, 0x8b66, 0x0000, 0x0000, 0x0000, 0x0000, 0x0000, 0x0000, 0x0000, },
    {0x0000, 0x0000, 0x0000, 0x0000, 0x0000, 0x0000, 0x0000, 0x8b66, 0xffbb, 0xffbb, 0xffbb, 0xffbb, 0xf739, 0xf739, 0xffbb, 0xff5b, 0xff5b, 0xff5b, 0xf739, 0xffbb, 0xff5b, 0xf739, 0xffbb, 0xffbb, 0xffbb, 0x8b66, 0x0000, 0x0000, 0x0000, 0x0000, 0x0000, 0x0000, },
    {0x0000, 0x0000, 0x0000, 0x0000, 0x0000, 0x0000, 0x0000, 0x8b66, 0xffbb, 0xffbb, 0xffbb, 0xf739, 0xff5b, 0xffbb, 0xffbb, 0xff5b, 0xff5b, 0xff5b, 0xff5b, 0xf739, 0xff5b, 0xf739, 0xffbb, 0xffbb, 0xffbb, 0xffbb, 0x8b66, 0x0000, 0x0000, 0x0000, 0x0000, 0x0000, },
    {0x0000, 0x0000, 0x0000, 0x0000, 0x0000, 0x0000, 0x0000, 0x8b66, 0xffbb, 0xffbb, 0xffbb, 0xf739, 0xff5b, 0xff5b, 0xffbb, 0xf739, 0xff5b, 0xff5b, 0xff5b, 0xff5b, 0xff5b, 0xf739, 0xffbb, 0xffbb, 0xffbb, 0xffbb, 0x8b66, 0x0000, 0x0000, 0x0000, 0x0000, 0x0000, },
    {0x0000, 0x0000, 0x0000, 0x0000, 0x0000, 0x0000, 0x0000, 0x8b66, 0xffbb, 0xffbb, 0xf739, 0xff5b, 0xff5b, 0xff5b, 0xff5b, 0xff5b, 0xff5b, 0xff5b, 0xff5b, 0xff5b, 0xff5b, 0xff5b, 0xf739, 0xffbb, 0xffbb, 0xffbb, 0xffbb, 0x8b66, 0x0000, 0x0000, 0x0000, 0x0000, },
    {0x0000, 0x0000, 0x0000, 0x0000, 0x0000, 0x0000, 0x0000, 0x8b66, 0xffbb, 0xffbb, 0xf739, 0xff5b, 0xff5b, 0xff5b, 0xff5b, 0xff5b, 0xff5b, 0xff5b, 0xff5b, 0xff5b, 0xff5b, 0xff5b, 0xf739, 0xf739, 0xffbb, 0xffbb, 0xffbb, 0x8b66, 0x0000, 0x0000, 0x0000, 0x0000, },
    {0x0000, 0x0000, 0x0000, 0x0000, 0x0000, 0x0000, 0x0000, 0x8b66, 0xffbb, 0xffbb, 0xffbb, 0xf739, 0xff5b, 0xff5b, 0xff5b, 0xff5b, 0xff5b, 0xff5b, 0xff5b, 0xff5b, 0xff5b, 0xff5b, 0xf739, 0xf739, 0xf739, 0xffbb, 0xffbb, 0x8b66, 0x0000, 0x0000, 0x0000, 0x0000, },
    {0x0000, 0x0000, 0x0000, 0x0000, 0x0000, 0x0000, 0x0000, 0x8b66, 0xffbb, 0xffbb, 0xffbb, 0xde33, 0xeaaa, 0xff5b, 0xff5b, 0xff5b, 0xff5b, 0xff5b, 0xff5b, 0xff5b, 0xeaaa, 0xde33, 0xf739, 0xf739, 0xf739, 0xffbb, 0xffbb, 0xffbb, 0x8b66, 0x0000, 0x0000, 0x0000, },
    {0x0000, 0x0000, 0x0000, 0x0000, 0x0000, 0x0000, 0x0000, 0xff5b, 0xffbb, 0xffbb, 0xffbb, 0xde33, 0xde33, 0xff5b, 0xff5b, 0xff5b, 0xff5b, 0xff5b, 0xff5b, 0xff5b, 0xde33, 0xde33, 0xf739, 0xf739, 0xff5b, 0xde33, 0xf75a, 0xffbb, 0xffbb, 0x8b66, 0x0000, 0x0000, },
    {0x0000, 0x0000, 0x0000, 0x0000, 0x0000, 0x0000, 0x0000, 0xff5b, 0xff5b, 0xff5b, 0xff5b, 0xffbb, 0xde33, 0xde33, 0xdedb, 0xfe35, 0xfe35, 0xfe35, 0xdedb, 0xdedb, 0xde33, 0xde33, 0xff5b, 0xff5b, 0xff5b, 0xf75a, 0xde33, 0xf75a, 0xffbb, 0xffbb, 0x8b66, 0x0000, },
    {0x0000, 0x0000, 0x0000, 0x0000, 0x0000, 0x0000, 0x0000, 0x0000, 0x0000, 0xff5b, 0xff5b, 0xff5b, 0xff5b, 0xff5b, 0xffff, 0xffff, 0xffff, 0xffff, 0xffff, 0xfe35, 0xff5b, 0xff5b, 0xff5b, 0xff5b, 0xf739, 0xf739, 0xf75a, 0xde33, 0xffbb, 0xffbb, 0x8b66, 0x0000, },
    {0x0000, 0x0000, 0x0000, 0x0000, 0x0000, 0x0000, 0x0000, 0x0000, 0x0000, 0x8b66, 0xffbb, 0xffbb, 0xfe35, 0xfe35, 0xffff, 0xffff, 0xffff, 0xffff, 0xffff, 0xfe35, 0xfe35, 0xfe35, 0xde33, 0xf739, 0xf739, 0xf739, 0xffbb, 0xde33, 0xde33, 0xffbb, 0xffbb, 0x8b66, },
    {0x0000, 0x0000, 0x0000, 0x0000, 0x0000, 0x0000, 0x0000, 0x0000, 0x0000, 0x0000, 0x8b66, 0xffbb, 0xde33, 0xffff, 0xffff, 0xffff, 0xffff, 0xffff, 0xffff, 0xffff, 0xfe35, 0xde33, 0xde33, 0xf739, 0xf739, 0xf739, 0xffbb, 0x8b66, 0xde33, 0xffbb, 0xffbb, 0x8b66, },
    {0x0000, 0x0000, 0x0000, 0x0000, 0x0000, 0x0000, 0x0000, 0x0000, 0x0000, 0x0000, 0x8b66, 0xffbb, 0xffbb, 0xffff, 0xffff, 0xffff, 0xffff, 0xffff, 0xffff, 0xffff, 0xffff, 0xde33, 0xde33, 0xf739, 0xef39, 0xde33, 0xffbb, 0x8b66, 0xde33, 0x8b66, 0xffbb, 0x8b66, },
    {0x0000, 0x0000, 0x0000, 0x0000, 0x0000, 0x0000, 0x0000, 0x0000, 0x0000, 0x0000, 0x0000, 0x8b66, 0xffbb, 0xffff, 0xffff, 0xffff, 0xffff, 0xffff, 0xffff, 0xffff, 0xffff, 0xbdf7, 0xde33, 0xf75a, 0x0000, 0x8b66, 0xf739, 0x8b66, 0xde33, 0x8b66, 0x8b66, 0x8b66, },
    {0x0000, 0x0000, 0x0000, 0x0000, 0x0000, 0x0000, 0x0000, 0x0000, 0x0000, 0x0000, 0x0000, 0xbdf7, 0xffff, 0xffff, 0xffff, 0xffff, 0xffff, 0xffff, 0xffff, 0xffff, 0xffff, 0xdedb, 0xbdf7, 0xffbb, 0x0000, 0x8b66, 0xf739, 0x8b66, 0xde33, 0x8b66, 0x0000, 0x0000, },
    {0x0000, 0x0000, 0x0000, 0x0000, 0x0000, 0x0000, 0x0000, 0x0000, 0x0000, 0x0000, 0x0000, 0xbdf7, 0xffff, 0xffff, 0xffff, 0xffff, 0xffff, 0xffff, 0xffff, 0xffff, 0xffff, 0xdedb, 0xbdf7, 0xffbb, 0x0000, 0x8b66, 0xffbb, 0x0000, 0x8b66, 0x0000, 0x0000, 0x0000, },
    {0x0000, 0x0000, 0x0000, 0x0000, 0x0000, 0x0000, 0x0000, 0x0000, 0x0000, 0x0000, 0x0000, 0xbdf7, 0xffff, 0xffff, 0xffff, 0xffff, 0xffff, 0xffff, 0xffff, 0xffff, 0xffff, 0xffff, 0xdedb, 0xffbb, 0x0000, 0x8b66, 0xffbb, 0x0000, 0x0000, 0x0000, 0x0000, 0x0000, },
    {0x0000, 0x0000, 0x0000, 0x0000, 0x0000, 0x0000, 0x0000, 0x0000, 0x0000, 0x0000, 0xbdf7, 0xffff, 0xffff, 0xffff, 0xffff, 0xffff, 0xffff, 0xffff, 0xffff, 0xffff, 0xffff, 0xffff, 0xdedb, 0xbdf7, 0x0000, 0xffbb, 0x0000, 0x0000, 0x0000, 0x0000, 0x0000, 0x0000, },
    {0x0000, 0x0000, 0x0000, 0x0000, 0x0000, 0x0000, 0x0000, 0x0000, 0x0000, 0x0000, 0xbdf7, 0xffff, 0xffff, 0xffff, 0xffff, 0xffff, 0xffff, 0xffff, 0xffff, 0xffff, 0xffff, 0xffff, 0xffff, 0xffff, 0xbdf7, 0x0000, 0x0000, 0x0000, 0x0000, 0x0000, 0x0000, 0x0000, },
    {0x0000, 0x0000, 0x0000, 0x0000, 0x0000, 0x0000, 0x0000, 0x0000, 0x0000, 0x0000, 0xbdf7, 0xffff, 0xffff, 0xffff, 0xfe35, 0xbdf7, 0xbdf7, 0xffff, 0xffff, 0xffff, 0xffff, 0xffff, 0xffff, 0xffff, 0xffff, 0xbdf7, 0x0000, 0x0000, 0x0000, 0x0000, 0x0000, 0x0000, },
    {0x0000, 0x0000, 0x0000, 0x0000, 0x0000, 0x0000, 0x0000, 0x0000, 0x0000, 0x0000, 0xbdf7, 0xbdf7, 0xff5b, 0xff5b, 0xabac, 0x0000, 0x0000, 0x0000, 0xfe35, 0xff5b, 0xff5b, 0xdedb, 0xdedb, 0xdedb, 0xbdf7, 0x0000, 0x0000, 0x0000, 0x0000, 0x0000, 0x0000, 0x0000, },
    {0x0000, 0x0000, 0x0000, 0x0000, 0x0000, 0x0000, 0x0000, 0x0000, 0x0000, 0x0000, 0x0000, 0x0000, 0xff5b, 0xff5b, 0xabac, 0x0000, 0x0000, 0x0000, 0x0000, 0xfe35, 0xff5b, 0xff5b, 0xbdf7, 0xbdf7, 0x0000, 0x0000, 0x0000, 0x0000, 0x0000, 0x0000, 0x0000, 0x0000, },
    {0x0000, 0x0000, 0x0000, 0x0000, 0x0000, 0x0000, 0x0000, 0x0000, 0x0000, 0x0000, 0x0000, 0x0000, 0xff5b, 0xff5b, 0xabac, 0x0000, 0x0000, 0x0000, 0x0000, 0x0000, 0xff5b, 0xff5b, 0xabac, 0x0000, 0x0000, 0x0000, 0x0000, 0x0000, 0x0000, 0x0000, 0x0000, 0x0000, },
    {0x0000, 0x0000, 0x0000, 0x0000, 0x0000, 0x0000, 0x0000, 0x0000, 0x0000, 0x0000, 0x0000, 0x0000, 0xff5b, 0xabac, 0x0000, 0x0000, 0x0000, 0x0000, 0x0000, 0x0000, 0x0000, 0xff5b, 0xff5b, 0xabac, 0x0000, 0x0000, 0x0000, 0x0000, 0x0000, 0x0000, 0x0000, 0x0000, },
  },
  {
    {0x0000, 0x0000, 0x0000, 0x0000, 0x0000, 0x0000, 0x0000, 0x0000, 0x0000, 0x0000, 0x0000, 0x0000, 0x0000, 0x0000, 0x0000, 0x0000, 0x0000, 0x0000, 0x0000, 0x0000, 0x0000, 0x0000, 0x0000, 0x0000, 0x0000, 0x0000, 0x0000, 0x0000, 0x0000, 0x0000, 0x0000, 0x0000, },
    {0x0000, 0x0000, 0x0000, 0x0000, 0x0000, 0x0000, 0x0000, 0x0000, 0x0000, 0x0000, 0x0000, 0x0000, 0x0000, 0x0000, 0x8b66, 0x8b66, 0x8b66, 0x8b66, 0x8b66, 0x8b66, 0x0000, 0x0000, 0x0000, 0x0000, 0x0000, 0x0000, 0x0000, 0x0000, 0x0000, 0x0000, 0x0000, 0x0000, },
    {0x0000, 0x0000, 0x0000, 0x0000, 0x0000, 0x0000, 0x0000, 0x0000, 0x0000, 0x0000, 0x0000, 0x0000, 0x8b66, 0x8b66, 0xffbb, 0xffbb, 0xffbb, 0xffbb, 0xffbb, 0xffbb, 0x8b66, 0x0000, 0x0000, 0x0000, 0x0000, 0x0000, 0x0000, 0x0000, 0x0000, 0x0000, 0x0000, 0x0000, },
    {0x0000, 0x0000, 0x0000, 0x0000, 0x0000, 0x0000, 0x0000, 0x0000, 0x0000, 0x0000, 0x0000, 0x8b66, 0xffbb, 0xffbb, 0xffbb, 0xffbb, 0xffbb, 0xffbb, 0xffbb, 0xffbb, 0xffbb, 0x8b66, 0x0000, 0x0000, 0x0000, 0x0000, 0x0000, 0x0000, 0x0000, 0x0000, 0x0000, 0x0000, },
    {0x0000, 0x0000, 0x0000, 0x0000, 0x0000, 0x0000, 0x0000, 0x0000, 0x0000, 0x0000, 0x8b66, 0xffbb, 0xffbb, 0xffbb, 0xffbb, 0xffbb, 0xffbb, 0xffbb, 0xffbb, 0xffbb, 0xffbb, 0xffbb, 0x8b66, 0x0000, 0x0000, 0x0000, 0x0000, 0x0000, 0x0000, 0x0000, 0x0000, 0x0000, },
    {0x0000, 0x0000, 0x0000, 0x0000, 0x0000, 0x0000, 0x0000, 0x0000, 0x0000, 0x8b66, 0xffbb, 0xffbb, 0xffbb, 0xffbb, 0xffbb, 0xffbb, 0xffbb, 0xffbb, 0xffbb, 0xffbb, 0xffbb, 0xffbb, 0xffbb, 0x8b66, 0x0000, 0x0000, 0x0000, 0x0000, 0x0000, 0x0000, 0x0000, 0x0000, },
    {0x0000, 0x0000, 0x0000, 0x0000, 0x0000, 0x0000, 0x0000, 0x0000, 0x8b66, 0xffbb, 0xffbb, 0xffbb, 0xffbb, 0xffbb, 0xffbb, 0xffbb, 0xffbb, 0xffbb, 0xffbb, 0xffbb, 0xffbb, 0xffbb, 0xffbb, 0xffbb, 0x8b66, 0x0000, 0x0000, 0x0000, 0x0000, 0x0000, 0x0000, 0x0000, },
    {0x0000, 0x0000, 0x0000, 0x0000, 0x0000, 0x0000, 0x0000, 0x0000, 0x8b66, 0xffbb, 0xffbb, 0xffbb, 0xffbb, 0xffbb, 0xffbb, 0xf739, 0xff5b, 0xf739, 0xffbb, 0xff5b, 0xf739, 0xffbb, 0xffbb, 0xffbb, 0x8b66, 0x0000, 0x0000, 0x0000, 0x0000, 0x0000, 0x0000, 0x0000, },
    {0x0000, 0x0000, 0x0000, 0x0000, 0x0000, 0x0000, 0x0000, 0x8b66, 0xffbb, 0xffbb, 0xffbb, 0xffbb, 0xf739, 0xf739, 0xffbb, 0xff5b, 0xff5b, 0xff5b, 0xf739, 0xffbb, 0xff5b, 0xf739, 0xffbb, 0xffbb, 0xffbb, 0x8b66, 0x0000, 0x0000, 0x0000, 0x0000, 0x0000, 0x0000, },
    {0x0000, 0x0000, 0x0000, 0x0000, 0x0000, 0x0000, 0x0000, 0x8b66, 0xffbb, 0xffbb, 0xffbb, 0xf739, 0xff5b, 0xffbb, 0xffbb, 0xff5b, 0xff5b, 0xff5b, 0xff5b, 0xf739, 0xff5b, 0xf739, 0xffbb, 0xffbb, 0xffbb, 0xffbb, 0x8b66, 0x0000, 0x0000, 0x0000, 0x0000, 0x0000, },
    {0x0000, 0x0000, 0x0000, 0x0000, 0x0000, 0x0000, 0x0000, 0x8b66, 0xffbb, 0xffbb, 0xffbb, 0xf739, 0xff5b, 0xff5b, 0xffbb, 0xf739, 0xff5b, 0xff5b, 0xff5b, 0xff5b, 0xff5b, 0xf739, 0xffbb, 0xffbb, 0xffbb, 0xffbb, 0x8b66, 0x0000, 0x0000, 0x0000, 0x0000, 0x0000, },
    {0x0000, 0x0000, 0x0000, 0x0000, 0x0000, 0x0000, 0x0000, 0x8b66, 0xffbb, 0xffbb, 0xf739, 0xff5b, 0xff5b, 0xff5b, 0xff5b, 0xff5b, 0xff5b, 0xff5b, 0xff5b, 0xff5b, 0xff5b, 0xff5b, 0xf739, 0xffbb, 0xffbb, 0xffbb, 0xffbb, 0x8b66, 0x0000, 0x0000, 0x0000, 0x0000, },
    {0x0000, 0x0000, 0x0000, 0x0000, 0x0000, 0x0000, 0x0000, 0x8b66, 0xffbb, 0xffbb, 0xf739, 0xff5b, 0xff5b, 0xff5b, 0xff5b, 0xff5b, 0xff5b, 0xff5b, 0xff5b, 0xff5b, 0xff5b, 0xff5b, 0xf739, 0xf739, 0xffbb, 0xffbb, 0xffbb, 0x8b66, 0x0000, 0x0000, 0x0000, 0x0000, },
    {0x0000, 0x0000, 0x0000, 0x0000, 0x0000, 0x0000, 0x0000, 0x8b66, 0xffbb, 0xffbb, 0xffbb, 0xf739, 0xff5b, 0xff5b, 0xff5b, 0xff5b, 0xff5b, 0xff5b, 0xff5b, 0xff5b, 0xff5b, 0xff5b, 0xf739, 0xf739, 0xf739, 0xffbb, 0xffbb, 0x8b66, 0x0000, 0x0000, 0x0000, 0x0000, },
    {0x0000, 0x0000, 0x0000, 0x0000, 0x0000, 0x0000, 0x0000, 0x8b66, 0xffbb, 0xffbb, 0xffbb, 0xde33, 0xeaaa, 0xff5b, 0xff5b, 0xff5b, 0xff5b, 0xff5b, 0xff5b, 0xff5b, 0xeaaa, 0xde33, 0xf739, 0xf739, 0xf739, 0xffbb, 0xffbb, 0xffbb, 0x8b66, 0x0000, 0x0000, 0x0000, },
    {0x0000, 0x0000, 0x0000, 0x0000, 0x0000, 0x0000, 0x0000, 0xff5b, 0xff5b, 0xffbb, 0xffbb, 0xde33, 0xde33, 0xff5b, 0xff5b, 0xff5b, 0xff5b, 0xff5b, 0xff5b, 0xff5b, 0xde33, 0xde33, 0xf739, 0xf739, 0xf739, 0xde33, 0xf75a, 0xffbb, 0xffbb, 0x8b66, 0x0000, 0x0000, },
    {0x0000, 0x0000, 0x0000, 0x0000, 0x0000, 0x0000, 0x0000, 0xff5b, 0xff5b, 0xff5b, 0xff5b, 0xff5b, 0xde33, 0xde33, 0xdedb, 0xfe35, 0xfe35, 0xfe35, 0xdedb, 0xdedb, 0xde33, 0xde33, 0xde33, 0xf739, 0xf739, 0xf75a, 0xde33, 0xf75a, 0xffbb, 0xffbb, 0x8b66, 0x0000, },
    {0x0000, 0x0000, 0x0000, 0x0000, 0x0000, 0x0000, 0x0000, 0x0000, 0x0000, 0xff5b, 0xff5b, 0xff5b, 0xff5b, 0xff5b, 0xffff, 0xffff, 0xffff, 0xffff, 0xffff, 0xfe35, 0xde33, 0xde33, 0xde33, 0xf739, 0xf739, 0xf739, 0xf75a, 0xde33, 0xffbb, 0xffbb, 0x8b66, 0x0000, },
    {0x0000, 0x0000, 0x0000, 0x0000, 0x0000, 0x0000, 0x0000, 0x0000, 0x0000, 0x8b66, 0xffbb, 0xffbb, 0xde33, 0xff5b, 0xffff, 0xffff, 0xffff, 0xffff, 0xffff, 0xfe35, 0xfe35, 0xde33, 0xde33, 0xf739, 0xf739, 0xf739, 0xffbb, 0xde33, 0xde33, 0xffbb, 0xffbb, 0x8b66, },
    {0x0000, 0x0000, 0x0000, 0x0000, 0x0000, 0x0000, 0x0000, 0x0000, 0x0000, 0x0000, 0x8b66, 0xffbb, 0xde33, 0xffff, 0xffff, 0xffff, 0xffff, 0xffff, 0xffff, 0xffff, 0xff5b, 0xff5b, 0xff5b, 0xf739, 0xf739, 0xf739, 0xffbb, 0x8b66, 0xde33, 0xffbb, 0xffbb, 0x8b66, },
    {0x0000, 0x0000, 0x0000, 0x0000, 0x0000, 0x0000, 0x0000, 0x0000, 0x0000, 0x0000, 0x8b66, 0xffbb, 0xffbb, 0xffff, 0xffff, 0xffff, 0xffff, 0xffff, 0xffff, 0xffff, 0xffff, 0xff5b, 0xff5b, 0xff5b, 0xef39, 0xde33, 0xffbb, 0x8b66, 0xde33, 0x8b66, 0xffbb, 0x8b66, },
    {0x0000, 0x0000, 0x0000, 0x0000, 0x0000, 0x0000, 0x0000, 0x0000, 0x0000, 0x0000, 0x0000, 0x8b66, 0xffbb, 0xffff, 0xffff, 0xffff, 0xffff, 0xffff, 0xffff, 0xffff, 0xffff, 0xbdf7, 0xbdf7, 0xf75a, 0xff5b, 0x8b66, 0xf739, 0x8b66, 0xde33, 0x8b66, 0x8b66, 0x8b66, },
    {0x0000, 0x0000, 0x0000, 0x0000, 0x0000, 0x0000, 0x0000, 0x0000, 0x0000, 0x0000, 0x0000, 0xbdf7, 0xffff, 0xffff, 0xffff, 0xffff, 0xffff, 0xffff, 0xffff, 0xffff, 0xffff, 0xdedb, 0xbdf7, 0xffbb, 0x0000, 0x8b66, 0xf739, 0x8b66, 0xde33, 0x8b66, 0x0000, 0x0000, },
    {0x0000, 0x0000, 0x0000, 0x0000, 0x0000, 0x0000, 0x0000, 0x0000, 0x0000, 0x0000, 0x0000, 0xbdf7, 0xffff, 0xffff, 0xffff, 0xffff, 0xffff, 0xffff, 0xffff, 0xffff, 0xffff, 0xdedb, 0xbdf7, 0xffbb, 0x0000, 0x8b66, 0xffbb, 0x0000, 0x8b66, 0x0000, 0x0000, 0x0000, },
    {0x0000, 0x0000, 0x0000, 0x0000, 0x0000, 0x0000, 0x0000, 0x0000, 0x0000, 0x0000, 0x0000, 0xbdf7, 0xffff, 0xffff, 0xffff, 0xffff, 0xffff, 0xffff, 0xffff, 0xffff, 0xffff, 0xffff, 0xdedb, 0xffbb, 0x0000, 0x8b66, 0xffbb, 0x0000, 0x0000, 0x0000, 0x0000, 0x0000, },
    {0x0000, 0x0000, 0x0000, 0x0000, 0x0000, 0x0000, 0x0000, 0x0000, 0x0000, 0x0000, 0xbdf7, 0xffff, 0xffff, 0xffff, 0xffff, 0xffff, 0xffff, 0xffff, 0xffff, 0xffff, 0xffff, 0xffff, 0xdedb, 0xbdf7, 0x0000, 0xffbb, 0x0000, 0x0000, 0x0000, 0x0000, 0x0000, 0x0000, },
    {0x0000, 0x0000, 0x0000, 0x0000, 0x0000, 0x0000, 0x0000, 0x0000, 0x0000, 0x0000, 0xbdf7, 0xffff, 0xffff, 0xffff, 0xffff, 0xffff, 0xffff, 0xffff, 0xffff, 0xffff, 0xffff, 0xffff, 0xffff, 0xffff, 0xbdf7, 0x0000, 0x0000, 0x0000, 0x0000, 0x0000, 0x0000, 0x0000, },
    {0x0000, 0x0000, 0x0000, 0x0000, 0x0000, 0x0000, 0x0000, 0x0000, 0x0000, 0x0000, 0xbdf7, 0xffff, 0xffff, 0xffff, 0xfe35, 0xbdf7, 0xbdf7, 0xffff, 0xffff, 0xffff, 0xffff, 0xffff, 0xffff, 0xffff, 0xffff, 0xbdf7, 0x0000, 0x0000, 0x0000, 0x0000, 0x0000, 0x0000, },
    {0x0000, 0x0000, 0x0000, 0x0000, 0x0000, 0x0000, 0x0000, 0x0000, 0x0000, 0x0000, 0xbdf7, 0xbdf7, 0xff5b, 0xff5b, 0xabac, 0x0000, 0x0000, 0x0000, 0xfe35, 0xff5b, 0xff5b, 0xdedb, 0xdedb, 0xdedb, 0xbdf7, 0x0000, 0x0000, 0x0000, 0x0000, 0x0000, 0x0000, 0x0000, },
    {0x0000, 0x0000, 0x0000, 0x0000, 0x0000, 0x0000, 0x0000, 0x0000, 0x0000, 0x0000, 0x0000, 0x0000, 0xff5b, 0xff5b, 0xabac, 0x0000, 0x0000, 0x0000, 0x0000, 0xfe35, 0xff5b, 0xff5b, 0xbdf7, 0xbdf7, 0x0000, 0x0000, 0x0000, 0x0000, 0x0000, 0x0000, 0x0000, 0x0000, },
    {0x0000, 0x0000, 0x0000, 0x0000, 0x0000, 0x0000, 0x0000, 0x0000, 0x0000, 0x0000, 0x0000, 0x0000, 0xff5b, 0xff5b, 0xabac, 0x0000, 0x0000, 0x0000, 0x0000, 0x0000, 0xff5b, 0xff5b, 0xabac, 0x0000, 0x0000, 0x0000, 0x0000, 0x0000, 0x0000, 0x0000, 0x0000, 0x0000, },
    {0x0000, 0x0000, 0x0000, 0x0000, 0x0000, 0x0000, 0x0000, 0x0000, 0x0000, 0x0000, 0x0000, 0x0000, 0xff5b, 0xabac, 0x0000, 0x0000, 0x0000, 0x0000, 0x0000, 0x0000, 0x0000, 0xff5b, 0xff5b, 0xabac, 0x0000, 0x0000, 0x0000, 0x0000, 0x0000, 0x0000, 0x0000, 0x0000, },
  },
  {
    {0x0000, 0x0000, 0x0000, 0x0000, 0x0000, 0x0000, 0x0000, 0x0000, 0x0000, 0x0000, 0x0000, 0x0000, 0x0000, 0x0000, 0x0000, 0x0000, 0x0000, 0x0000, 0x0000, 0x0000, 0x0000, 0x0000, 0x0000, 0x0000, 0x0000, 0x0000, 0x0000, 0x0000, 0x0000, 0x0000, 0x0000, 0x0000, },
    {0x0000, 0x0000, 0x0000, 0x0000, 0x0000, 0x0000, 0x0000, 0x0000, 0x0000, 0x0000, 0x0000, 0x0000, 0x0000, 0x0000, 0x8b66, 0x8b66, 0x8b66, 0x8b66, 0x8b66, 0x8b66, 0x0000, 0x0000, 0x0000, 0x0000, 0x0000, 0x0000, 0x0000, 0x0000, 0x0000, 0x0000, 0x0000, 0x0000, },
    {0x0000, 0x0000, 0x0000, 0x0000, 0x0000, 0x0000, 0x0000, 0x0000, 0x0000, 0x0000, 0x0000, 0x0000, 0x8b66, 0x8b66, 0xffbb, 0xffbb, 0xffbb, 0xffbb, 0xffbb, 0xffbb, 0x8b66, 0x0000, 0x0000, 0x0000, 0x0000, 0x0000, 0x0000, 0x0000, 0x0000, 0x0000, 0x0000, 0x0000, },
    {0x0000, 0x0000, 0x0000, 0x0000, 0x0000, 0x0000, 0x0000, 0x0000, 0x0000, 0x0000, 0x0000, 0x8b66, 0xffbb, 0xffbb, 0xffbb, 0xffbb, 0xffbb, 0xffbb, 0xffbb, 0xffbb, 0xffbb, 0x8b66, 0x0000, 0x0000, 0x0000, 0x0000, 0x0000, 0x0000, 0x0000, 0x0000, 0x0000, 0x0000, },
    {0x0000, 0x0000, 0x0000, 0x0000, 0x0000, 0x0000, 0x0000, 0x0000, 0x0000, 0x0000, 0x8b66, 0xffbb, 0xffbb, 0xffbb, 0xffbb, 0xffbb, 0xffbb, 0xffbb, 0xffbb, 0xffbb, 0xffbb, 0xffbb, 0x8b66, 0x0000, 0x0000, 0x0000, 0x0000, 0x0000, 0x0000, 0x0000, 0x0000, 0x0000, },
    {0x0000, 0x0000, 0x0000, 0x0000, 0x0000, 0x0000, 0x0000, 0x0000, 0x0000, 0x8b66, 0xffbb, 0xffbb, 0xffbb, 0xffbb, 0xffbb, 0xffbb, 0xffbb, 0xffbb, 0xffbb, 0xffbb, 0xffbb, 0xffbb, 0xffbb, 0x8b66, 0x0000, 0x0000, 0x0000, 0x0000, 0x0000, 0x0000, 0x0000, 0x0000, },
    {0x0000, 0x0000, 0x0000, 0x0000, 0x0000, 0x0000, 0x0000, 0x0000, 0x8b66, 0xffbb, 0xffbb, 0xffbb, 0xffbb, 0xffbb, 0xffbb, 0xffbb, 0xffbb, 0xffbb, 0xffbb, 0xffbb, 0xffbb, 0xffbb, 0xffbb, 0xffbb, 0x8b66, 0x0000, 0x0000, 0x0000, 0x0000, 0x0000, 0x0000, 0x0000, },
    {0x0000, 0x0000, 0x0000, 0x0000, 0x0000, 0x0000, 0x0000, 0x0000, 0x8b66, 0xffbb, 0xffbb, 0xffbb, 0xffbb, 0xffbb, 0xffbb, 0xf739, 0xff5b, 0xf739, 0xffbb, 0xff5b, 0xf739, 0xffbb, 0xffbb, 0xffbb, 0x8b66, 0x0000, 0x0000, 0x0000, 0x0000, 0x0000, 0x0000, 0x0000, },
    {0x0000, 0x0000, 0x0000, 0x0000, 0x0000, 0x0000, 0x0000, 0x8b66, 0xffbb, 0xffbb, 0xffbb, 0xffbb, 0xf739, 0xf739, 0xffbb, 0xff5b, 0xff5b, 0xff5b, 0xf739, 0xffbb, 0xff5b, 0xf739, 0xffbb, 0xffbb, 0xffbb, 0x8b66, 0x0000, 0x0000, 0x0000, 0x0000, 0x0000, 0x0000, },
    {0x0000, 0x0000, 0x0000, 0x0000, 0x0000, 0x0000, 0x0000, 0x8b66, 0xffbb, 0xffbb, 0xffbb, 0xf739, 0xff5b, 0xffbb, 0xffbb, 0xff5b, 0xff5b, 0xff5b, 0xff5b, 0xf739, 0xff5b, 0xf739, 0xffbb, 0xffbb, 0xffbb, 0xffbb, 0x8b66, 0x0000, 0x0000, 0x0000, 0x0000, 0x0000, },
    {0x0000, 0x0000, 0x0000, 0x0000, 0x0000, 0x0000, 0x0000, 0x8b66, 0xffbb, 0xffbb, 0xffbb, 0xf739, 0xff5b, 0xff5b, 0xffbb, 0xf739, 0xff5b, 0xff5b, 0xff5b, 0xff5b, 0xff5b, 0xf739, 0xffbb, 0xffbb, 0xffbb, 0xffbb, 0x8b66, 0x0000, 0x0000, 0x0000, 0x0000, 0x0000, },
    {0x0000, 0x0000, 0x0000, 0x0000, 0x0000, 0x0000, 0x0000, 0x8b66, 0xffbb, 0xffbb, 0xf739, 0xff5b, 0xff5b, 0xff5b, 0xff5b, 0xff5b, 0xff5b, 0xff5b, 0xff5b, 0xff5b, 0xff5b, 0xff5b, 0xf739, 0xffbb, 0xffbb, 0xffbb, 0xffbb, 0x8b66, 0x0000, 0x0000, 0x0000, 0x0000, },
    {0x0000, 0x0000, 0x0000, 0x0000, 0x0000, 0x0000, 0x0000, 0x8b66, 0xffbb, 0xffbb, 0xf739, 0xff5b, 0xff5b, 0xff5b, 0xff5b, 0xff5b, 0xff5b, 0xff5b, 0xff5b, 0xff5b, 0xff5b, 0xff5b, 0xf739, 0xf739, 0xffbb, 0xffbb, 0xffbb, 0x8b66, 0x0000, 0x0000, 0x0000, 0x0000, },
    {0x0000, 0x0000, 0x0000, 0x0000, 0x0000, 0x0000, 0x0000, 0x8b66, 0xffbb, 0xffbb, 0xffbb, 0xf739, 0xff5b, 0xff5b, 0xff5b, 0xff5b, 0xff5b, 0xff5b, 0xff5b, 0xff5b, 0xff5b, 0xff5b, 0xf739, 0xf739, 0xf739, 0xffbb, 0xffbb, 0x8b66, 0x0000, 0x0000, 0x0000, 0x0000, },
    {0x0000, 0x0000, 0x0000, 0x0000, 0x0000, 0x0000, 0x0000, 0x8b66, 0xffbb, 0xffbb, 0xffbb, 0xde33, 0xeaaa, 0xff5b, 0xff5b, 0xff5b, 0xff5b, 0xff5b, 0xff5b, 0xff5b, 0xeaaa, 0xde33, 0xf739, 0xf739, 0xf739, 0xffbb, 0xffbb, 0x8b66, 0x0000, 0x0000, 0x0000, 0x0000, },
    {0x0000, 0x0000, 0x0000, 0x0000, 0x0000, 0x0000, 0x0000, 0x8b66, 0xffbb, 0xffbb, 0xffbb, 0xde33, 0xde33, 0xff5b, 0xff5b, 0xff5b, 0xff5b, 0xff5b, 0xff5b, 0xff5b, 0xde33, 0xde33, 0xf739, 0xf739, 0xf739, 0xde33, 0xf75a, 0xffbb, 0x8b66, 0x0000, 0x0000, 0x0000, },
    {0x0000, 0x0000, 0x0000, 0x0000, 0x0000, 0x0000, 0x0000, 0x0000, 0x8b66, 0xffbb, 0xffbb, 0xffbb, 0xde33, 0xde33, 0xdedb, 0xfe35, 0xfe35, 0xfe35, 0xdedb, 0xdedb, 0xde33, 0xde33, 0xde33, 0xf739, 0xf739, 0xf75a, 0xde33, 0xffbb, 0x8b66, 0x0000, 0x0000, 0x0000, },
    {0x0000, 0x0000, 0x0000, 0x0000, 0x0000, 0x0000, 0x0000, 0xff5b, 0xff5b, 0xfe35, 0xff5b, 0xff5b, 0xff5b, 0xff5b, 0xffff, 0xffff, 0xffff, 0xffff, 0xffff, 0xfe35, 0xde33, 0xde33, 0xde33, 0xf739, 0xf739, 0xf739, 0xf75a, 0xffbb, 0x8b66, 0x0000, 0x0000, 0x0000, },
    {0x0000, 0x0000, 0x0000, 0x0000, 0x0000, 0x0000, 0x0000, 0x0000, 0xfe35, 0xfe35, 0xff5b, 0xff5b, 0xff5b, 0xff5b, 0xffff, 0xffff, 0xffff, 0xffff, 0xffff, 0xfe35, 0xfe35, 0xde33, 0xde33, 0xf739, 0xf739, 0xf739, 0xffbb, 0xde33, 0xffbb, 0x8b66, 0x0000, 0x0000, },
    {0x0000, 0x0000, 0x0000, 0x0000, 0x0000, 0x0000, 0x0000, 0x0000, 0x0000, 0x0000, 0x8b66, 0xffbb, 0xde33, 0xffff, 0xffff, 0xffff, 0xffff, 0xffff, 0xffff, 0xffff, 0xff5b, 0xff5b, 0xff5b, 0xf739, 0xf739, 0xf739, 0xffbb, 0xde33, 0xffbb, 0x8b66, 0x0000, 0x0000, },
    {0x0000, 0x0000, 0x0000, 0x0000, 0x0000, 0x0000, 0x0000, 0x0000, 0x0000, 0x0000, 0x8b66, 0xffbb, 0xffbb, 0xffff, 0xffff, 0xffff, 0xffff, 0xffff, 0xffff, 0xffff, 0xffff, 0xff5b, 0xff5b, 0xff5b, 0xef39, 0xde33, 0xffbb, 0xde33, 0xffbb, 0x8b66, 0x0000, 0x0000, },
    {0x0000, 0x0000, 0x0000, 0x0000, 0x0000, 0x0000, 0x0000, 0x0000, 0x0000, 0x0000, 0x0000, 0x8b66, 0xffbb, 0xffff, 0xffff, 0xffff, 0xffff, 0xffff, 0xffff, 0xffff, 0xffff, 0xbdf7, 0xbdf7, 0xf75a, 0xff5b, 0x8b66, 0xf739, 0xde33, 0x8b66, 0x8b66, 0x0000, 0x0000, },
    {0x0000, 0x0000, 0x0000, 0x0000, 0x0000, 0x0000, 0x0000, 0x0000, 0x0000, 0x0000, 0x0000, 0xbdf7, 0xffff, 0xffff, 0xffff, 0xffff, 0xffff, 0xffff, 0xffff, 0xffff, 0xffff, 0xdedb, 0xbdf7, 0xffbb, 0x0000, 0x8b66, 0xf739, 0xde33, 0x8b66, 0x0000, 0x0000, 0x0000, },
    {0x0000, 0x0000, 0x0000, 0x0000, 0x0000, 0x0000, 0x0000, 0x0000, 0x0000, 0x0000, 0x0000, 0xbdf7, 0xffff, 0xffff, 0xffff, 0xffff, 0xffff, 0xffff, 0xffff, 0xffff, 0xffff, 0xdedb, 0xbdf7, 0xffbb, 0x0000, 0x8b66, 0xffbb, 0x8b66, 0x0000, 0x0000, 0x0000, 0x0000, },
    {0x0000, 0x0000, 0x0000, 0x0000, 0x0000, 0x0000, 0x0000, 0x0000, 0x0000, 0x0000, 0x0000, 0xbdf7, 0xffff, 0xffff, 0xffff, 0xffff, 0xffff, 0xffff, 0xffff, 0xffff, 0xffff, 0xffff, 0xdedb, 0xffbb, 0x0000, 0x8b66, 0xffbb, 0x0000, 0x0000, 0x0000, 0x0000, 0x0000, },
    {0x0000, 0x0000, 0x0000, 0x0000, 0x0000, 0x0000, 0x0000, 0x0000, 0x0000, 0x0000, 0xbdf7, 0xffff, 0xffff, 0xffff, 0xffff, 0xffff, 0xffff, 0xffff, 0xffff, 0xffff, 0xffff, 0xffff, 0xdedb, 0xbdf7, 0x0000, 0xffbb, 0x0000, 0x0000, 0x0000, 0x0000, 0x0000, 0x0000, },
    {0x0000, 0x0000, 0x0000, 0x0000, 0x0000, 0x0000, 0x0000, 0x0000, 0x0000, 0x0000, 0xbdf7, 0xffff, 0xffff, 0xffff, 0xffff, 0xffff, 0xffff, 0xffff, 0xffff, 0xffff, 0xffff, 0xffff, 0xffff, 0xffff, 0xbdf7, 0x0000, 0x0000, 0x0000, 0x0000, 0x0000, 0x0000, 0x0000, },
    {0x0000, 0x0000, 0x0000, 0x0000, 0x0000, 0x0000, 0x0000, 0x0000, 0x0000, 0x0000, 0xbdf7, 0xffff, 0xffff, 0xffff, 0xfe35, 0xbdf7, 0xbdf7, 0xffff, 0xffff, 0xffff, 0xffff, 0xffff, 0xffff, 0xffff, 0xffff, 0xbdf7, 0x0000, 0x0000, 0x0000, 0x0000, 0x0000, 0x0000, },
    {0x0000, 0x0000, 0x0000, 0x0000, 0x0000, 0x0000, 0x0000, 0x0000, 0x0000, 0x0000, 0xbdf7, 0xbdf7, 0xff5b, 0xff5b, 0xabac, 0x0000, 0x0000, 0x0000, 0xfe35, 0xff5b, 0xff5b, 0xdedb, 0xdedb, 0xdedb, 0xbdf7, 0x0000, 0x0000, 0x0000, 0x0000, 0x0000, 0x0000, 0x0000, },
    {0x0000, 0x0000, 0x0000, 0x0000, 0x0000, 0x0000, 0x0000, 0x0000, 0x0000, 0x0000, 0x0000, 0x0000, 0xff5b, 0xff5b, 0xabac, 0x0000, 0x0000, 0x0000, 0x0000, 0xfe35, 0xff5b, 0xff5b, 0xbdf7, 0xbdf7, 0x0000, 0x0000, 0x0000, 0x0000, 0x0000, 0x0000, 0x0000, 0x0000, },
    {0x0000, 0x0000, 0x0000, 0x0000, 0x0000, 0x0000, 0x0000, 0x0000, 0x0000, 0x0000, 0x0000, 0x0000, 0xff5b, 0xff5b, 0xabac, 0x0000, 0x0000, 0x0000, 0x0000, 0x0000, 0xff5b, 0xff5b, 0xabac, 0x0000, 0x0000, 0x0000, 0x0000, 0x0000, 0x0000, 0x0000, 0x0000, 0x0000, },
    {0x0000, 0x0000, 0x0000, 0x0000, 0x0000, 0x0000, 0x0000, 0x0000, 0x0000, 0x0000, 0x0000, 0x0000, 0xff5b, 0xabac, 0x0000, 0x0000, 0x0000, 0x0000, 0x0000, 0x0000, 0x0000, 0xff5b, 0xff5b, 0xabac, 0x0000, 0x0000, 0x0000, 0x0000, 0x0000, 0x0000, 0x0000, 0x0000, },
  },
  {
    {0x0000, 0x0000, 0x0000, 0x0000, 0x0000, 0x0000, 0x0000, 0x0000, 0x0000, 0x0000, 0x0000, 0x0000, 0x0000, 0x0000, 0x0000, 0x0000, 0x0000, 0x0000, 0x0000, 0x0000, 0x0000, 0x0000, 0x0000, 0x0000, 0x0000, 0x0000, 0x0000, 0x0000, 0x0000, 0x0000, 0x0000, 0x0000, },
    {0x0000, 0x0000, 0x0000, 0x0000, 0x0000, 0x0000, 0x0000, 0x0000, 0x0000, 0x0000, 0x0000, 0x0000, 0x0000, 0x0000, 0x8b66, 0x8b66, 0x8b66, 0x8b66, 0x8b66, 0x8b66, 0x0000, 0x0000, 0x0000, 0x0000, 0x0000, 0x0000, 0x0000, 0x0000, 0x0000, 0x0000, 0x0000, 0x0000, },
    {0x0000, 0x0000, 0x0000, 0x0000, 0x0000, 0x0000, 0x0000, 0x0000, 0x0000, 0x0000, 0x0000, 0x0000, 0x8b66, 0x8b66, 0xffbb, 0xffbb, 0xffbb, 0xffbb, 0xffbb, 0xffbb, 0x8b66, 0x0000, 0x0000, 0x0000, 0x0000, 0x0000, 0x0000, 0x0000, 0x0000, 0x0000, 0x0000, 0x0000, },
    {0x0000, 0x0000, 0x0000, 0x0000, 0x0000, 0x0000, 0x0000, 0x0000, 0x0000, 0x0000, 0x0000, 0x8b66, 0xffbb, 0xffbb, 0xffbb, 0xffbb, 0xffbb, 0xffbb, 0xffbb, 0xffbb, 0xffbb, 0x8b66, 0x0000, 0x0000, 0x0000, 0x0000, 0x0000, 0x0000, 0x0000, 0x0000, 0x0000, 0x0000, },
    {0x0000, 0x0000, 0x0000, 0x0000, 0x0000, 0x0000, 0x0000, 0x0000, 0x0000, 0x0000, 0x8b66, 0xffbb, 0xffbb, 0xffbb, 0xffbb, 0xffbb, 0xffbb, 0xffbb, 0xffbb, 0xffbb, 0xffbb, 0xffbb, 0x8b66, 0x0000, 0x0000, 0x0000, 0x0000, 0x0000, 0x0000, 0x0000, 0x0000, 0x0000, },
    {0x0000, 0x0000, 0x0000, 0x0000, 0x0000, 0x0000, 0x0000, 0x0000, 0x0000, 0x8b66, 0xffbb, 0xffbb, 0xffbb, 0xffbb, 0xffbb, 0xffbb, 0xffbb, 0xffbb, 0xffbb, 0xffbb, 0xffbb, 0xffbb, 0xffbb, 0x8b66, 0x0000, 0x0000, 0x0000, 0x0000, 0x0000, 0x0000, 0x0000, 0x0000, },
    {0x0000, 0x0000, 0x0000, 0x0000, 0x0000, 0x0000, 0x0000, 0x0000, 0x8b66, 0xffbb, 0xffbb, 0xffbb, 0xffbb, 0xffbb, 0xffbb, 0xffbb, 0xffbb, 0xffbb, 0xffbb, 0xffbb, 0xffbb, 0xffbb, 0xffbb, 0xffbb, 0x8b66, 0x0000, 0x0000, 0x0000, 0x0000, 0x0000, 0x0000, 0x0000, },
    {0x0000, 0x0000, 0x0000, 0x0000, 0x0000, 0x0000, 0x0000, 0x0000, 0x8b66, 0xffbb, 0xffbb, 0xffbb, 0xffbb, 0xffbb, 0xffbb, 0xffbb, 0xffbb, 0xffbb, 0xffbb, 0xffbb, 0xffbb, 0xffbb, 0xffbb, 0xffbb, 0x8b66, 0x0000, 0x0000, 0x0000, 0x0000, 0x0000, 0x0000, 0x0000, },
    {0x0000, 0x0000, 0x0000, 0x0000, 0x0000, 0x0000, 0x0000, 0x8b66, 0xffbb, 0xffbb, 0xffbb, 0xffbb, 0xffbb, 0xffbb, 0xffbb, 0xffbb, 0xffbb, 0xffbb, 0xffbb, 0xffbb, 0xffbb, 0xffbb, 0xffbb, 0xffbb, 0xffbb, 0x8b66, 0x0000, 0x0000, 0x0000, 0x0000, 0x0000, 0x0000, },
    {0x0000, 0x0000, 0x0000, 0x0000, 0x0000, 0x0000, 0x0000, 0x8b66, 0xffbb, 0xffbb, 0xffbb, 0xffbb, 0xffbb, 0xffbb, 0xffbb, 0xffbb, 0xffbb, 0xffbb, 0xffbb, 0xffbb, 0xffbb, 0xffbb, 0xffbb, 0xffbb, 0xffbb, 0x8b66, 0x0000, 0x0000, 0x0000, 0x0000, 0x0000, 0x0000, },
    {0x0000, 0x0000, 0x0000, 0x0000, 0x0000, 0x0000, 0x8b66, 0xffbb, 0xffbb, 0xffbb, 0xffbb, 0xffbb, 0xffbb, 0xffbb, 0xffbb, 0xffbb, 0xffbb, 0xffbb, 0xffbb, 0xffbb, 0xffbb, 0xffbb, 0xffbb, 0xffbb, 0xffbb, 0x8b66, 0x0000, 0x0000, 0x0000, 0x0000, 0x0000, 0x0000, },
    {0x0000, 0x0000, 0x0000, 0x0000, 0x0000, 0x0000, 0x8b66, 0xffbb, 0xffbb, 0xffbb, 0xffbb, 0xffbb, 0xffbb, 0xffbb, 0xffbb, 0xffbb, 0xffbb, 0xffbb, 0xffbb, 0xffbb, 0xffbb, 0xffbb, 0xffbb, 0xffbb, 0xffbb, 0x8b66, 0x0000, 0x0000, 0x0000, 0x0000, 0x0000, 0x0000, },
    {0x0000, 0x0000, 0x0000, 0x0000, 0x0000, 0x0000, 0x8b66, 0xffbb, 0xffbb, 0xffbb, 0xffbb, 0xffbb, 0xffbb, 0xffbb, 0xffbb, 0xffbb, 0xffbb, 0xffbb, 0xffbb, 0xffbb, 0xf739, 0xffbb, 0xffbb, 0xffbb, 0xffbb, 0x8b66, 0x0000, 0x0000, 0x0000, 0x0000, 0x0000, 0x0000, },
    {0x0000, 0x0000, 0x0000, 0x0000, 0x0000, 0x0000, 0x8b66, 0xffbb, 0xffbb, 0xffbb, 0xffbb, 0xffbb, 0xffbb, 0xffbb, 0xffbb, 0xffbb, 0xffbb, 0xffbb, 0xffbb, 0xffbb, 0xf739, 0xf739, 0xffbb, 0xffbb, 0xffbb, 0x8b66, 0x0000, 0x0000, 0x0000, 0x0000, 0x0000, 0x0000, },
    {0x0000, 0x0000, 0x0000, 0x0000, 0x0000, 0x0000, 0x8b66, 0xffbb, 0xffbb, 0xffbb, 0xffbb, 0xffbb, 0xffbb, 0xffbb, 0xffbb, 0xffbb, 0xffbb, 0xffbb, 0xffbb, 0xffbb, 0xffbb, 0xf739, 0xffbb, 0xffbb, 0xffbb, 0x8b66, 0x0000, 0x0000, 0x0000, 0x0000, 0x0000, 0x0000, },
    {0x0000, 0x0000, 0x0000, 0x0000, 0x0000, 0x8b66, 0xffbb, 0xf75a, 0xffbb, 0xffbb, 0xffbb, 0xffbb, 0xffbb, 0xffbb, 0xffbb, 0xffbb, 0xffbb, 0xffbb, 0xffbb, 0xffbb, 0xffbb, 0xf739, 0xf75a, 0xffbb, 0xffbb, 0x8b66, 0x0000, 0x0000, 0x0000, 0x0000, 0x0000, 0x0000, },
    {0x0000, 0x0000, 0x0000, 0x0000, 0x0000, 0x8b66, 0xffbb, 0xde33, 0x8b66, 0xffbb, 0xf739, 0xffbb, 0xffbb, 0xffbb, 0xffbb, 0xffbb, 0xffbb, 0xffbb, 0xffbb, 0xffbb, 0xffbb, 0xf739, 0xde33, 0xf75a, 0xffbb, 0xffbb, 0x8b66, 0x0000, 0x0000, 0x0000, 0x0000, 0x0000, },
    {0x0000, 0x0000, 0x0000, 0x0000, 0x0000, 0x8b66, 0xffbb, 0xde33, 0xffbb, 0xf739, 0xf739, 0xffbb, 0xffbb, 0xde33, 0xffbb, 0xffbb, 0xffbb, 0xffbb, 0xffbb, 0xffbb, 0xffbb, 0xf739, 0xf75a, 0xde33, 0xffbb, 0xffbb, 0x8b66, 0x0000, 0x0000, 0x0000, 0x0000, 0x0000, },
    {0x0000, 0x0000, 0x0000, 0x0000, 0x0000, 0x8b66, 0xffbb, 0x8b66, 0xffbb, 0xf739, 0xf739, 0xffbb, 0xffbb, 0xde33, 0xffbb, 0xffbb, 0xffbb, 0xffbb, 0xffbb, 0xffbb, 0xffbb, 0xf739, 0xffbb, 0xde33, 0xde33, 0xffbb, 0xffbb, 0x8b66, 0x0000, 0x0000, 0x0000, 0x0000, },
    {0x0000, 0x0000, 0x0000, 0x0000, 0x0000, 0x8b66, 0x8b66, 0x8b66, 0xffbb, 0xde33, 0xef39, 0xffbb, 0xffbb, 0xde33, 0xffbb, 0xffbb, 0xffbb, 0xffbb, 0xffbb, 0xffbb, 0xde33, 0xf739, 0xffbb, 0x8b66, 0xde33, 0xffbb, 0xffbb, 0x8b66, 0x0000, 0x0000, 0x0000, 0x0000, },
    {0x0000, 0x0000, 0x0000, 0x0000, 0x0000, 0x8b66, 0x8b66, 0x8b66, 0xf739, 0x8b66, 0xffbb, 0xffbb, 0xffbb, 0xde33, 0xffbb, 0xffbb, 0xffbb, 0xffbb, 0xffbb, 0xffbb, 0xde33, 0xef39, 0xffbb, 0x8b66, 0xde33, 0x8b66, 0xffbb, 0x8b66, 0x0000, 0x0000, 0x0000, 0x0000, },
    {0x0000, 0x0000, 0x0000, 0x0000, 0x0000, 0x0000, 0x8b66, 0x8b66, 0xf739, 0x8b66, 0x0000, 0xffbb, 0xffbb, 0xde33, 0xffff, 0xffbb, 0xffbb, 0xffbb, 0xffbb, 0xffbb, 0xde33, 0xf739, 0xf739, 0x8b66, 0xde33, 0x8b66, 0x8b66, 0x8b66, 0x0000, 0x0000, 0x0000, 0x0000, },
    {0x0000, 0x0000, 0x0000, 0x0000, 0x0000, 0x0000, 0x8b66, 0x0000, 0xffbb, 0x8b66, 0x0000, 0xffbb, 0xde33, 0xffff, 0xffff, 0xffbb, 0xffbb, 0xffbb, 0xffbb, 0xffff, 0xffff, 0xf739, 0xf739, 0x8b66, 0xde33, 0x8b66, 0x0000, 0x0000, 0x0000, 0x0000, 0x0000, 0x0000, },
    {0x0000, 0x0000, 0x0000, 0x0000, 0x0000, 0x0000, 0x0000, 0x0000, 0xffbb, 0x8b66, 0x0000, 0xffbb, 0xde33, 0xffff, 0xffff, 0xffbb, 0xffbb, 0xffbb, 0xffff, 0xffff, 0xffff, 0xf739, 0xffbb, 0x0000, 0x8b66, 0x0000, 0x0000, 0x0000, 0x0000, 0x0000, 0x0000, 0x0000, },
    {0x0000, 0x0000, 0x0000, 0x0000, 0x0000, 0x0000, 0x0000, 0x0000, 0x0000, 0xffbb, 0x0000, 0xd69a, 0xffff, 0xffff, 0xffff, 0xffbb, 0xffbb, 0xffff, 0xffff, 0xffff, 0xffff, 0xf739, 0xffbb, 0x0000, 0x0000, 0x0000, 0x0000, 0x0000, 0x0000, 0x0000, 0x0000, 0x0000, },
    {0x0000, 0x0000, 0x0000, 0x0000, 0x0000, 0x0000, 0x0000, 0x0000, 0x0000, 0x0000, 0xd69a, 0xffff, 0xffff, 0xffff, 0xffff, 0xffbb, 0xffff, 0xffff, 0xffff, 0xffff, 0xffff, 0xffff, 0xffbb, 0x0000, 0x0000, 0x0000, 0x0000, 0x0000, 0x0000, 0x0000, 0x0000, 0x0000, },
    {0x0000, 0x0000, 0x0000, 0x0000, 0x0000, 0x0000, 0x0000, 0x0000, 0x0000, 0x0000, 0xd69a, 0xffff, 0xffff, 0xffff, 0xffff, 0xffff, 0xffff, 0xffff, 0xffff, 0xffff, 0xffff, 0xffff, 0xffff, 0xd69a, 0x0000, 0x0000, 0x0000, 0x0000, 0x0000, 0x0000, 0x0000, 0x0000, },
    {0x0000, 0x0000, 0x0000, 0x0000, 0x0000, 0x0000, 0x0000, 0x0000, 0x0000, 0xd69a, 0xffff, 0xffff, 0xffff, 0xffff, 0xffff, 0xffff, 0xffff, 0xffff, 0xffff, 0xffff, 0xffff, 0xffff, 0xffff, 0xd69a, 0x0000, 0x0000, 0x0000, 0x0000, 0x0000, 0x0000, 0x0000, 0x0000, },
    {0x0000, 0x0000, 0x0000, 0x0000, 0x0000, 0x0000, 0x0000, 0x0000, 0x0000, 0xd69a, 0xffff, 0xffff, 0xffff, 0xffff, 0xffff, 0xffff, 0xffff, 0xffff, 0xffff, 0xffff, 0xffff, 0xbdf7, 0xbdf7, 0xbdf7, 0x0000, 0x0000, 0x0000, 0x0000, 0x0000, 0x0000, 0x0000, 0x0000, },
    {0x0000, 0x0000, 0x0000, 0x0000, 0x0000, 0x0000, 0x0000, 0x0000, 0x0000, 0x0000, 0x0000, 0x0000, 0xff5b, 0xffff, 0xffff, 0xffff, 0xffff, 0xffff, 0xffff, 0xffff, 0xff5b, 0x0000, 0x0000, 0x0000, 0x0000, 0x0000, 0x0000, 0x0000, 0x0000, 0x0000, 0x0000, 0x0000, },
    {0x0000, 0x0000, 0x0000, 0x0000, 0x0000, 0x0000, 0x0000, 0x0000, 0x0000, 0x0000, 0x0000, 0x0000, 0xff5b, 0xff5b, 0xabac, 0x0000, 0x0000, 0x0000, 0xabac, 0xff5b, 0xff5b, 0x0000, 0x0000, 0x0000, 0x0000, 0x0000, 0x0000, 0x0000, 0x0000, 0x0000, 0x0000, 0x0000, },
    {0x0000, 0x0000, 0x0000, 0x0000, 0x0000, 0x0000, 0x0000, 0x0000, 0x0000, 0x0000, 0x0000, 0x0000, 0xff5b, 0xabac, 0x0000, 0x0000, 0x0000, 0x0000, 0x0000, 0xabac, 0xff5b, 0x0000, 0x0000, 0x0000, 0x0000, 0x0000, 0x0000, 0x0000, 0x0000, 0x0000, 0x0000, 0x0000, },
  },
  {
    {0x0000, 0x0000, 0x0000, 0x0000, 0x0000, 0x0000, 0x0000, 0x0000, 0x0000, 0x0000, 0x0000, 0x0000, 0x0000, 0x0000, 0x0000, 0x0000, 0x0000, 0x0000, 0x0000, 0x0000, 0x0000, 0x0000, 0x0000, 0x0000, 0x0000, 0x0000, 0x0000, 0x0000, 0x0000, 0x0000, 0x0000, 0x0000, },
    {0x0000, 0x0000, 0x0000, 0x0000, 0x0000, 0x0000, 0x0000, 0x0000, 0x0000, 0x0000, 0x0000, 0x0000, 0x0000, 0x0000, 0x0000, 0x0000, 0x0000, 0x0000, 0x0000, 0x0000, 0x0000, 0x0000, 0x0000, 0x0000, 0x0000, 0x0000, 0x0000, 0x0000, 0x0000, 0x0000, 0x0000, 0x0000, },
    {0x0000, 0x0000, 0x0000, 0x0000, 0x0000, 0x0000, 0x0000, 0x0000, 0x0000, 0x0000, 0x0000, 0x0000, 0x0000, 0x0000, 0x0000, 0x0000, 0x0000, 0x0000, 0x0000, 0x0000, 0x0000, 0x0000, 0x0000, 0x0000, 0x0000, 0x0000, 0x0000, 0x0000, 0x0000, 0x0000, 0x0000, 0x0000, },
    {0x0000, 0x0000, 0x0000, 0x0000, 0x0000, 0x0000, 0x0000, 0x0000, 0x0000, 0x0000, 0x0000, 0x0000, 0x0000, 0x0000, 0x0000, 0x0000, 0x0000, 0x0000, 0x0000, 0x0000, 0x0000, 0x0000, 0x0000, 0x0000, 0x0000, 0x0000, 0x0000, 0x0000, 0x0000, 0x0000, 0x0000, 0x0000, },
    {0x0000, 0x0000, 0x0000, 0x0000, 0x0000, 0x0000, 0x0000, 0x0000, 0x0000, 0x0000, 0x0000, 0x0000, 0x0000, 0x0000, 0x0000, 0x0000, 0x0000, 0x0000, 0x0000, 0x0000, 0x0000, 0x0000, 0x0000, 0x0000, 0x0000, 0x0000, 0x0000, 0x0000, 0x0000, 0x0000, 0x0000, 0x0000, },
    {0x0000, 0x0000, 0x0000, 0x0000, 0x0000, 0x0000, 0x0000, 0x0000, 0x0000, 0x0000, 0x0000, 0x0000, 0x0000, 0x0000, 0x0000, 0x0000, 0x0000, 0x0000, 0x0000, 0x0000, 0x0000, 0x0000, 0x0000, 0x0000, 0x0000, 0x0000, 0x0000, 0x0000, 0x0000, 0x0000, 0x0000, 0x0000, },
    {0x0000, 0x0000, 0x0000, 0x0000, 0x0000, 0x0000, 0x0000, 0x0000, 0x0000, 0x0000, 0x0000, 0x0000, 0x0000, 0x0000, 0x0000, 0x0000, 0x0000, 0x0000, 0x0000, 0x0000, 0x0000, 0x0000, 0x0000, 0x0000, 0x0000, 0x0000, 0x0000, 0x0000, 0x0000, 0x0000, 0x0000, 0x0000, },
    {0x0000, 0x0000, 0x0000, 0x0000, 0x0000, 0x0000, 0x0000, 0x0000, 0x0000, 0x0000, 0x0000, 0x0000, 0x0000, 0x0000, 0x0000, 0x0000, 0x0000, 0x0000, 0x0000, 0x0000, 0x0000, 0x0000, 0x0000, 0x0000, 0x0000, 0x0000, 0x0000, 0x0000, 0x0000, 0x0000, 0x0000, 0x0000, },
    {0x0000, 0x0000, 0x0000, 0x0000, 0x0000, 0x0000, 0x0000, 0x0000, 0x0000, 0x0000, 0x0000, 0x0000, 0x0000, 0x0000, 0x8b66, 0x8b66, 0x8b66, 0x8b66, 0x8b66, 0x8b66, 0x0000, 0x0000, 0x0000, 0x0000, 0x0000, 0x0000, 0x0000, 0x0000, 0x0000, 0x0000, 0x0000, 0x0000, },
    {0x0000, 0x0000, 0x0000, 0x0000, 0x0000, 0x0000, 0x0000, 0x0000, 0x0000, 0x0000, 0x0000, 0x0000, 0x8b66, 0x8b66, 0xffbb, 0xffbb, 0xffbb, 0xffbb, 0xffbb, 0xffbb, 0x8b66, 0x0000, 0x0000, 0x0000, 0x0000, 0x0000, 0x0000, 0x0000, 0x0000, 0x0000, 0x0000, 0x0000, },
    {0x0000, 0x0000, 0x0000, 0x0000, 0x0000, 0x0000, 0x0000, 0x0000, 0x0000, 0x0000, 0x0000, 0x8b66, 0xffbb, 0xffbb, 0xffbb, 0xffbb, 0xffbb, 0xffbb, 0xffbb, 0xffbb, 0xffbb, 0x8b66, 0x0000, 0x0000, 0x0000, 0x0000, 0x0000, 0x0000, 0x0000, 0x0000, 0x0000, 0x0000, },
    {0x0000, 0x0000, 0x0000, 0x0000, 0x0000, 0x0000, 0x0000, 0x0000, 0x0000, 0x0000, 0x8b66, 0xffbb, 0xffbb, 0xffbb, 0xffbb, 0xffbb, 0xffbb, 0xffbb, 0xffbb, 0xffbb, 0xffbb, 0xffbb, 0x8b66, 0x0000, 0x0000, 0x0000, 0x0000, 0x0000, 0x0000, 0x0000, 0x0000, 0x0000, },
    {0x0000, 0x0000, 0x0000, 0x0000, 0x0000, 0x0000, 0x0000, 0x0000, 0x0000, 0x8b66, 0xffbb, 0xffbb, 0xffbb, 0xffbb, 0xffbb, 0xffbb, 0xffbb, 0xffbb, 0xffbb, 0xffbb, 0xffbb, 0xffbb, 0xffbb, 0x8b66, 0x0000, 0x0000, 0x0000, 0x0000, 0x0000, 0x0000, 0x0000, 0x0000, },
    {0x0000, 0x0000, 0x0000, 0x0000, 0x0000, 0x0000, 0x0000, 0x0000, 0x8b66, 0xffbb, 0xffbb, 0xffbb, 0xffbb, 0xffbb, 0xffbb, 0xffbb, 0xffbb, 0xffbb, 0xffbb, 0xffbb, 0xffbb, 0xffbb, 0xffbb, 0xffbb, 0x8b66, 0x0000, 0x0000, 0x0000, 0x0000, 0x0000, 0x0000, 0x0000, },
    {0x0000, 0x0000, 0x0000, 0x0000, 0x0000, 0x0000, 0x0000, 0x0000, 0x8b66, 0xffbb, 0xffbb, 0xffbb, 0xffbb, 0xffbb, 0xffbb, 0xf739, 0xff5b, 0xf739, 0xffbb, 0xff5b, 0xf739, 0xffbb, 0xffbb, 0xffbb, 0x8b66, 0x0000, 0x0000, 0x0000, 0x0000, 0x0000, 0x0000, 0x0000, },
    {0x0000, 0x0000, 0x0000, 0x0000, 0x0000, 0x0000, 0x0000, 0x8b66, 0xffbb, 0xffbb, 0xffbb, 0xffbb, 0xf739, 0xf739, 0xffbb, 0xff5b, 0xff5b, 0xff5b, 0xf739, 0xffbb, 0xff5b, 0xf739, 0xffbb, 0xffbb, 0xffbb, 0x8b66, 0x0000, 0x0000, 0x0000, 0x0000, 0x0000, 0x0000, },
    {0x0000, 0x0000, 0x0000, 0x0000, 0x0000, 0x0000, 0x0000, 0x8b66, 0xffbb, 0xffbb, 0xffbb, 0xf739, 0xff5b, 0xffbb, 0xffbb, 0xff5b, 0xff5b, 0xff5b, 0xff5b, 0xf739, 0xff5b, 0xf739, 0xffbb, 0xffbb, 0xffbb, 0x8b66, 0x0000, 0x0000, 0x0000, 0x0000, 0x0000, 0x0000, },
    {0x0000, 0x0000, 0x0000, 0x0000, 0x0000, 0x0000, 0x0000, 0x8b66, 0xffbb, 0xffbb, 0xffbb, 0xf739, 0xff5b, 0xff5b, 0xffbb, 0xf739, 0xff5b, 0xff5b, 0xff5b, 0xff5b, 0xff5b, 0xf739, 0xffbb, 0xffbb, 0xffbb, 0x8b66, 0x0000, 0x0000, 0x0000, 0x0000, 0x0000, 0x0000, },
    {0x0000, 0x0000, 0x0000, 0x0000, 0x0000, 0x0000, 0x0000, 0x8b66, 0xffbb, 0xffbb, 0xf739, 0xff5b, 0xff5b, 0xff5b, 0xff5b, 0xff5b, 0xff5b, 0xff5b, 0xff5b, 0xff5b, 0xff5b, 0xff5b, 0xf739, 0xffbb, 0xffbb, 0x8b66, 0x0000, 0x0000, 0x0000, 0x0000, 0x0000, 0x0000, },
    {0x0000, 0x0000, 0x0000, 0x0000, 0x0000, 0x0000, 0x0000, 0x8b66, 0xffbb, 0xffbb, 0xf739, 0xff5b, 0xff5b, 0xff5b, 0xff5b, 0xff5b, 0xff5b, 0xff5b, 0xff5b, 0xff5b, 0xff5b, 0xff5b, 0xf739, 0xf739, 0xffbb, 0x8b66, 0x0000, 0x0000, 0x0000, 0x0000, 0x0000, 0x0000, },
    {0x0000, 0x0000, 0x0000, 0x0000, 0x0000, 0x0000, 0x0000, 0x8b66, 0xffbb, 0xffbb, 0xffbb, 0xf739, 0xff5b, 0xff5b, 0xff5b, 0xff5b, 0xff5b, 0xff5b, 0xff5b, 0xff5b, 0xff5b, 0xff5b, 0xf739, 0xf739, 0xf739, 0x8b66, 0x0000, 0x0000, 0x0000, 0x0000, 0x0000, 0x0000, },
    {0x0000, 0x0000, 0x0000, 0x0000, 0x0000, 0x0000, 0x0000, 0x8b66, 0xffbb, 0xffbb, 0xffbb, 0xde33, 0xeaaa, 0xff5b, 0xff5b, 0xff5b, 0xff5b, 0xff5b, 0xff5b, 0xff5b, 0xeaaa, 0xde33, 0xf739, 0xf739, 0xf739, 0xffbb, 0x8b66, 0x0000, 0x0000, 0x0000, 0x0000, 0x0000, },
    {0x0000, 0x0000, 0x0000, 0x0000, 0x0000, 0x0000, 0x0000, 0x8b66, 0xffbb, 0xffbb, 0xffbb, 0xde33, 0xde33, 0xff5b, 0xff5b, 0xff5b, 0xff5b, 0xff5b, 0xff5b, 0xff5b, 0xde33, 0xde33, 0xf739, 0xf739, 0xf739, 0xffbb, 0x8b66, 0x0000, 0x0000, 0x0000, 0x0000, 0x0000, },
    {0x0000, 0x0000, 0x0000, 0x0000, 0x0000, 0x0000, 0x0000, 0x0000, 0x8b66, 0xffbb, 0xffbb, 0xffbb, 0xde33, 0xde33, 0xdedb, 0xfe35, 0xfe35, 0xfe35, 0xdedb, 0xdedb, 0xde33, 0xde33, 0xde33, 0xf739, 0xffbb, 0xffbb, 0x8b66, 0x0000, 0x0000, 0x0000, 0x0000, 0x0000, },
    {0x0000, 0x0000, 0x0000, 0x0000, 0x0000, 0x0000, 0x0000, 0x0000, 0x8b66, 0xffbb, 0xffbb, 0xffbb, 0xde33, 0xde33, 0xff5b, 0xffff, 0xffff, 0xffff, 0xffff, 0xfe35, 0xde33, 0xde33, 0xde33, 0xf739, 0xffbb, 0xffbb, 0x8b66, 0x0000, 0x0000, 0x0000, 0x0000, 0x0000, },
    {0x0000, 0x0000, 0x0000, 0x0000, 0x0000, 0x0000, 0x0000, 0x0000, 0x8b66, 0xffbb, 0xffbb, 0xffbb, 0xde33, 0xff5b, 0xff5b, 0xffff, 0xffff, 0xffff, 0xffff, 0xfe35, 0xfe35, 0xde33, 0xde33, 0xf739, 0xf739, 0xffbb, 0x8b66, 0x0000, 0x0000, 0x0000, 0x0000, 0x0000, },
    {0x0000, 0x0000, 0x0000, 0x0000, 0x0000, 0x0000, 0x0000, 0x8b66, 0xffbb, 0xffbb, 0xffbb, 0xffbb, 0xde33, 0xff5b, 0xff5b, 0xffff, 0xffff, 0xffff, 0xff5b, 0xff5b, 0xff5b, 0xde33, 0xde33, 0xf739, 0xf739, 0xffbb, 0x0000, 0x0000, 0x0000, 0x0000, 0x0000, 0x0000, },
    {0x0000, 0x0000, 0x0000, 0x0000, 0x0000, 0x0000, 0x0000, 0x8b66, 0xffbb, 0xffbb, 0xffbb, 0xffbb, 0xffbb, 0xff5b, 0xff5b, 0xffff, 0xffff, 0xffff, 0xff5b, 0xff5b, 0xffff, 0xde33, 0xde33, 0xf739, 0xef39, 0x8b66, 0x0000, 0x0000, 0x0000, 0x0000, 0x0000, 0x0000, },
    {0x0000, 0x0000, 0x0000, 0x0000, 0x0000, 0x0000, 0x0000, 0x8b66, 0xffbb, 0xde33, 0xffbb, 0xffbb, 0xffff, 0xffff, 0xff5b, 0xffff, 0xffff, 0xff5b, 0xff5b, 0xffff, 0xffff, 0xbdf7, 0xde33, 0xf75a, 0xff5b, 0x8b66, 0x0000, 0x0000, 0x0000, 0x0000, 0x0000, 0x0000, },
    {0x0000, 0x0000, 0x0000, 0x0000, 0x0000, 0x0000, 0x0000, 0x8b66, 0xffbb, 0xde33, 0xffbb, 0xffff, 0xffff, 0xffff, 0xffff, 0xffff, 0xffff, 0xffff, 0xffff, 0xffff, 0xffff, 0xffff, 0xde33, 0xffbb, 0x8b66, 0x0000, 0x0000, 0x0000, 0x0000, 0x0000, 0x0000, 0x0000, },
    {0x0000, 0x0000, 0x0000, 0x0000, 0x0000, 0x0000, 0x0000, 0x8b66, 0xffbb, 0xde33, 0xffff, 0xffff, 0xffff, 0xffff, 0xffff, 0xffff, 0xffff, 0xffff, 0xffff, 0xffff, 0xffff, 0xffff, 0xbdf7, 0x8b66, 0x0000, 0x0000, 0x0000, 0x0000, 0x0000, 0x0000, 0x0000, 0x0000, },
    {0x0000, 0x0000, 0x0000, 0x0000, 0x0000, 0x0000, 0x0000, 0x0000, 0x8b66, 0xffff, 0xffff, 0xffff, 0xffff, 0xffff, 0xffff, 0xffff, 0xffff, 0xffff, 0xffff, 0xffff, 0xffff, 0xffff, 0xffff, 0xbdf7, 0xbdf7, 0x0000, 0x0000, 0x0000, 0x0000, 0x0000, 0x0000, 0x0000, },
  },
  {
    {0x0000, 0x0000, 0x0000, 0x0000, 0x0000, 0x0000, 0x0000, 0x0000, 0x0000, 0x0000, 0x0000, 0x0000, 0x0000, 0x0000, 0x0000, 0x0000, 0x0000, 0x0000, 0x0000, 0x0000, 0x0000, 0x0000, 0x0000, 0x0000, 0x0000, 0x0000, 0x0000, 0x0000, 0x0000, 0x0000, 0x0000, 0x0000, },
    {0x0000, 0x0000, 0x0000, 0x0000, 0x0000, 0x0000, 0x0000, 0x0000, 0x0000, 0x0000, 0x0000, 0x0000, 0x0000, 0x0000, 0x0000, 0x0000, 0x0000, 0x0000, 0x0000, 0x0000, 0x0000, 0x0000, 0x0000, 0x0000, 0x0000, 0x0000, 0x0000, 0x0000, 0x0000, 0x0000, 0x0000, 0x0000, },
    {0x0000, 0x0000, 0x0000, 0x0000, 0x0000, 0x0000, 0x0000, 0x0000, 0x0000, 0x0000, 0x0000, 0x0000, 0x0000, 0x0000, 0x0000, 0x0000, 0x0000, 0x0000, 0x0000, 0x0000, 0x0000, 0x0000, 0x0000, 0x0000, 0x0000, 0x0000, 0x0000, 0x0000, 0x0000, 0x0000, 0x0000, 0x0000, },
    {0x0000, 0x0000, 0x0000, 0x0000, 0x0000, 0x0000, 0x0000, 0x0000, 0x0000, 0x0000, 0x0000, 0x0000, 0x0000, 0x0000, 0x0000, 0x0000, 0x0000, 0x0000, 0x0000, 0x0000, 0x0000, 0x0000, 0x0000, 0x0000, 0x0000, 0x0000, 0x0000, 0x0000, 0x0000, 0x0000, 0x0000, 0x0000, },
    {0x0000, 0x0000, 0x0000, 0x0000, 0x0000, 0x0000, 0x0000, 0x0000, 0x0000, 0x0000, 0x0000, 0x0000, 0x0000, 0x0000, 0x0000, 0x0000, 0x0000, 0x0000, 0x0000, 0x0000, 0x0000, 0x0000, 0x0000, 0x0000, 0x0000, 0x0000, 0x0000, 0x0000, 0x0000, 0x0000, 0x0000, 0x0000, },
    {0x0000, 0x0000, 0x0000, 0x0000, 0x0000, 0x0000, 0x0000, 0x0000, 0x0000, 0x0000, 0x0000, 0x0000, 0x0000, 0x0000, 0x0000, 0x0000, 0x0000, 0x0000, 0x0000, 0x0000, 0x0000, 0x0000, 0x0000, 0x0000, 0x0000, 0x0000, 0x0000, 0x0000, 0x0000, 0x0000, 0x0000, 0x0000, },
    {0x0000, 0x0000, 0x0000, 0x0000, 0x0000, 0x0000, 0x0000, 0x0000, 0x0000, 0x0000, 0x0000, 0x0000, 0x0000, 0x0000, 0x0000, 0x0000, 0x0000, 0x0000, 0x0000, 0x0000, 0x0000, 0x0000, 0x0000, 0x0000, 0x0000, 0x0000, 0x0000, 0x0000, 0x0000, 0x0000, 0x0000, 0x0000, },
    {0x0000, 0x0000, 0x0000, 0x0000, 0x0000, 0x0000, 0x0000, 0x0000, 0x0000, 0x0000, 0x0000, 0x0000, 0x0000, 0x0000, 0x0000, 0x0000, 0x0000, 0x0000, 0x0000, 0x0000, 0x0000, 0x0000, 0x0000, 0x0000, 0x0000, 0x0000, 0x0000, 0x0000, 0x0000, 0x0000, 0x0000, 0x0000, },
    {0x0000, 0x0000, 0x0000, 0x0000, 0x0000, 0x0000, 0x0000, 0x0000, 0x0000, 0x0000, 0x0000, 0x0000, 0x0000, 0x0000, 0x0000, 0x0000, 0x0000, 0x0000, 0x0000, 0x0000, 0x0000, 0x0000, 0x0000, 0x0000, 0x0000, 0x0000, 0x0000, 0x0000, 0x0000, 0x0000, 0x0000, 0x0000, },
    {0x0000, 0x0000, 0x0000, 0x0000, 0x0000, 0x0000, 0x0000, 0x0000, 0x0000, 0x0000, 0x0000, 0x0000, 0x0000, 0x0000, 0x0000, 0x0000, 0x0000, 0x0000, 0x0000, 0x0000, 0x0000, 0x0000, 0x0000, 0x0000, 0x0000, 0x0000, 0x0000, 0x0000, 0x0000, 0x0000, 0x0000, 0x0000, },
    {0x0000, 0x0000, 0x0000, 0x0000, 0x0000, 0x0000, 0x0000, 0x0000, 0x0000, 0x0000, 0x0000, 0x0000, 0x0000, 0x0000, 0x0000, 0x0000, 0x0000, 0x0000, 0x0000, 0x0000, 0x0000, 0x0000, 0x0000, 0x0000, 0x0000, 0x0000, 0x0000, 0x0000, 0x0000, 0x0000, 0x0000, 0x0000, },
    {0x0000, 0x0000, 0x0000, 0x0000, 0x0000, 0x0000, 0x0000, 0x0000, 0x0000, 0x0000, 0x0000, 0x0000, 0x0000, 0x0000, 0x0000, 0x0000, 0x0000, 0x0000, 0x0000, 0x0000, 0x0000, 0x0000, 0x0000, 0x0000, 0x0000, 0x0000, 0x0000, 0x0000, 0x0000, 0x0000, 0x0000, 0x0000, },
    {0x0000, 0x0000, 0x0000, 0x0000, 0x0000, 0x0000, 0x0000, 0x0000, 0x0000, 0x0000, 0x0000, 0x0000, 0x0000, 0x0000, 0x0000, 0x0000, 0x0000, 0x0000, 0x0000, 0x0000, 0x0000, 0x0000, 0x0000, 0x0000, 0x0000, 0x0000, 0x0000, 0x0000, 0x0000, 0x0000, 0x0000, 0x0000, },
    {0x0000, 0x0000, 0x0000, 0x0000, 0x0000, 0x0000, 0x0000, 0x0000, 0x0000, 0x0000, 0x0000, 0x0000, 0x0000, 0x0000, 0x0000, 0x0000, 0x0000, 0x0000, 0x0000, 0x0000, 0x0000, 0x0000, 0x0000, 0x0000, 0x0000, 0x0000, 0x0000, 0x0000, 0x0000, 0x0000, 0x0000, 0x0000, },
    {0x0000, 0x0000, 0x0000, 0x0000, 0x0000, 0x0000, 0x0000, 0x0000, 0x0000, 0x0000, 0x0000, 0x0000, 0x0000, 0x0000, 0x0000, 0x0000, 0x0000, 0x0000, 0x0000, 0x0000, 0x0000, 0x0000, 0x0000, 0x0000, 0x0000, 0x0000, 0x0000, 0x0000, 0x0000, 0x0000, 0x0000, 0x0000, },
    {0x0000, 0x0000, 0x0000, 0x0000, 0x0000, 0x0000, 0x0000, 0x0000, 0x0000, 0x0000, 0x0000, 0x0000, 0x0000, 0x0000, 0x0000, 0x0000, 0x0000, 0x0000, 0x0000, 0x0000, 0x0000, 0x0000, 0x0000, 0x0000, 0x0000, 0x0000, 0x0000, 0x0000, 0x0000, 0x0000, 0x0000, 0x0000, },
    {0x0000, 0x0000, 0x0000, 0x0000, 0x0000, 0x0000, 0x0000, 0x0000, 0x0000, 0x0000, 0x0000, 0x0000, 0x0000, 0x0000, 0x0000, 0x0000, 0x0000, 0x0000, 0x0000, 0x0000, 0x0000, 0x0000, 0x0000, 0x0000, 0x0000, 0x0000, 0x0000, 0x0000, 0x0000, 0x0000, 0x0000, 0x0000, },
    {0x0000, 0x0000, 0x0000, 0x0000, 0x0000, 0x0000, 0x0000, 0x0000, 0x0000, 0x0000, 0x0000, 0x0000, 0x0000, 0x0000, 0x0000, 0x0000, 0x0000, 0x0000, 0x0000, 0x0000, 0x0000, 0x0000, 0x0000, 0x0000, 0x0000, 0x0000, 0x0000, 0x0000, 0x0000, 0x0000, 0x0000, 0x0000, },
    {0x0000, 0x0000, 0x0000, 0x0000, 0x0000, 0x0000, 0xffff, 0x0000, 0x0000, 0x0000, 0x0000, 0xff5b, 0x0000, 0x0000, 0x0000, 0x0000, 0x0000, 0x0000, 0x0000, 0x0000, 0x0000, 0x0000, 0x0000, 0x0000, 0x0000, 0x0000, 0x0000, 0x0000, 0x0000, 0x0000, 0x0000, 0x0000, },
    {0x0000, 0x0000, 0x0000, 0x0000, 0x0000, 0xbdf7, 0xffff, 0x0000, 0x0000, 0x0000, 0x0000, 0xff5b, 0x0000, 0x0000, 0x0000, 0x0000, 0x0000, 0x0000, 0x0000, 0x0000, 0x0000, 0x8b66, 0x8b66, 0x8b66, 0x8b66, 0x8b66, 0x8b66, 0x0000, 0x0000, 0x0000, 0x0000, 0x0000, },
    {0x0000, 0x0000, 0x0000, 0x0000, 0xbdf7, 0xffff, 0xffff, 0xffff, 0xbdf7, 0x0000, 0x0000, 0x0000, 0xff5b, 0x0000, 0x0000, 0x0000, 0x0000, 0x0000, 0x0000, 0x8b66, 0x8b66, 0xffbb, 0xffbb, 0xffbb, 0xffbb, 0xffbb, 0xffbb, 0x8b66, 0x0000, 0x0000, 0x0000, 0x0000, },
    {0x0000, 0x0000, 0xff5b, 0x0000, 0xbdf7, 0xffff, 0xffff, 0xffff, 0xbdf7, 0xbdf7, 0x0000, 0x0000, 0xff5b, 0xff5b, 0x0000, 0x0000, 0x0000, 0x0000, 0x8b66, 0xffbb, 0xffbb, 0xffbb, 0xffbb, 0xffbb, 0xffbb, 0xffbb, 0xffbb, 0xffbb, 0x8b66, 0x0000, 0x0000, 0x0000, },
    {0x0000, 0x0000, 0xfe35, 0xff5b, 0xff5b, 0xdedb, 0xffff, 0xffff, 0xffff, 0xffff, 0xbdf7, 0xbdf7, 0xfe35, 0xff5b, 0x0000, 0x0000, 0x0000, 0x8b66, 0xffbb, 0xffbb, 0xffbb, 0xffbb, 0xffbb, 0xffbb, 0xffbb, 0xffbb, 0xffbb, 0xffbb, 0xffbb, 0x8b66, 0x0000, 0x0000, },
    {0x0000, 0x0000, 0x0000, 0xfe35, 0xff5b, 0xff5b, 0xffff, 0xffff, 0xffff, 0xffff, 0xffff, 0xffff, 0xffff, 0xfe35, 0xff5b, 0x0000, 0x8b66, 0xffbb, 0xffbb, 0xffbb, 0xffbb, 0xffbb, 0xffbb, 0xffbb, 0xffbb, 0xffbb, 0xffbb, 0xffbb, 0xffbb, 0xffbb, 0x8b66, 0x0000, },
    {0x0000, 0x0000, 0x0000, 0x0000, 0xfe35, 0xff5b, 0xffff, 0xffff, 0xffff, 0xffff, 0xffff, 0xffff, 0xffff, 0xffff, 0xfe35, 0xffbb, 0xffbb, 0xffbb, 0xffbb, 0xffbb, 0xffbb, 0xff5b, 0xff5b, 0xff5b, 0xff5b, 0xffbb, 0xffbb, 0xffbb, 0xffbb, 0xffbb, 0xffbb, 0x8b66, },
    {0x0000, 0x0000, 0x0000, 0x0000, 0x0000, 0xfe35, 0xffff, 0xffff, 0xffff, 0xffff, 0xffff, 0xffff, 0xffff, 0xffff, 0xffff, 0xffff, 0xffbb, 0xffbb, 0xde33, 0xff5b, 0xeaaa, 0xff5b, 0xff5b, 0xff5b, 0xffbb, 0xf739, 0xffbb, 0xffbb, 0xffbb, 0xffbb, 0xffbb, 0x8b66, },
    {0x0000, 0x0000, 0x0000, 0x0000, 0x0000, 0xdedb, 0xffff, 0xffff, 0xffff, 0xffff, 0xffff, 0xffff, 0xffff, 0xffff, 0xffff, 0xffff, 0xffbb, 0xffbb, 0xde33, 0xff5b, 0xff5b, 0xff5b, 0xff5b, 0xff5b, 0xff5b, 0xff5b, 0xf739, 0xffbb, 0xffbb, 0xffbb, 0xffbb, 0x8b66, },
    {0x0000, 0x0000, 0x0000, 0x0000, 0x0000, 0xdedb, 0xffff, 0xffff, 0xffff, 0xffff, 0xffff, 0xffff, 0xffff, 0xffff, 0xffff, 0xffff, 0xf739, 0xde33, 0xfe35, 0xff5b, 0xff5b, 0xff5b, 0xff5b, 0xff5b, 0xff5b, 0xffbb, 0xffbb, 0xffbb, 0xffbb, 0xffbb, 0xffbb, 0x8b66, },
    {0x0000, 0x0000, 0x0000, 0x0000, 0x0000, 0xdedb, 0xffff, 0xffff, 0xffff, 0xffff, 0xffff, 0xffff, 0xffff, 0xffff, 0xffbb, 0xffbb, 0xffff, 0xffff, 0xfe35, 0xff5b, 0xff5b, 0xff5b, 0xff5b, 0xff5b, 0xf739, 0xff5b, 0xffbb, 0xffbb, 0xffbb, 0xffbb, 0xffbb, 0x8b66, },
    {0x0000, 0x0000, 0x0000, 0x0000, 0x0000, 0xdedb, 0xffff, 0xffff, 0xffff, 0xffff, 0xffff, 0xffff, 0xffff, 0xffff, 0xffbb, 0xf739, 0xffff, 0xffff, 0xfe35, 0xff5b, 0xff5b, 0xff5b, 0xff5b, 0xff5b, 0xff5b, 0xff5b, 0xf739, 0xffbb, 0xffbb, 0xffbb, 0xffbb, 0x8b66, },
    {0x0000, 0x0000, 0x0000, 0xff5b, 0xff5b, 0xff5b, 0xbdf7, 0xffff, 0xffff, 0xffff, 0xffff, 0xffff, 0xffff, 0xffbb, 0xf739, 0xffff, 0xff5b, 0xffff, 0xde33, 0xff5b, 0xff5b, 0xff5b, 0xff5b, 0xff5b, 0xff5b, 0xf739, 0xffbb, 0xffbb, 0xffbb, 0xffbb, 0xffbb, 0x8b66, },
    {0x0000, 0x0000, 0xfe35, 0xfe35, 0xfe35, 0xfe35, 0xbdf7, 0xbdf7, 0xbdf7, 0xbdf7, 0xbdf7, 0xbdf7, 0xffbb, 0xf739, 0xbdf7, 0xfe35, 0xfe35, 0xff5b, 0xff5b, 0xde33, 0xeaaa, 0xff5b, 0xff5b, 0xff5b, 0xffbb, 0xf739, 0xde33, 0xde33, 0xde33, 0xde33, 0x8b66, 0x0000, },
  },
  {
    {0x0000, 0x0000, 0x0000, 0x0000, 0x0000, 0x0000, 0x0000, 0x0000, 0x0000, 0x0000, 0x0000, 0x0000, 0x0000, 0x0000, 0x0000, 0x0000, 0x0000, 0x0000, 0x0000, 0x0000, 0x0000, 0x0000, 0x0000, 0x0000, 0x0000, 0x0000, 0x0000, 0x0000, 0x0000, 0x0000, 0x0000, 0x0000, },
    {0x0000, 0x0000, 0x0000, 0x0000, 0x0000, 0x0000, 0x0000, 0x0000, 0x0000, 0x0000, 0x0000, 0x0000, 0x0000, 0x0000, 0x0000, 0x0000, 0x0000, 0x0000, 0x0000, 0x0000, 0x0000, 0x0000, 0x0000, 0x0000, 0x0000, 0x0000, 0x0000, 0x0000, 0x0000, 0x0000, 0x0000, 0x0000, },
    {0x0000, 0x0000, 0x0000, 0x0000, 0x0000, 0x0000, 0x0000, 0x0000, 0x0000, 0x0000, 0x0000, 0x0000, 0x0000, 0x0000, 0x0000, 0x0000, 0x0000, 0x0000, 0x0000, 0x0000, 0x0000, 0x0000, 0x0000, 0x0000, 0x0000, 0x0000, 0x0000, 0x0000, 0x0000, 0x0000, 0x0000, 0x0000, },
    {0x0000, 0x0000, 0x0000, 0x0000, 0x0000, 0x0000, 0x0000, 0x0000, 0x0000, 0x0000, 0x0000, 0x0000, 0x0000, 0x0000, 0x0000, 0x0000, 0x0000, 0x0000, 0x0000, 0x0000, 0x0000, 0x0000, 0x0000, 0x0000, 0x0000, 0x0000, 0x0000, 0x0000, 0x0000, 0x0000, 0x0000, 0x0000, },
    {0x0000, 0x0000, 0x0000, 0x0000, 0x0000, 0x0000, 0x0000, 0x0000, 0x0000, 0x0000, 0x0000, 0x0000, 0x0000, 0x0000, 0x0000, 0x0000, 0x0000, 0x0000, 0x0000, 0x0000, 0x0000, 0x0000, 0x0000, 0x0000, 0x0000, 0x0000, 0x0000, 0x0000, 0x0000, 0x0000, 0x0000, 0x0000, },
    {0x0000, 0x0000, 0x0000, 0x0000, 0x0000, 0x0000, 0x0000, 0x0000, 0x0000, 0x0000, 0x0000, 0x0000, 0x0000, 0x0000, 0x0000, 0x0000, 0x0000, 0x0000, 0x0000, 0x0000, 0x0000, 0x0000, 0x0000, 0x0000, 0x0000, 0x0000, 0x0000, 0x0000, 0x0000, 0x0000, 0x0000, 0x0000, },
    {0x0000, 0x0000, 0x0000, 0x0000, 0x0000, 0x0000, 0x0000, 0x0000, 0x0000, 0x0000, 0x0000, 0x0000, 0x0000, 0x0000, 0x0000, 0x0000, 0x0000, 0x0000, 0x0000, 0x0000, 0x0000, 0x0000, 0x0000, 0x0000, 0x0000, 0x0000, 0x0000, 0x0000, 0x0000, 0x0000, 0x0000, 0x0000, },
    {0x0000, 0x0000, 0x0000, 0x0000, 0x0000, 0x0000, 0x0000, 0x0000, 0x0000, 0x0000, 0x0000, 0x0000, 0x0000, 0x0000, 0x0000, 0x0000, 0x0000, 0x0000, 0x0000, 0x0000, 0x0000, 0x0000, 0x0000, 0x0000, 0x0000, 0x0000, 0x0000, 0x0000, 0x0000, 0x0000, 0x0000, 0x0000, },
    {0x0000, 0x0000, 0x0000, 0x0000, 0x0000, 0x0000, 0x0000, 0x0000, 0x0000, 0x0000, 0x0000, 0x0000, 0x0000, 0x0000, 0x0000, 0x0000, 0x0000, 0x0000, 0x0000, 0x0000, 0x0000, 0x0000, 0x0000, 0x0000, 0x0000, 0x0000, 0x0000, 0x0000, 0x0000, 0x0000, 0x0000, 0x0000, },
    {0x0000, 0x0000, 0x0000, 0x0000, 0x0000, 0x0000, 0x0000, 0x0000, 0x0000, 0x0000, 0x0000, 0x0000, 0x0000, 0x0000, 0x0000, 0x0000, 0x0000, 0x0000, 0x0000, 0x0000, 0x0000, 0x0000, 0x0000, 0x0000, 0x0000, 0x0000, 0x0000, 0x0000, 0x0000, 0x0000, 0x0000, 0x0000, },
    {0x0000, 0x0000, 0x0000, 0x0000, 0x0000, 0x0000, 0x0000, 0x0000, 0x0000, 0x0000, 0x0000, 0x0000, 0x0000, 0x0000, 0x0000, 0x0000, 0x0000, 0x0000, 0x0000, 0x0000, 0x0000, 0x0000, 0x0000, 0x0000, 0x0000, 0x0000, 0x0000, 0x0000, 0x0000, 0x0000, 0x0000, 0x0000, },
    {0x0000, 0x0000, 0x0000, 0x0000, 0x0000, 0x0000, 0x0000, 0x0000, 0x0000, 0x0000, 0x0000, 0x0000, 0x0000, 0x0000, 0x0000, 0x0000, 0x0000, 0x0000, 0x0000, 0x0000, 0x0000, 0x0000, 0x0000, 0x0000, 0x0000, 0x0000, 0x0000, 0x0000, 0x0000, 0x0000, 0x0000, 0x0000, },
    {0x0000, 0x0000, 0x0000, 0x0000, 0x0000, 0x0000, 0x0000, 0x0000, 0x0000, 0x0000, 0x0000, 0x0000, 0x0000, 0x0000, 0x0000, 0x0000, 0x0000, 0x0000, 0x0000, 0x0000, 0x0000, 0x0000, 0x0000, 0x0000, 0x0000, 0x0000, 0x0000, 0x0000, 0x0000, 0x0000, 0x0000, 0x0000, },
    {0x0000, 0x0000, 0x0000, 0x0000, 0x0000, 0x0000, 0x0000, 0x0000, 0x0000, 0x0000, 0x0000, 0x0000, 0x0000, 0x0000, 0x0000, 0x0000, 0x0000, 0x0000, 0x0000, 0x0000, 0x0000, 0x0000, 0x0000, 0x0000, 0x0000, 0x0000, 0x0000, 0x0000, 0x0000, 0x0000, 0x0000, 0x0000, },
    {0x0000, 0x0000, 0x0000, 0x0000, 0x0000, 0x0000, 0x0000, 0x0000, 0x0000, 0x0000, 0x0000, 0x0000, 0x0000, 0x0000, 0x0000, 0x0000, 0x0000, 0x0000, 0x0000, 0x0000, 0x0000, 0x0000, 0x0000, 0x0000, 0x0000, 0x0000, 0x0000, 0x0000, 0x0000, 0x0000, 0x0000, 0x0000, },
    {0x0000, 0x0000, 0x0000, 0x0000, 0x0000, 0x0000, 0x0000, 0x0000, 0x0000, 0x0000, 0x0000, 0x0000, 0x0000, 0x0000, 0x0000, 0x0000, 0x0000, 0x0000, 0x0000, 0x0000, 0x0000, 0x0000, 0x0000, 0x0000, 0x0000, 0x0000, 0x0000, 0x0000, 0x0000, 0x0000, 0x0000, 0x0000, },
    {0x0000, 0x0000, 0x0000, 0x0000, 0x0000, 0x0000, 0x0000, 0x0000, 0x0000, 0x0000, 0x0000, 0x0000, 0x0000, 0x0001, 0x0001, 0x0001, 0x0001, 0x8b66, 0x8b66, 0x8b66, 0x8b66, 0x8b66, 0x8b66, 0x8b66, 0x8b66, 0x0000, 0x0000, 0x0000, 0x0000, 0x0000, 0x0000, 0x0000, },
    {0x0000, 0x0000, 0x0000, 0x0000, 0x0000, 0x0000, 0x0000, 0x0000, 0x0000, 0x0001, 0x0001, 0x0001, 0x0001, 0xffff, 0xffff, 0xffff, 0xde33, 0xde33, 0xde33, 0x8b66, 0xffbb, 0xffbb, 0xffbb, 0xffbb, 0xffbb, 0x8b66, 0x8b66, 0x0000, 0x0000, 0x0000, 0x0000, 0x0000, },
    {0x0000, 0x0000, 0x0000, 0x0000, 0x0000, 0x0000, 0x0000, 0x0001, 0x0001, 0xffff, 0xffff, 0xffff, 0xffff, 0xffff, 0xffff, 0xffff, 0x8b66, 0x8b66, 0xffbb, 0xffbb, 0xffbb, 0xffbb, 0xffbb, 0xffbb, 0xffbb, 0xffbb, 0xffbb, 0x8b66, 0x0000, 0x0000, 0x0000, 0x0000, },
    {0x0000, 0x0000, 0x0000, 0x0000, 0x0000, 0x0000, 0x0001, 0xffff, 0xffff, 0xffff, 0xffff, 0xffff, 0xffff, 0xffff, 0xffbb, 0x8b66, 0xffbb, 0xffbb, 0xffbb, 0xde33, 0xde33, 0xde33, 0xffbb, 0xffbb, 0xffbb, 0xffbb, 0xffbb, 0xffbb, 0x8b66, 0x0000, 0x0000, 0x0000, },
    {0x0000, 0x0000, 0x0000, 0x0000, 0x0000, 0x0001, 0xffff, 0xffff, 0xffff, 0xffff, 0xffff, 0xffff, 0xffff, 0xffff, 0xffbb, 0xffbb, 0xde33, 0xde33, 0xde33, 0xffbb, 0xffbb, 0xffbb, 0xffbb, 0xffbb, 0xffbb, 0xffbb, 0xffbb, 0xffbb, 0xffbb, 0x8b66, 0x0001, 0x0000, },
    {0x0000, 0x0000, 0x0000, 0x0000, 0x0001, 0xffff, 0xffff, 0xffff, 0xffff, 0xffff, 0xffff, 0xffff, 0xffff, 0xffbb, 0xffbb, 0xde33, 0xffff, 0xffff, 0x0001, 0xffbb, 0xffbb, 0xffbb, 0xffbb, 0xffbb, 0xffbb, 0xffbb, 0xffbb, 0xffbb, 0xffbb, 0xffbb, 0x8b66, 0x0001, },
    {0x0000, 0x0000, 0x0000, 0x0001, 0xffff, 0xffff, 0xffff, 0xffff, 0xffff, 0xffff, 0xffff, 0xffff, 0xffff, 0xffbb, 0xde33, 0xffff, 0xffff, 0xffff, 0x0001, 0xffbb, 0xffbb, 0xff5b, 0xff5b, 0xff5b, 0xff5b, 0xffbb, 0xffbb, 0xffbb, 0xffbb, 0xffbb, 0xffbb, 0x8b66, },
    {0x0000, 0x0000, 0x0001, 0xffff, 0xffff, 0xffff, 0xffff, 0xffff, 0xffff, 0xffff, 0xffff, 0xffff, 0xffff, 0xde33, 0xffff, 0xffff, 0xffff, 0xffff, 0x0001, 0xff5b, 0xeaaa, 0xff5b, 0xff5b, 0xff5b, 0xffbb, 0xf739, 0xffbb, 0xffbb, 0xffbb, 0xffbb, 0xffbb, 0x8b66, },
    {0x0000, 0x0000, 0x0001, 0xffff, 0xffff, 0xffff, 0xffff, 0xffff, 0xffff, 0xffff, 0xffff, 0xffff, 0xffff, 0xffff, 0xffff, 0xffff, 0xffff, 0xffff, 0x0001, 0xff5b, 0xff5b, 0xff5b, 0xff5b, 0xff5b, 0xff5b, 0xff5b, 0xf739, 0xffbb, 0xffbb, 0xffbb, 0xffbb, 0x8b66, },
    {0x0000, 0x0001, 0xffff, 0xffff, 0xffff, 0xffff, 0xffff, 0xffff, 0xffff, 0xffff, 0xffff, 0xffff, 0xffff, 0xffff, 0xffff, 0xffff, 0xffff, 0xffff, 0x0001, 0xff5b, 0xff5b, 0xff5b, 0xff5b, 0xff5b, 0xff5b, 0xffbb, 0xffbb, 0xffbb, 0xffbb, 0xffbb, 0xffbb, 0x8b66, },
    {0x0000, 0x0001, 0xbdf7, 0xbdf7, 0xbdf7, 0xbdf7, 0xffff, 0xffff, 0xffff, 0xffff, 0xffff, 0xffff, 0xffff, 0xffff, 0xffff, 0xffff, 0xffff, 0xffff, 0x0001, 0xff5b, 0xff5b, 0xff5b, 0xff5b, 0xff5b, 0xf739, 0xff5b, 0xffbb, 0xffbb, 0xffbb, 0xffbb, 0xffbb, 0x8b66, },
    {0x0001, 0xffff, 0x0001, 0xbdf7, 0xbdf7, 0xbdf7, 0xbdf7, 0xbdf7, 0xbdf7, 0xbdf7, 0xffff, 0xffff, 0xffff, 0xffff, 0xffff, 0xffff, 0xffff, 0xffff, 0x0001, 0xff5b, 0xff5b, 0xff5b, 0xff5b, 0xff5b, 0xff5b, 0xff5b, 0xf739, 0xffbb, 0xffbb, 0xffbb, 0xffbb, 0x8b66, },
    {0x0001, 0xffff, 0xffff, 0x0001, 0x0001, 0xbdf7, 0xbdf7, 0xbdf7, 0xbdf7, 0xbdf7, 0xbdf7, 0xbdf7, 0xbdf7, 0xbdf7, 0xbdf7, 0xffff, 0xffff, 0xffff, 0x0001, 0xff5b, 0xff5b, 0xff5b, 0xff5b, 0xff5b, 0xff5b, 0xf739, 0xffbb, 0xffbb, 0xffbb, 0xffbb, 0xffbb, 0x8b66, },
    {0x0001, 0xffff, 0xffff, 0xffff, 0x0001, 0x0001, 0x0001, 0x0001, 0x0001, 0x0001, 0xbdf7, 0xbdf7, 0xbdf7, 0xbdf7, 0xbdf7, 0xbdf7, 0xbdf7, 0xbdf7, 0x0001, 0xde33, 0xeaaa, 0xff5b, 0xff5b, 0xff5b, 0xffbb, 0xf739, 0xde33, 0xde33, 0xde33, 0xde33, 0x8b66, 0x0000, },
    {0x0000, 0x0001, 0xbdf7, 0xbdf7, 0xbdf7, 0xbdf7, 0xbdf7, 0xbdf7, 0xbdf7, 0xbdf7, 0x0001, 0x0001, 0x0001, 0x0001, 0x0001, 0x0001, 0x0001, 0x0001, 0x0001, 0xbdf7, 0xbdf7, 0xbdf7, 0xbdf7, 0xbdf7, 0xbdf7, 0xbdf7, 0xbdf7, 0xbdf7, 0xbdf7, 0x0001, 0x0000, 0x0000, },
    {0x0000, 0x0000, 0x0001, 0x0001, 0x0001, 0x0001, 0x0001, 0x0001, 0x0001, 0x0001, 0x0001, 0x0001, 0x0001, 0x0001, 0x0001, 0x0001, 0x0001, 0x0001, 0x0001, 0x0001, 0x0001, 0x0001, 0x0001, 0x0001, 0x0001, 0x0001, 0x0001, 0x0001, 0x0001, 0x0000, 0x0000, 0x0000, },
  },
  {
    {0x0000, 0x0000, 0x0000, 0x0000, 0x0000, 0x0000, 0x0000, 0x0000, 0x0000, 0x0000, 0x0000, 0x0000, 0x0000, 0x0000, 0x0000, 0x0000, 0x0000, 0x0000, 0x0000, 0x0000, 0x0000, 0x0000, 0x0000, 0x0000, 0x0000, 0x0000, 0x0000, 0x0000, 0x0000, 0x0000, 0x0000, 0x0000, },
    {0x0000, 0x0000, 0x0000, 0x0000, 0x0000, 0x0000, 0x0000, 0x0000, 0x0000, 0x0000, 0x0000, 0x0000, 0x0000, 0x0000, 0x0000, 0x0000, 0x0000, 0x0000, 0x0000, 0x0000, 0x0000, 0x0000, 0x0000, 0x0000, 0x0000, 0x0000, 0x0000, 0x0000, 0x0000, 0x0000, 0x0000, 0x0000, },
    {0x0000, 0x0000, 0x0000, 0x0000, 0x0000, 0x0000, 0x0000, 0x0000, 0x0000, 0x0000, 0x0000, 0x0000, 0x0000, 0x0000, 0x0000, 0x0000, 0x0000, 0x0000, 0x0000, 0x0000, 0x0000, 0x0000, 0x0000, 0x0000, 0x0000, 0x0000, 0x0000, 0x0000, 0x0000, 0x0000, 0x0000, 0x0000, },
    {0x0000, 0x0000, 0x0000, 0x0000, 0x0000, 0x0000, 0x0000, 0x0000, 0x0000, 0x0000, 0x0000, 0x0000, 0x0000, 0x0000, 0x0000, 0x0000, 0x0000, 0x0000, 0x0000, 0x0000, 0x0000, 0x0000, 0x0000, 0x0000, 0x0000, 0x0000, 0x0000, 0x0000, 0x0000, 0x0000, 0x0000, 0x0000, },
    {0x0000, 0x0000, 0x0000, 0x0000, 0x0000, 0x0000, 0x0000, 0x0000, 0x0000, 0x0000, 0x0000, 0x0000, 0x0000, 0x0000, 0x0000, 0x0000, 0x0000, 0x0000, 0x0000, 0x0000, 0x0000, 0x0000, 0x0000, 0x0000, 0x0000, 0x0000, 0x0000, 0x0000, 0x0000, 0x0000, 0x0000, 0x0000, },
    {0x0000, 0x0000, 0x0000, 0x0000, 0x0000, 0x0000, 0x0000, 0x0000, 0x0000, 0x0000, 0x0000, 0x0000, 0x0000, 0x0000, 0x0000, 0x0000, 0x0000, 0x0000, 0x0000, 0x0000, 0x0000, 0x0000, 0x0000, 0x0000, 0x0000, 0x0000, 0x0000, 0x0000, 0x0000, 0x0000, 0x0000, 0x0000, },
    {0x0000, 0x0000, 0x0000, 0x0000, 0x0000, 0x0000, 0x0000, 0x0000, 0x0000, 0x0000, 0x0000, 0x0000, 0x0000, 0x0000, 0x0000, 0x0000, 0x0000, 0x0000, 0x0000, 0x0000, 0x0000, 0x0000, 0x0000, 0x0000, 0x0000, 0x0000, 0x0000, 0x0000, 0x0000, 0x0000, 0x0000, 0x0000, },
    {0x0000, 0x0000, 0x0000, 0x0000, 0x0000, 0x0000, 0x0000, 0x0000, 0x0000, 0x0000, 0x0000, 0x0000, 0x0000, 0x0000, 0x0000, 0x0000, 0x0000, 0x0000, 0x0000, 0x0000, 0x0000, 0x0000, 0x0000, 0x0000, 0x0000, 0x0000, 0x0000, 0x0000, 0x0000, 0x0000, 0x0000, 0x0000, },
    {0x0000, 0x0000, 0x0000, 0x0000, 0x0000, 0x0000, 0x0000, 0x0000, 0x0000, 0x0000, 0x0000, 0x0000, 0x0000, 0x0000, 0x0000, 0x0000, 0x0000, 0x0000, 0x0000, 0x0000, 0x0000, 0x0000, 0x0000, 0x0000, 0x0000, 0x0000, 0x0000, 0x0000, 0x0000, 0x0000, 0x0000, 0x0000, },
    {0x0000, 0x0000, 0x0000, 0x0000, 0x0000, 0x0000, 0x0000, 0x0000, 0x0000, 0x0000, 0x0000, 0x0000, 0x0000, 0x0000, 0x0000, 0x0000, 0x0000, 0x0000, 0x0000, 0x0000, 0x0000, 0x0000, 0x0000, 0x0000, 0x0000, 0x0000, 0x0000, 0x0000, 0x0000, 0x0000, 0x0000, 0x0000, },
    {0x0000, 0x0000, 0x0000, 0x0000, 0x0000, 0x0000, 0x0000, 0x0000, 0x0000, 0x0000, 0x0000, 0x0000, 0x0000, 0x0000, 0x0000, 0x0000, 0x0000, 0x0000, 0x0000, 0x0000, 0x0000, 0x0000, 0x0000, 0x0000, 0x0000, 0x0000, 0x0000, 0x0000, 0x0000, 0x0000, 0x0000, 0x0000, },
    {0x0000, 0x0000, 0x0000, 0x0000, 0x0000, 0x0000, 0x0000, 0x0000, 0x0000, 0x0000, 0x0000, 0x0000, 0x0000, 0x0000, 0x0000, 0x0000, 0x0000, 0x0000, 0x0000, 0x0000, 0x0000, 0x0000, 0x0000, 0x0000, 0x0000, 0x0000, 0x0000, 0x0000, 0x0000, 0x0000, 0x0000, 0x0000, },
    {0x0000, 0x0000, 0x0000, 0x0000, 0x0000, 0x0000, 0x0000, 0x0000, 0x0000, 0x0000, 0x0000, 0x0000, 0x0000, 0x0000, 0x0000, 0x0000, 0x0000, 0x0000, 0x0000, 0x0000, 0x0000, 0x0000, 0x0000, 0x0000, 0x0000, 0x0000, 0x0000, 0x0000, 0x0000, 0x0000, 0x0000, 0x0000, },
    {0x0000, 0x0000, 0x0000, 0x0000, 0x0000, 0x0000, 0x0000, 0x0000, 0x0000, 0x0000, 0x0000, 0x0000, 0x0000, 0x0000, 0x0000, 0x0000, 0x0000, 0x0000, 0x0000, 0x0000, 0x0000, 0x0000, 0x0000, 0x0000, 0x0000, 0x0000, 0x0000, 0x0000, 0x0000, 0x0000, 0x0000, 0x0000, },
    {0x0000, 0x0000, 0x0000, 0x0000, 0x0000, 0x0000, 0x0000, 0x0000, 0x0000, 0x0000, 0x0000, 0x0000, 0x0000, 0x0000, 0x0000, 0x0000, 0x0000, 0x0000, 0x0000, 0x0000, 0x0000, 0x0000, 0x0000, 0x0000, 0x0000, 0x0000, 0x0000, 0x0000, 0x0000, 0x0000, 0x0000, 0x0000, },
    {0x0000, 0x0000, 0x0000, 0x0000, 0x0000, 0x0000, 0x0000, 0x0000, 0x0000, 0x0000, 0x0000, 0x0000, 0x0000, 0x0000, 0x0000, 0x0000, 0x0000, 0x0000, 0x0000, 0x0000, 0x0000, 0x0000, 0x0000, 0x0000, 0x0000, 0x0000, 0x0000, 0x0000, 0x0000, 0x0000, 0x0000, 0x0000, },
    {0x0000, 0x0000, 0x0000, 0x0000, 0x0000, 0x0000, 0x0000, 0x0000, 0x0000, 0x0000, 0x0000, 0x0000, 0x0000, 0x0000, 0x0000, 0x0000, 0x0000, 0x0000, 0x0000, 0x0000, 0x0000, 0x0000, 0x0000, 0x0000, 0x0000, 0x0000, 0x0000, 0x0000, 0x0000, 0x0000, 0x0000, 0x0000, },
    {0x0000, 0x0000, 0x0000, 0x0000, 0x0000, 0x0000, 0x0000, 0x0000, 0x0000, 0x0000, 0x0000, 0x0000, 0x0000, 0x0001, 0x0001, 0x0001, 0x0001, 0x8b66, 0x8b66, 0x8b66, 0x8b66, 0x8b66, 0x8b66, 0x8b66, 0x8b66, 0x0000, 0x0000, 0x0000, 0x0000, 0x0000, 0x0000, 0x0000, },
    {0x0000, 0x0000, 0x0000, 0x0000, 0x0000, 0x0000, 0x0000, 0x0000, 0x0000, 0x0001, 0x0001, 0x0001, 0x0001, 0xffff, 0xffff, 0xffff, 0xde33, 0xde33, 0xde33, 0x8b66, 0xffbb, 0xffbb, 0xffbb, 0xffbb, 0xffbb, 0x8b66, 0x8b66, 0x0000, 0x0000, 0x0000, 0x0000, 0x0000, },
    {0x0000, 0x0000, 0x0000, 0x0000, 0x0000, 0x0000, 0x0001, 0x0001, 0x0001, 0xffff, 0xffff, 0xffff, 0xffff, 0xffff, 0xffff, 0xffff, 0x8b66, 0x8b66, 0xffbb, 0xffbb, 0xffbb, 0xffbb, 0xffbb, 0xffbb, 0xffbb, 0xffbb, 0xffbb, 0x8b66, 0x0000, 0x0000, 0x0000, 0x0000, },
    {0x0000, 0x0000, 0x0000, 0x0000, 0x0000, 0x0001, 0xffff, 0xffff, 0xffff, 0xffff, 0xffff, 0xffff, 0xffff, 0xffff, 0xffbb, 0x8b66, 0xffbb, 0xffbb, 0xffbb, 0xde33, 0xde33, 0xde33, 0xffbb, 0xffbb, 0xffbb, 0xffbb, 0xffbb, 0xffbb, 0x8b66, 0x0001, 0x0001, 0x0000, },
    {0x0000, 0x0000, 0x0000, 0x0000, 0x0001, 0xffff, 0xffff, 0xffff, 0xffff, 0xffff, 0xffff, 0xffff, 0xffff, 0xffff, 0xffbb, 0xffbb, 0xde33, 0xde33, 0xde33, 0xffbb, 0xffbb, 0xffbb, 0xffbb, 0xffbb, 0xffbb, 0xffbb, 0xffbb, 0xffbb, 0xffbb, 0x8b66, 0xffff, 0x0001, },
    {0x0000, 0x0000, 0x0000, 0x0001, 0xffff, 0xffff, 0xffff, 0xffff, 0xffff, 0xffff, 0xffff, 0xffff, 0xffff, 0xffbb, 0xffbb, 0xde33, 0xffff, 0xffff, 0x0001, 0xffbb, 0xffbb, 0xffbb, 0xffbb, 0xffbb, 0xffbb, 0xffbb, 0xffbb, 0xffbb, 0xffbb, 0xffbb, 0x8b66, 0x0001, },
    {0x0000, 0x0000, 0x0001, 0xffff, 0xffff, 0xffff, 0xffff, 0xffff, 0xffff, 0xffff, 0xffff, 0xffff, 0xffff, 0xffbb, 0xde33, 0xffff, 0xffff, 0xffff, 0x0001, 0xff5b, 0xeaaa, 0xff5b, 0xff5b, 0xff5b, 0xffbb, 0xf739, 0xffbb, 0xffbb, 0xffbb, 0xffbb, 0xffbb, 0x8b66, },
    {0x0000, 0x0000, 0x0001, 0xffff, 0xffff, 0xffff, 0xffff, 0xffff, 0xffff, 0xffff, 0xffff, 0xffff, 0xffff, 0xde33, 0xffff, 0xffff, 0xffff, 0xffff, 0x0001, 0xff5b, 0xff5b, 0xff5b, 0xff5b, 0xff5b, 0xff5b, 0xff5b, 0xf739, 0xffbb, 0xffbb, 0xffbb, 0xffbb, 0x8b66, },
    {0x0000, 0x0001, 0xffff, 0xffff, 0xffff, 0xffff, 0xffff, 0xffff, 0xffff, 0xffff, 0xffff, 0xffff, 0xffff, 0xffff, 0xffff, 0xffff, 0xffff, 0xffff, 0x0001, 0xff5b, 0xff5b, 0xff5b, 0xff5b, 0xff5b, 0xff5b, 0xffbb, 0xffbb, 0xffbb, 0xffbb, 0xffbb, 0xffbb, 0x8b66, },
    {0x0000, 0x0001, 0xffff, 0xffff, 0xffff, 0xffff, 0xffff, 0xffff, 0xffff, 0xffff, 0xffff, 0xffff, 0xffff, 0xffff, 0xffff, 0xffff, 0xffff, 0xffff, 0x0001, 0xff5b, 0xff5b, 0xff5b, 0xff5b, 0xff5b, 0xf739, 0xff5b, 0xffbb, 0xffbb, 0xffbb, 0xffbb, 0xffbb, 0x8b66, },
    {0x0001, 0xffff, 0x0001, 0xbdf7, 0xbdf7, 0xffff, 0xffff, 0xffff, 0xffff, 0xffff, 0xffff, 0xffff, 0xffff, 0xffff, 0xffff, 0xffff, 0xffff, 0xffff, 0x0001, 0xff5b, 0xff5b, 0xff5b, 0xff5b, 0xff5b, 0xff5b, 0xff5b, 0xf739, 0xffbb, 0xffbb, 0xffbb, 0xffbb, 0x8b66, },
    {0x0001, 0xffff, 0xffff, 0x0001, 0x0001, 0xbdf7, 0xbdf7, 0xbdf7, 0xbdf7, 0xbdf7, 0xffff, 0xffff, 0xffff, 0xffff, 0xffff, 0xffff, 0xffff, 0xffff, 0x0001, 0xff5b, 0xff5b, 0xff5b, 0xff5b, 0xff5b, 0xff5b, 0xf739, 0xffbb, 0xffbb, 0xffbb, 0xffbb, 0x8b66, 0x0000, },
    {0x0001, 0xffff, 0xffff, 0xffff, 0x0001, 0x0001, 0x0001, 0x0001, 0x0001, 0x0001, 0xbdf7, 0xbdf7, 0xbdf7, 0xbdf7, 0xbdf7, 0xbdf7, 0xbdf7, 0xbdf7, 0x0001, 0xde33, 0xeaaa, 0xff5b, 0xff5b, 0xff5b, 0xffbb, 0xf739, 0xde33, 0xde33, 0xde33, 0x8b66, 0x0001, 0x0000, },
    {0x0000, 0x0001, 0xbdf7, 0xbdf7, 0xbdf7, 0xbdf7, 0xbdf7, 0xbdf7, 0xbdf7, 0xbdf7, 0x0001, 0x0001, 0x0001, 0x0001, 0x0001, 0x0001, 0x0001, 0x0001, 0x0001, 0xbdf7, 0xbdf7, 0xbdf7, 0xbdf7, 0xbdf7, 0xbdf7, 0xbdf7, 0xbdf7, 0xbdf7, 0xbdf7, 0x0001, 0x0000, 0x0000, },
    {0x0000, 0x0000, 0x0001, 0x0001, 0x0001, 0x0001, 0x0001, 0x0001, 0x0001, 0x0001, 0x0001, 0x0001, 0x0001, 0x0001, 0x0001, 0x0001, 0x0001, 0x0001, 0x0001, 0x0001, 0x0001, 0x0001, 0x0001, 0x0001, 0x0001, 0x0001, 0x0001, 0x0001, 0x0001, 0x0000, 0x0000, 0x0000, },
  },
  {
    {0x0000, 0x0000, 0x0000, 0x0000, 0x0000, 0x0000, 0x0000, 0x0000, 0x0000, 0x0000, 0x0000, 0x0000, 0x0000, 0x0000, 0x0000, 0x0000, 0x0000, 0x0000, 0x0000, 0x0000, 0x0000, 0x0000, 0x0000, 0x0000, 0x0000, 0x0000, 0x0000, 0x0000, 0x0000, 0x0000, 0x0000, 0x0000, },
    {0x0000, 0x0000, 0x0000, 0x0000, 0x0000, 0x0000, 0x0000, 0x0000, 0x0000, 0x0000, 0x0000, 0x0000, 0x0000, 0x0000, 0x0000, 0x0000, 0x0000, 0x0000, 0x0000, 0x0000, 0x0000, 0x0000, 0x0000, 0x0000, 0x0000, 0x0000, 0x0000, 0x0000, 0x0000, 0x0000, 0x0000, 0x0000, },
    {0x0000, 0x0000, 0x0000, 0x0000, 0x0000, 0x0000, 0x0000, 0x0000, 0x0000, 0x0000, 0x0000, 0x0000, 0x0000, 0x0000, 0x0000, 0x0000, 0x0000, 0x0000, 0x0000, 0x0000, 0x0000, 0x0000, 0x0000, 0x0000, 0x0000, 0x0000, 0x0000, 0x0000, 0x0000, 0x0000, 0x0000, 0x0000, },
    {0x0000, 0x0000, 0x0000, 0x0000, 0x0000, 0x0000, 0x0000, 0x0000, 0x0000, 0x0000, 0x0000, 0x0000, 0x0000, 0x0000, 0x0000, 0x0000, 0x0000, 0x0000, 0x0000, 0x0000, 0x0000, 0x0000, 0x0000, 0x0000, 0x0000, 0x0000, 0x0000, 0x0000, 0x0000, 0x0000, 0x0000, 0x0000, },
    {0x0000, 0x0000, 0x0000, 0x0000, 0x0000, 0x0000, 0x0000, 0x0000, 0x0000, 0x0000, 0x0000, 0x0000, 0x0000, 0x0000, 0x0000, 0x0000, 0x0000, 0x0000, 0x0000, 0x0000, 0x0000, 0x0000, 0x0000, 0x0000, 0x0000, 0x0000, 0x0000, 0x0000, 0x0000, 0x0000, 0x0000, 0x0000, },
    {0x0000, 0x0000, 0x0000, 0x0000, 0x0000, 0x0000, 0x0000, 0x0000, 0x0000, 0x0000, 0x0000, 0x0000, 0x0000, 0x0000, 0x0000, 0x0000, 0x0000, 0x0000, 0x0000, 0x0000, 0x0000, 0x0000, 0x0000, 0x0000, 0x0000, 0x0000, 0x0000, 0x0000, 0x0000, 0x0000, 0x0000, 0x0000, },
    {0x0000, 0x0000, 0x0000, 0x0000, 0x0000, 0x0000, 0x0000, 0x0000, 0x0000, 0x0000, 0x0000, 0x0000, 0x0000, 0x0000, 0x0000, 0x0000, 0x0000, 0x0000, 0x0000, 0x0000, 0x0000, 0x0000, 0x0000, 0x0000, 0x0000, 0x0000, 0x0000, 0x0000, 0x0000, 0x0000, 0x0000, 0x0000, },
    {0x0000, 0x0000, 0x0000, 0x0000, 0x0000, 0x0000, 0x0000, 0x0000, 0x0000, 0x0000, 0x0000, 0x0000, 0x0000, 0x0000, 0x0000, 0x0000, 0x0000, 0x0000, 0x0000, 0x0000, 0x0000, 0x0000, 0x0000, 0x0000, 0x0000, 0x0000, 0x0000, 0x0000, 0x0000, 0x0000, 0x0000, 0x0000, },
    {0x0000, 0x0000, 0x0000, 0x0000, 0x0000, 0x0000, 0x0000, 0x0000, 0x0000, 0x0000, 0x0000, 0x0000, 0x0000, 0x0000, 0x0000, 0x0000, 0x0000, 0x0000, 0x0000, 0x0000, 0x0000, 0x0000, 0x0000, 0x0000, 0x0000, 0x0000, 0x0000, 0x0000, 0x0000, 0x0000, 0x0000, 0x0000, },
    {0x0000, 0x0000, 0x0000, 0x0000, 0x0000, 0x0000, 0x0000, 0x0000, 0x0000, 0x0000, 0x0000, 0x0000, 0x0000, 0x0000, 0x0000, 0x0000, 0x0000, 0x0000, 0x0000, 0x0000, 0x0000, 0x0000, 0x0000, 0x0000, 0x0000, 0x0000, 0x0000, 0x0000, 0x0000, 0x0000, 0x0000, 0x0000, },
    {0x0000, 0x0000, 0x0000, 0x0000, 0x0000, 0x0000, 0x0000, 0x0000, 0x0000, 0x0000, 0x0000, 0x0000, 0x0000, 0x0000, 0x0000, 0x0000, 0x0000, 0x0000, 0x0000, 0x0000, 0x0000, 0x0000, 0x0000, 0x0000, 0x0000, 0x0000, 0x0000, 0x0000, 0x0000, 0x0000, 0x0000, 0x0000, },
    {0x0000, 0x0000, 0x0000, 0x0000, 0x0000, 0x0000, 0x0000, 0x0000, 0x0000, 0x0000, 0x0000, 0x0000, 0x0000, 0x0000, 0x0000, 0x0000, 0x0000, 0x0000, 0x0000, 0x0000, 0x0000, 0x0000, 0x0000, 0x0000, 0x0000, 0x0000, 0x0000, 0x0000, 0x0000, 0x0000, 0x0000, 0x0000, },
    {0x0000, 0x0000, 0x0000, 0x0000, 0x0000, 0x0000, 0x0000, 0x0000, 0x0000, 0x0000, 0x0000, 0x0000, 0x0000, 0x0000, 0x0000, 0x0000, 0x0000, 0x0000, 0x0000, 0x0000, 0x0000, 0x0000, 0x0000, 0x0000, 0x0000, 0x0000, 0x0000, 0x0000, 0x0000, 0x0000, 0x0000, 0x0000, },
    {0x0000, 0x0000, 0x0000, 0x0000, 0x0000, 0x0000, 0x0000, 0x0000, 0x0000, 0x0000, 0x0000, 0x0000, 0x0000, 0x0000, 0x0000, 0x0000, 0x0000, 0x0000, 0x0000, 0x0000, 0x0000, 0x0000, 0x0000, 0x0000, 0x0000, 0x0000, 0x0000, 0x0000, 0x0000, 0x0000, 0x0000, 0x0000, },
    {0x0000, 0x0000, 0x0000, 0x0000, 0x0000, 0x0000, 0x0000, 0x0000, 0x0000, 0x0000, 0x0000, 0x0000, 0x0000, 0x0000, 0x0000, 0x0000, 0x0000, 0x0000, 0x0000, 0x0000, 0x0000, 0x0000, 0x0000, 0x0000, 0x0000, 0x0000, 0x0000, 0x0000, 0x0000, 0x0000, 0x0000, 0x0000, },
    {0x0000, 0x0000, 0x0000, 0x0000, 0x0000, 0x0000, 0x0000, 0x0000, 0x0000, 0x0000, 0x0000, 0x0000, 0x0000, 0x0000, 0x0000, 0x0000, 0x0000, 0x0000, 0x0000, 0x0000, 0x0000, 0x0000, 0x0000, 0x0000, 0x0000, 0x0000, 0x0000, 0x0000, 0x0000, 0x0000, 0x0000, 0x0000, },
    {0x0000, 0x0000, 0x0000, 0x0000, 0x0000, 0x0000, 0x0000, 0x0000, 0x0000, 0x0000, 0x0000, 0x0000, 0x0000, 0x0000, 0x0000, 0x0000, 0x0000, 0x0000, 0x0000, 0x0000, 0x0000, 0x0000, 0x0000, 0x0000, 0x0000, 0x0000, 0x0000, 0x0000, 0x0000, 0x0000, 0x0000, 0x0000, },
    {0x0000, 0x0000, 0x0000, 0x0000, 0x0000, 0x0000, 0x0000, 0x0000, 0x0000, 0x0000, 0x0000, 0x0000, 0x0000, 0x0000, 0x0000, 0x0000, 0x0000, 0x0000, 0x0000, 0x0000, 0x0000, 0x0000, 0x0000, 0x0000, 0x0000, 0x0000, 0x0000, 0x0000, 0x0000, 0x0000, 0x0000, 0x0000, },
    {0x0000, 0x0000, 0x0000, 0x0000, 0x0000, 0x0000, 0x0000, 0x0000, 0x0000, 0x0000, 0x0000, 0x0000, 0x0000, 0x0000, 0x0000, 0x0000, 0x0000, 0x0000, 0x0000, 0x0000, 0x0000, 0x0000, 0x0000, 0x0000, 0x0000, 0x0000, 0x0000, 0x0000, 0x0000, 0x0000, 0x0000, 0x0000, },
    {0x0000, 0x0000, 0x0000, 0x0000, 0x0000, 0x0000, 0x0000, 0x0000, 0x0000, 0x0000, 0x0000, 0x0000, 0x0000, 0x0000, 0x0000, 0x0000, 0x0000, 0x0000, 0x0000, 0x0000, 0x0000, 0x8b66, 0x8b66, 0x8b66, 0x8b66, 0x8b66, 0x8b66, 0x0000, 0x0000, 0x0000, 0x0000, 0x0000, },
    {0x0000, 0x0000, 0x0000, 0x0000, 0x0000, 0x0000, 0x0000, 0x0000, 0x0000, 0x0000, 0x0000, 0x0000, 0x0000, 0x0000, 0x0000, 0x0000, 0x0000, 0x0000, 0x0000, 0x8b66, 0x8b66, 0xffbb, 0xffbb, 0xffbb, 0xffbb, 0xffbb, 0xffbb, 0x8b66, 0x0000, 0x0000, 0x0000, 0x0000, },
    {0x0000, 0x0000, 0x0000, 0x0000, 0x0000, 0x0000, 0x0000, 0x0000, 0x0000, 0x0000, 0x0000, 0x0000, 0x0000, 0x0000, 0x0000, 0x0000, 0x0000, 0x0000, 0x8b66, 0xffbb, 0xffbb, 0xffbb, 0xffbb, 0xffbb, 0xffbb, 0xffbb, 0xffbb, 0xffbb, 0x8b66, 0x0000, 0x0000, 0x0000, },
    {0x0000, 0x0000, 0x0000, 0x0000, 0x0000, 0x0000, 0x0000, 0x0000, 0x0000, 0x0000, 0x0000, 0xd69a, 0xd69a, 0xd69a, 0xd69a, 0xd69a, 0x0000, 0x8b66, 0xffbb, 0xffbb, 0xffbb, 0xffbb, 0xffbb, 0xffbb, 0xffbb, 0xffbb, 0xffbb, 0xffbb, 0xffbb, 0x8b66, 0x0000, 0x0000, },
    {0x0000, 0x0000, 0x0000, 0x0000, 0x0000, 0x0000, 0x0000, 0x0000, 0xd69a, 0xd69a, 0xd69a, 0xffff, 0xffff, 0xffff, 0xffff, 0xffff, 0x8b66, 0xffbb, 0xffbb, 0xffbb, 0xffbb, 0xffbb, 0xffbb, 0xffbb, 0xffbb, 0xffbb, 0xffbb, 0xffbb, 0xffbb, 0xffbb, 0x8b66, 0x0000, },
    {0x0000, 0x0000, 0x0000, 0x0000, 0x0000, 0xd69a, 0xd69a, 0xd69a, 0xffff, 0xffff, 0xffff, 0xffff, 0xffff, 0xffff, 0xffff, 0x8b66, 0xffbb, 0xffbb, 0xffbb, 0xffbb, 0xffbb, 0xffbb, 0xffbb, 0xffbb, 0xffbb, 0xffbb, 0xffbb, 0xffbb, 0xffbb, 0xffbb, 0xffbb, 0x8b66, },
    {0x0000, 0x0000, 0x0000, 0xd69a, 0xd69a, 0xffff, 0xffff, 0xffff, 0xffff, 0xffff, 0xffff, 0xffff, 0xffff, 0xffff, 0x8b66, 0xffbb, 0xffbb, 0xffbb, 0xffbb, 0xffbb, 0xffbb, 0xffbb, 0xffbb, 0xffbb, 0xffbb, 0xffbb, 0xffbb, 0xffbb, 0xffbb, 0xffbb, 0xffbb, 0x8b66, },
    {0x0000, 0x0000, 0xd69a, 0xffff, 0xffff, 0xffff, 0xffff, 0xffff, 0xffff, 0xffff, 0xffff, 0xffff, 0xffff, 0x8b66, 0xffbb, 0xffbb, 0xffbb, 0xffbb, 0xffbb, 0xffbb, 0xf739, 0xffbb, 0xffbb, 0xffbb, 0xffbb, 0xffbb, 0xffbb, 0xffbb, 0xffbb, 0xffbb, 0xffbb, 0x8b66, },
    {0x0000, 0xd69a, 0xbdf7, 0xd69a, 0xffff, 0xffff, 0xffff, 0xffff, 0xffff, 0xffff, 0xffff, 0xffff, 0xffff, 0x8b66, 0xffbb, 0xffbb, 0xffbb, 0xffbb, 0xffbb, 0xf739, 0xffbb, 0xffbb, 0xffbb, 0xffbb, 0xffbb, 0xffbb, 0xffbb, 0xffbb, 0xffbb, 0xffbb, 0xffbb, 0x8b66, },
    {0xd69a, 0xbdf7, 0xbdf7, 0xd69a, 0xd69a, 0xffff, 0xffff, 0xffff, 0xffff, 0xffff, 0xffff, 0xffff, 0x8b66, 0xffbb, 0xffbb, 0xffbb, 0xffbb, 0xf739, 0xf739, 0xf739, 0xffbb, 0xffbb, 0xffbb, 0xffbb, 0xffbb, 0xffbb, 0xffbb, 0xffbb, 0xffbb, 0xffbb, 0xffbb, 0x8b66, },
    {0xd69a, 0xbdf7, 0xfe35, 0xfe35, 0xd69a, 0xd69a, 0xd69a, 0xffff, 0xffff, 0xffff, 0xffff, 0x8b66, 0xffbb, 0xffbb, 0xffbb, 0xf739, 0xf739, 0xf739, 0xffbb, 0xffbb, 0xffbb, 0xffbb, 0xffbb, 0xf739, 0xf739, 0xffbb, 0xffbb, 0xffbb, 0xffbb, 0xffbb, 0xffbb, 0x8b66, },
    {0xd69a, 0xfe35, 0xfe35, 0xff5b, 0xff5b, 0xff5b, 0xd69a, 0xd69a, 0xd69a, 0xffff, 0xffff, 0x8b66, 0xffbb, 0xffbb, 0xf739, 0xf739, 0xff5b, 0xff5b, 0xff5b, 0xff5b, 0xff5b, 0xffbb, 0xf739, 0xffbb, 0xffbb, 0xffbb, 0xffbb, 0xffbb, 0xffbb, 0xffbb, 0xffbb, 0x8b66, },
    {0xfe35, 0xfe35, 0xff5b, 0xff5b, 0xff5b, 0xff5b, 0xd69a, 0xd69a, 0xd69a, 0xd69a, 0xd69a, 0x8b66, 0xf739, 0xf739, 0xf739, 0xf739, 0xfe35, 0xfe35, 0xfe35, 0xff5b, 0xff5b, 0xff5b, 0xff5b, 0xff5b, 0xffbb, 0xffbb, 0xffbb, 0xffbb, 0xffbb, 0xffbb, 0x8b66, 0x0000, },
  },
  {
    {0x0000, 0x0000, 0x0000, 0x0000, 0x0000, 0x0000, 0x0000, 0x0000, 0x0000, 0x0000, 0x0000, 0x0000, 0x0000, 0x0000, 0x0000, 0x0000, 0x0000, 0x0000, 0x0000, 0x0000, 0x0000, 0x0000, 0x0000, 0x0000, 0x0000, 0x0000, 0x0000, 0x0000, 0x0000, 0x0000, 0x0000, 0x0000, },
    {0x0000, 0x0000, 0x0000, 0x0000, 0x0000, 0x0000, 0x0000, 0x0000, 0x0000, 0x0000, 0x0000, 0x0000, 0x0000, 0x0000, 0x8b66, 0x8b66, 0x8b66, 0x8b66, 0x8b66, 0x8b66, 0x0000, 0x0000, 0x0000, 0x0000, 0x0000, 0x0000, 0x0000, 0x0000, 0x0000, 0x0000, 0x0000, 0x0000, },
    {0x0000, 0x0000, 0x0000, 0x0000, 0x0000, 0x0000, 0x0000, 0x0000, 0x0000, 0x0000, 0x0000, 0x0000, 0x8b66, 0x8b66, 0xffbb, 0xffbb, 0xffbb, 0xffbb, 0xffbb, 0xffbb, 0x8b66, 0x0000, 0x0000, 0x0000, 0x0000, 0x0000, 0x0000, 0x0000, 0x0000, 0x0000, 0x0000, 0x0000, },
    {0x0000, 0x0000, 0x0000, 0x0000, 0x0000, 0x0000, 0x0000, 0x0000, 0x0000, 0x0000, 0x0000, 0x8b66, 0xffbb, 0xffbb, 0xffbb, 0xffbb, 0xffbb, 0xffbb, 0xffbb, 0xffbb, 0xffbb, 0x8b66, 0x0000, 0x0000, 0x0000, 0x0000, 0x0000, 0x0000, 0x0000, 0x0000, 0x0000, 0x0000, },
    {0x0000, 0x0000, 0x0000, 0x0000, 0x0000, 0x0000, 0x0000, 0x0000, 0x0000, 0x0000, 0x8b66, 0xffbb, 0xffbb, 0xffbb, 0xffbb, 0xffbb, 0xffbb, 0xffbb, 0xffbb, 0xffbb, 0xffbb, 0xffbb, 0x8b66, 0x0000, 0x0000, 0x0000, 0x0000, 0x0000, 0x0000, 0x0000, 0x0000, 0x0000, },
    {0x0000, 0x0000, 0x0000, 0x0000, 0x0000, 0x0000, 0x0000, 0x0000, 0x0000, 0x8b66, 0xffbb, 0xffbb, 0xffbb, 0xffbb, 0xffbb, 0xffbb, 0xffbb, 0xffbb, 0xffbb, 0xffbb, 0xffbb, 0xffbb, 0xffbb, 0x8b66, 0x0000, 0x0000, 0x0000, 0x0000, 0x0000, 0x0000, 0x0000, 0x0000, },
    {0x0000, 0x0000, 0x0000, 0x0000, 0x0000, 0x0000, 0x0000, 0x0000, 0x8b66, 0xffbb, 0xffbb, 0xffbb, 0xffbb, 0xffbb, 0xffbb, 0xffbb, 0xffbb, 0xffbb, 0xffbb, 0xffbb, 0xffbb, 0xffbb, 0xffbb, 0xffbb, 0x8b66, 0x0000, 0x0000, 0x0000, 0x0000, 0x0000, 0x0000, 0x0000, },
    {0x0000, 0x0000, 0x0000, 0x0000, 0x0000, 0x0000, 0x0000, 0x0000, 0x8b66, 0xffbb, 0xffbb, 0xffbb, 0xffbb, 0xffbb, 0xffbb, 0xf739, 0xff5b, 0xf739, 0xffbb, 0xff5b, 0xf739, 0xffbb, 0xffbb, 0xffbb, 0x8b66, 0x0000, 0x0000, 0x0000, 0x0000, 0x0000, 0x0000, 0x0000, },
    {0x0000, 0x0000, 0x0000, 0x0000, 0x0000, 0x0000, 0x0000, 0x8b66, 0xffbb, 0xffbb, 0xffbb, 0xffbb, 0xf739, 0xf739, 0xffbb, 0xff5b, 0xff5b, 0xff5b, 0xf739, 0xffbb, 0xff5b, 0xf739, 0xffbb, 0xffbb, 0xffbb, 0x8b66, 0x0000, 0x0000, 0x0000, 0x0000, 0x0000, 0x0000, },
    {0x0000, 0x0000, 0x0000, 0x0000, 0x0000, 0x0000, 0x0000, 0x8b66, 0xffbb, 0xffbb, 0xffbb, 0xf739, 0xff5b, 0xffbb, 0xffbb, 0xff5b, 0xff5b, 0xff5b, 0xff5b, 0xf739, 0xff5b, 0xf739, 0xffbb, 0xffbb, 0xffbb, 0xffbb, 0x8b66, 0x0000, 0x0000, 0x0000, 0x0000, 0x0000, },
    {0x0000, 0x0000, 0x0000, 0x0000, 0x0000, 0x0000, 0x0000, 0x8b66, 0xffbb, 0xffbb, 0xffbb, 0xf739, 0xff5b, 0xff5b, 0xffbb, 0xf739, 0xff5b, 0xff5b, 0xff5b, 0xff5b, 0xff5b, 0xf739, 0xffbb, 0xffbb, 0xffbb, 0xffbb, 0x8b66, 0x0000, 0x0000, 0x0000, 0x0000, 0x0000, },
    {0x0000, 0x0000, 0x0000, 0x0000, 0x0000, 0x0000, 0x0000, 0x8b66, 0xffbb, 0xffbb, 0xf739, 0xff5b, 0xff5b, 0xff5b, 0xff5b, 0xff5b, 0xff5b, 0xff5b, 0xff5b, 0xff5b, 0xff5b, 0xff5b, 0xf739, 0xffbb, 0xffbb, 0xffbb, 0xffbb, 0x8b66, 0x0000, 0x0000, 0x0000, 0x0000, },
    {0x0000, 0x0000, 0x0000, 0x0000, 0x0000, 0x0000, 0x0000, 0x8b66, 0xffbb, 0xffbb, 0xf739, 0xff5b, 0xff5b, 0xff5b, 0xff5b, 0xff5b, 0xff5b, 0xff5b, 0xff5b, 0xff5b, 0xff5b, 0xff5b, 0xf739, 0xf739, 0xffbb, 0xffbb, 0xffbb, 0x8b66, 0x0000, 0x0000, 0x0000, 0x0000, },
    {0x0000, 0x0000, 0x0000, 0x0000, 0x0000, 0x0000, 0x8b66, 0xffbb, 0xffbb, 0xffbb, 0xffbb, 0xf739, 0xff5b, 0xff5b, 0xff5b, 0xff5b, 0xff5b, 0xff5b, 0xff5b, 0xff5b, 0xff5b, 0xff5b, 0xf739, 0xf739, 0xf739, 0xffbb, 0xffbb, 0x8b66, 0x0000, 0x0000, 0x0000, 0x0000, },
    {0x0000, 0x0000, 0x0000, 0x0000, 0x0000, 0x8b66, 0xffbb, 0xffbb, 0xffbb, 0xffbb, 0xffbb, 0xde33, 0xeaaa, 0xff5b, 0xff5b, 0xff5b, 0xff5b, 0xff5b, 0xff5b, 0xff5b, 0xeaaa, 0xde33, 0xf739, 0xf739, 0xf739, 0xffbb, 0xffbb, 0xffbb, 0x8b66, 0x0000, 0x0000, 0x0000, },
    {0x0000, 0x0000, 0x0000, 0x0000, 0x8b66, 0xffbb, 0xffbb, 0xf75a, 0xffbb, 0xffbb, 0xffbb, 0xde33, 0xde33, 0xff5b, 0xff5b, 0xff5b, 0xff5b, 0xff5b, 0xff5b, 0xff5b, 0xde33, 0xde33, 0xf739, 0xf739, 0xf739, 0xde33, 0xf75a, 0xffbb, 0xffbb, 0x8b66, 0x0000, 0x0000, },
    {0x0000, 0x0000, 0x0000, 0x0000, 0x8b66, 0xffbb, 0xffbb, 0xde33, 0x8b66, 0xffbb, 0xffbb, 0xffbb, 0xde33, 0xde33, 0xdedb, 0xfe35, 0xfe35, 0xfe35, 0xdedb, 0xdedb, 0xde33, 0xde33, 0xde33, 0xf739, 0xf739, 0xf75a, 0xde33, 0xf75a, 0xffbb, 0xffbb, 0x8b66, 0x0000, },
    {0x0000, 0x0000, 0x0000, 0x8b66, 0xffbb, 0xffbb, 0xde33, 0xde33, 0xffbb, 0xf739, 0xf739, 0xf739, 0xde33, 0xde33, 0xffff, 0xffff, 0xffff, 0xffff, 0xffff, 0xfe35, 0xde33, 0xde33, 0xde33, 0xf739, 0xf739, 0xf739, 0xf75a, 0xde33, 0xffbb, 0xffbb, 0x8b66, 0x0000, },
    {0x0000, 0x0000, 0x0000, 0x8b66, 0xffbb, 0xffbb, 0xde33, 0x8b66, 0xffbb, 0xf739, 0xf739, 0xf739, 0xde33, 0xff5b, 0xffff, 0xffff, 0xffff, 0xffff, 0xff5b, 0xfe35, 0xfe35, 0xff5b, 0xff5b, 0xf739, 0xf739, 0xf739, 0xffbb, 0xde33, 0xde33, 0xffbb, 0xffbb, 0x8b66, },
    {0x0000, 0x0000, 0x0000, 0x8b66, 0xffbb, 0x8b66, 0xde33, 0x8b66, 0xffbb, 0xde33, 0xef39, 0xf739, 0xff5b, 0xffff, 0xffff, 0xffff, 0xffff, 0xffff, 0xffff, 0xff5b, 0xff5b, 0xff5b, 0xde33, 0xf739, 0xf739, 0xf739, 0xffbb, 0x8b66, 0xde33, 0xffbb, 0xffbb, 0x8b66, },
    {0x0000, 0x0000, 0x0000, 0x8b66, 0x8b66, 0x8b66, 0xde33, 0x8b66, 0xf739, 0x8b66, 0xff5b, 0xf75a, 0xff5b, 0xffff, 0xffff, 0xffff, 0xffff, 0xffff, 0xffff, 0xff5b, 0xff5b, 0xde33, 0xde33, 0xf739, 0xef39, 0xde33, 0xffbb, 0x8b66, 0xde33, 0x8b66, 0xffbb, 0x8b66, },
    {0x0000, 0x0000, 0x0000, 0x0000, 0x0000, 0x8b66, 0xde33, 0x8b66, 0xf739, 0x8b66, 0x0000, 0xffbb, 0xffbb, 0xffff, 0xffff, 0xffff, 0xffff, 0xffff, 0xffff, 0xffff, 0xffff, 0xbdf7, 0xde33, 0xf75a, 0xff5b, 0x8b66, 0xf739, 0x8b66, 0xde33, 0x8b66, 0x8b66, 0x8b66, },
    {0x0000, 0x0000, 0x0000, 0x0000, 0x0000, 0x0000, 0x8b66, 0x0000, 0xffbb, 0x8b66, 0x0000, 0xffbb, 0xffff, 0xffff, 0xffff, 0xffff, 0xffff, 0xffff, 0xffff, 0xffff, 0xffff, 0xdedb, 0xbdf7, 0xffbb, 0x0000, 0x8b66, 0xf739, 0x8b66, 0xde33, 0x8b66, 0x0000, 0x0000, },
    {0x0000, 0x0000, 0x0000, 0x0000, 0x0000, 0x0000, 0x0000, 0x0000, 0xffbb, 0x8b66, 0x0000, 0xffbb, 0xffff, 0xffff, 0xffff, 0xffff, 0xffff, 0xffff, 0xffff, 0xffff, 0xffff, 0xdedb, 0xbdf7, 0xffbb, 0x0000, 0x8b66, 0xffbb, 0x0000, 0x8b66, 0x0000, 0x0000, 0x0000, },
    {0x0000, 0x0000, 0x0000, 0x0000, 0x0000, 0x0000, 0x0000, 0x0000, 0x0000, 0xffbb, 0x0000, 0xbdf7, 0xffff, 0xffff, 0xffff, 0xffff, 0xffff, 0xffff, 0xffff, 0xffff, 0xffff, 0xffff, 0xbdf7, 0xffbb, 0x0000, 0x8b66, 0xffbb, 0x0000, 0x0000, 0x0000, 0x0000, 0x0000, },
    {0x0000, 0x0000, 0x0000, 0x0000, 0x0000, 0x0000, 0x0000, 0x0000, 0x0000, 0x0000, 0xbdf7, 0xffff, 0xffff, 0xffff, 0xffff, 0xffff, 0xffff, 0xffff, 0xffff, 0xffff, 0xffff, 0xffff, 0xbdf7, 0x0000, 0x0000, 0xffbb, 0x0000, 0x0000, 0x0000, 0x0000, 0x0000, 0x0000, },
    {0x0000, 0x0000, 0x0000, 0x0000, 0x0000, 0x0000, 0x0000, 0x0000, 0x0000, 0x0000, 0xbdf7, 0xffff, 0xffff, 0xffff, 0xffff, 0xffff, 0xffff, 0xffff, 0xffff, 0xffff, 0xffff, 0xffff, 0xdedb, 0xbdf7, 0x0000, 0x0000, 0x0000, 0x0000, 0x0000, 0x0000, 0x0000, 0x0000, },
    {0x0000, 0x0000, 0x0000, 0x0000, 0x0000, 0x0000, 0x0000, 0x0000, 0x0000, 0xbdf7, 0xffff, 0xffff, 0xffff, 0xffff, 0xfe35, 0xbdf7, 0xbdf7, 0xffff, 0xffff, 0xffff, 0xffff, 0xffff, 0xffff, 0xbdf7, 0x0000, 0x0000, 0x0000, 0x0000, 0x0000, 0x0000, 0x0000, 0x0000, },
    {0x0000, 0x0000, 0x0000, 0x0000, 0x0000, 0x0000, 0x0000, 0x0000, 0x0000, 0xbdf7, 0xdedb, 0xdedb, 0xff5b, 0xff5b, 0xabac, 0x0000, 0x0000, 0x0000, 0xfe35, 0xff5b, 0xff5b, 0xdedb, 0xdedb, 0xbdf7, 0x0000, 0x0000, 0x0000, 0x0000, 0x0000, 0x0000, 0x0000, 0x0000, },
    {0x0000, 0x0000, 0x0000, 0x0000, 0x0000, 0x0000, 0x0000, 0x0000, 0x0000, 0x0000, 0x0000, 0x0000, 0xff5b, 0xff5b, 0xabac, 0x0000, 0x0000, 0x0000, 0xabac, 0xff5b, 0xff5b, 0x0000, 0x0000, 0x0000, 0x0000, 0x0000, 0x0000, 0x0000, 0x0000, 0x0000, 0x0000, 0x0000, },
    {0x0000, 0x0000, 0x0000, 0x0000, 0x0000, 0x0000, 0x0000, 0x0000, 0x0000, 0x0000, 0x0000, 0x0000, 0xff5b, 0xff5b, 0xabac, 0x0000, 0x0000, 0x0000, 0xabac, 0xff5b, 0xff5b, 0x0000, 0x0000, 0x0000, 0x0000, 0x0000, 0x0000, 0x0000, 0x0000, 0x0000, 0x0000, 0x0000, },
    {0x0000, 0x0000, 0x0000, 0x0000, 0x0000, 0x0000, 0x0000, 0x0000, 0x0000, 0x0000, 0x0000, 0x0000, 0xff5b, 0xabac, 0x0000, 0x0000, 0x0000, 0x0000, 0x0000, 0xabac, 0xff5b, 0x0000, 0x0000, 0x0000, 0x0000, 0x0000, 0x0000, 0x0000, 0x0000, 0x0000, 0x0000, 0x0000, },
  },
  {
    {0x0000, 0x0000, 0x0000, 0x0000, 0x0000, 0x0000, 0x0000, 0x0000, 0x0000, 0x0000, 0x0000, 0x0000, 0x0000, 0x0000, 0x0000, 0x0000, 0x0000, 0x0000, 0x0000, 0x0000, 0x0000, 0x0000, 0x0000, 0x0000, 0x0000, 0x0000, 0x0000, 0x0000, 0x0000, 0x0000, 0x0000, 0x0000, },
    {0x0000, 0x0000, 0x0000, 0x0000, 0x0000, 0x0000, 0x0000, 0x0000, 0x0000, 0x0000, 0x0000, 0x0000, 0x0000, 0x0000, 0x8b66, 0x8b66, 0x8b66, 0x8b66, 0x8b66, 0x8b66, 0x0000, 0x0000, 0x0000, 0x0000, 0x0000, 0x0000, 0x0000, 0x0000, 0x0000, 0x0000, 0x0000, 0x0000, },
    {0x0000, 0x0000, 0x0000, 0x0000, 0x0000, 0x0000, 0x0000, 0x0000, 0x0000, 0x0000, 0x0000, 0x0000, 0x8b66, 0x8b66, 0xffbb, 0xffbb, 0xffbb, 0xffbb, 0xffbb, 0xffbb, 0x8b66, 0x0000, 0x0000, 0x0000, 0x0000, 0x0000, 0x0000, 0x0000, 0x0000, 0x0000, 0x0000, 0x0000, },
    {0x0000, 0x0000, 0x0000, 0x0000, 0x0000, 0x0000, 0x0000, 0x0000, 0x0000, 0x0000, 0x0000, 0x8b66, 0xffbb, 0xffbb, 0xffbb, 0xffbb, 0xffbb, 0xffbb, 0xffbb, 0xffbb, 0xffbb, 0x8b66, 0x0000, 0x0000, 0x0000, 0x0000, 0x0000, 0x0000, 0x0000, 0x0000, 0x0000, 0x0000, },
    {0x0000, 0x0000, 0x0000, 0x0000, 0x0000, 0x0000, 0x0000, 0x0000, 0x0000, 0x0000, 0x8b66, 0xffbb, 0xffbb, 0xffbb, 0xffbb, 0xffbb, 0xffbb, 0xffbb, 0xffbb, 0xffbb, 0xffbb, 0xffbb, 0x8b66, 0x0000, 0x0000, 0x0000, 0x0000, 0x0000, 0x0000, 0x0000, 0x0000, 0x0000, },
    {0x0000, 0x0000, 0x0000, 0x0000, 0x0000, 0x0000, 0x0000, 0x0000, 0x0000, 0x8b66, 0xffbb, 0xffbb, 0xffbb, 0xffbb, 0xffbb, 0xffbb, 0xffbb, 0xffbb, 0xffbb, 0xffbb, 0xffbb, 0xffbb, 0xffbb, 0x8b66, 0x0000, 0x0000, 0x0000, 0x0000, 0x0000, 0x0000, 0x0000, 0x0000, },
    {0x0000, 0x0000, 0x0000, 0x0000, 0x0000, 0x0000, 0x0000, 0x0000, 0x8b66, 0xffbb, 0xffbb, 0xffbb, 0xffbb, 0xffbb, 0xffbb, 0xffbb, 0xffbb, 0xffbb, 0xffbb, 0xffbb, 0xffbb, 0xffbb, 0xffbb, 0xffbb, 0x8b66, 0x0000, 0x0000, 0x0000, 0x0000, 0x0000, 0x0000, 0x0000, },
    {0x0000, 0x0000, 0x0000, 0x0000, 0x0000, 0x0000, 0x0000, 0x0000, 0x8b66, 0xffbb, 0xffbb, 0xffbb, 0xffbb, 0xffbb, 0xffbb, 0xf739, 0xff5b, 0xf739, 0xffbb, 0xff5b, 0xf739, 0xffbb, 0xffbb, 0xffbb, 0x8b66, 0x0000, 0x0000, 0x0000, 0x0000, 0x0000, 0x0000, 0x0000, },
    {0x0000, 0x0000, 0x0000, 0x0000, 0x0000, 0x0000, 0x0000, 0x8b66, 0xffbb, 0xffbb, 0xffbb, 0xffbb, 0xf739, 0xf739, 0xffbb, 0xff5b, 0xff5b, 0xff5b, 0xf739, 0xffbb, 0xff5b, 0xf739, 0xffbb, 0xffbb, 0xffbb, 0x8b66, 0x0000, 0x0000, 0x0000, 0x0000, 0x0000, 0x0000, },
    {0x0000, 0x0000, 0x0000, 0x0000, 0x0000, 0x0000, 0x0000, 0x8b66, 0xffbb, 0xffbb, 0xffbb, 0xf739, 0xff5b, 0xffbb, 0xffbb, 0xff5b, 0xff5b, 0xff5b, 0xff5b, 0xf739, 0xff5b, 0xf739, 0xffbb, 0xffbb, 0xffbb, 0xffbb, 0x8b66, 0x0000, 0x0000, 0x0000, 0x0000, 0x0000, },
    {0x0000, 0x0000, 0x0000, 0x0000, 0x0000, 0x0000, 0x0000, 0x8b66, 0xffbb, 0xffbb, 0xffbb, 0xf739, 0xff5b, 0xff5b, 0xffbb, 0xf739, 0xff5b, 0xff5b, 0xff5b, 0xff5b, 0xff5b, 0xf739, 0xffbb, 0xffbb, 0xffbb, 0xffbb, 0x8b66, 0x0000, 0x0000, 0x0000, 0x0000, 0x0000, },
    {0x0000, 0x0000, 0x0000, 0x0000, 0x0000, 0x0000, 0x0000, 0x8b66, 0xffbb, 0xffbb, 0xf739, 0xf739, 0xff5b, 0xff5b, 0xff5b, 0xff5b, 0xff5b, 0xff5b, 0xff5b, 0xff5b, 0xff5b, 0xff5b, 0xf739, 0xffbb, 0xffbb, 0xffbb, 0xffbb, 0x8b66, 0x0000, 0x0000, 0x0000, 0x0000, },
    {0x0000, 0x0000, 0x0000, 0x0000, 0x0000, 0x0000, 0x0000, 0x8b66, 0xffbb, 0xffbb, 0xf739, 0xff5b, 0xff5b, 0xff5b, 0xff5b, 0xff5b, 0xff5b, 0xff5b, 0xff5b, 0xff5b, 0xff5b, 0xff5b, 0xf739, 0xf739, 0xffbb, 0xffbb, 0xffbb, 0x8b66, 0x0000, 0x0000, 0x0000, 0x0000, },
    {0x0000, 0x0000, 0x0000, 0x0000, 0x0000, 0x0000, 0x0000, 0x8b66, 0xffbb, 0xffbb, 0xffbb, 0xf739, 0xff5b, 0xff5b, 0xff5b, 0xff5b, 0xff5b, 0xff5b, 0xff5b, 0xff5b, 0xff5b, 0xff5b, 0xf739, 0xf739, 0xf739, 0xffbb, 0xffbb, 0x8b66, 0x0000, 0x0000, 0x0000, 0x0000, },
    {0x0000, 0x0000, 0x0000, 0x0000, 0x0000, 0x0000, 0x0000, 0x8b66, 0xffbb, 0xffbb, 0xffbb, 0xde33, 0xeaaa, 0xff5b, 0xff5b, 0xff5b, 0xff5b, 0xff5b, 0xff5b, 0xff5b, 0xeaaa, 0xde33, 0xf739, 0xf739, 0xf739, 0xffbb, 0xffbb, 0xffbb, 0x8b66, 0x0000, 0x0000, 0x0000, },
    {0x0000, 0x0000, 0x0000, 0x0000, 0x0000, 0x0000, 0x0000, 0x8b66, 0xffbb, 0xffbb, 0xffbb, 0xde33, 0xde33, 0xff5b, 0xff5b, 0xff5b, 0xff5b, 0xff5b, 0xff5b, 0xff5b, 0xde33, 0xde33, 0xf739, 0xf739, 0xf739, 0xde33, 0xf75a, 0xffbb, 0xffbb, 0x8b66, 0x0000, 0x0000, },
    {0x0000, 0x0000, 0x0000, 0x0000, 0x0000, 0x0000, 0x0000, 0x0000, 0x8b66, 0xffbb, 0xffbb, 0xffbb, 0xde33, 0xde33, 0xdedb, 0xfe35, 0xfe35, 0xfe35, 0xdedb, 0xdedb, 0xde33, 0xde33, 0xde33, 0xf739, 0xf739, 0xf75a, 0xde33, 0xf75a, 0xffbb, 0xffbb, 0x8b66, 0x0000, },
    {0x0000, 0x0000, 0x0000, 0x0000, 0x0000, 0x0000, 0x0000, 0x0000, 0x0000, 0xffbb, 0xffbb, 0xffbb, 0xde33, 0xff5b, 0xffff, 0xffff, 0xffff, 0xffff, 0xffff, 0xfe35, 0xde33, 0xde33, 0xde33, 0xf739, 0xf739, 0xf739, 0xf75a, 0xde33, 0xffbb, 0xffbb, 0x8b66, 0x0000, },
    {0x0000, 0x0000, 0x0000, 0x0000, 0x0000, 0x0000, 0x0000, 0x0000, 0x0000, 0x8b66, 0xffbb, 0xffbb, 0xff5b, 0xff5b, 0xffff, 0xffff, 0xffff, 0xffff, 0xff5b, 0xff5b, 0xfe35, 0xde33, 0xde33, 0xf739, 0xf739, 0xf739, 0xffbb, 0xde33, 0xde33, 0xffbb, 0xffbb, 0x8b66, },
    {0x0000, 0x0000, 0x0000, 0x0000, 0x0000, 0x0000, 0x0000, 0x0000, 0x0000, 0x0000, 0x8b66, 0xffbb, 0xde33, 0xff5b, 0xff5b, 0xffff, 0xffff, 0xff5b, 0xff5b, 0xffff, 0xffff, 0xde33, 0xde33, 0xf739, 0xf739, 0xf739, 0xffbb, 0x8b66, 0xde33, 0xffbb, 0xffbb, 0x8b66, },
    {0x0000, 0x0000, 0x0000, 0x0000, 0x0000, 0x0000, 0x0000, 0x0000, 0x0000, 0x0000, 0x8b66, 0xffbb, 0xffbb, 0xffff, 0xff5b, 0xffff, 0xff5b, 0xff5b, 0xffff, 0xffff, 0xffff, 0xde33, 0xde33, 0xf739, 0xef39, 0xde33, 0xffbb, 0x8b66, 0xde33, 0x8b66, 0xffbb, 0x8b66, },
    {0x0000, 0x0000, 0x0000, 0x0000, 0x0000, 0x0000, 0x0000, 0x0000, 0x0000, 0x0000, 0x0000, 0x8b66, 0xffbb, 0xffff, 0xffff, 0xffff, 0xffff, 0xffff, 0xffff, 0xffff, 0xffff, 0xbdf7, 0xde33, 0xf75a, 0xff5b, 0x8b66, 0xf739, 0x8b66, 0xde33, 0x8b66, 0x8b66, 0x8b66, },
    {0x0000, 0x0000, 0x0000, 0x0000, 0x0000, 0x0000, 0x0000, 0x0000, 0x0000, 0x0000, 0x0000, 0xbdf7, 0xffff, 0xffff, 0xffff, 0xffff, 0xffff, 0xffff, 0xffff, 0xffff, 0xffff, 0xdedb, 0xbdf7, 0xffbb, 0x0000, 0x8b66, 0xf739, 0x8b66, 0xde33, 0x8b66, 0x0000, 0x0000, },
    {0x0000, 0x0000, 0x0000, 0x0000, 0x0000, 0x0000, 0x0000, 0x0000, 0x0000, 0x0000, 0x0000, 0xbdf7, 0xffff, 0xffff, 0xffff, 0xffff, 0xffff, 0xffff, 0xffff, 0xffff, 0xffff, 0xdedb, 0xbdf7, 0xffbb, 0x0000, 0x8b66, 0xffbb, 0x0000, 0x8b66, 0x0000, 0x0000, 0x0000, },
    {0x0000, 0x0000, 0x0000, 0x0000, 0x0000, 0x0000, 0x0000, 0x0000, 0x0000, 0x0000, 0x0000, 0xbdf7, 0xffff, 0xffff, 0xffff, 0xffff, 0xffff, 0xffff, 0xffff, 0xffff, 0xffff, 0xffff, 0xdedb, 0xffbb, 0x0000, 0x8b66, 0xffbb, 0x0000, 0x0000, 0x0000, 0x0000, 0x0000, },
    {0x0000, 0x0000, 0x0000, 0x0000, 0x0000, 0x0000, 0x0000, 0x0000, 0x0000, 0x0000, 0xbdf7, 0xffff, 0xffff, 0xffff, 0xffff, 0xffff, 0xffff, 0xffff, 0xffff, 0xffff, 0xffff, 0xffff, 0xdedb, 0xbdf7, 0x0000, 0xffbb, 0x0000, 0x0000, 0x0000, 0x0000, 0x0000, 0x0000, },
    {0x0000, 0x0000, 0x0000, 0x0000, 0x0000, 0x0000, 0x0000, 0x0000, 0x0000, 0x0000, 0xbdf7, 0xffff, 0xffff, 0xffff, 0xffff, 0xffff, 0xffff, 0xffff, 0xffff, 0xffff, 0xffff, 0xffff, 0xffff, 0xffff, 0xbdf7, 0x0000, 0x0000, 0x0000, 0x0000, 0x0000, 0x0000, 0x0000, },
    {0x0000, 0x0000, 0x0000, 0x0000, 0x0000, 0x0000, 0x0000, 0x0000, 0x0000, 0x0000, 0xbdf7, 0xffff, 0xffff, 0xffff, 0xfe35, 0xbdf7, 0xbdf7, 0xffff, 0xffff, 0xffff, 0xffff, 0xffff, 0xffff, 0xffff, 0xffff, 0xbdf7, 0x0000, 0x0000, 0x0000, 0x0000, 0x0000, 0x0000, },
    {0x0000, 0x0000, 0x0000, 0x0000, 0x0000, 0x0000, 0x0000, 0x0000, 0x0000, 0x0000, 0xbdf7, 0xbdf7, 0xff5b, 0xff5b, 0xabac, 0x0000, 0x0000, 0x0000, 0xfe35, 0xff5b, 0xff5b, 0xdedb, 0xdedb, 0xdedb, 0xbdf7, 0x0000, 0x0000, 0x0000, 0x0000, 0x0000, 0x0000, 0x0000, },
    {0x0000, 0x0000, 0x0000, 0x0000, 0x0000, 0x0000, 0x0000, 0x0000, 0x0000, 0x0000, 0x0000, 0x0000, 0xff5b, 0xff5b, 0xabac, 0x0000, 0x0000, 0x0000, 0xfe35, 0xff5b, 0xff5b, 0xbdf7, 0xbdf7, 0xbdf7, 0x0000, 0x0000, 0x0000, 0x0000, 0x0000, 0x0000, 0x0000, 0x0000, },
    {0x0000, 0x0000, 0x0000, 0x0000, 0x0000, 0x0000, 0x0000, 0x0000, 0x0000, 0x0000, 0x0000, 0x0000, 0xff5b, 0xff5b, 0xabac, 0x0000, 0x0000, 0x0000, 0xfe35, 0xff5b, 0xff5b, 0x0000, 0x0000, 0x0000, 0x0000, 0x0000, 0x0000, 0x0000, 0x0000, 0x0000, 0x0000, 0x0000, },
    {0x0000, 0x0000, 0x0000, 0x0000, 0x0000, 0x0000, 0x0000, 0x0000, 0x0000, 0x0000, 0x0000, 0x0000, 0xff5b, 0xabac, 0x0000, 0x0000, 0x0000, 0x0000, 0x0000, 0xfe35, 0xff5b, 0x0000, 0x0000, 0x0000, 0x0000, 0x0000, 0x0000, 0x0000, 0x0000, 0x0000, 0x0000, 0x0000, },
  },
  {
    {0x0000, 0x0000, 0x0000, 0x0000, 0x0000, 0x0000, 0x0000, 0x0000, 0x0000, 0x0000, 0x0000, 0x0000, 0x0000, 0x0000, 0x0000, 0x0000, 0x0000, 0x0000, 0x0000, 0x0000, 0x0000, 0x0000, 0x0000, 0x0000, 0x0000, 0x0000, 0x0000, 0x0000, 0x0000, 0x0000, 0x0000, 0x0000, },
    {0x0000, 0x0000, 0x0000, 0x0000, 0x0000, 0x0000, 0x0000, 0x0000, 0x0000, 0x0000, 0x0000, 0x0000, 0x0000, 0x0000, 0x8b66, 0x8b66, 0x8b66, 0x8b66, 0x8b66, 0x8b66, 0x0000, 0x0000, 0x0000, 0x0000, 0x0000, 0x0000, 0x0000, 0x0000, 0x0000, 0x0000, 0x0000, 0x0000, },
    {0x0000, 0x0000, 0x0000, 0x0000, 0x0000, 0x0000, 0x0000, 0x0000, 0x0000, 0x0000, 0x0000, 0x0000, 0x8b66, 0x8b66, 0xffbb, 0xffbb, 0xffbb, 0xffbb, 0xffbb, 0xffbb, 0x8b66, 0x0000, 0x0000, 0x0000, 0x0000, 0x0000, 0x0000, 0x0000, 0x0000, 0x0000, 0x0000, 0x0000, },
    {0x0000, 0x0000, 0x0000, 0x0000, 0x0000, 0x0000, 0x0000, 0x0000, 0x0000, 0x0000, 0x0000, 0x8b66, 0xffbb, 0xffbb, 0xffbb, 0xffbb, 0xffbb, 0xffbb, 0xffbb, 0xffbb, 0xffbb, 0x8b66, 0x0000, 0x0000, 0x0000, 0x0000, 0x0000, 0x0000, 0x0000, 0x0000, 0x0000, 0x0000, },
    {0x0000, 0x0000, 0x0000, 0x0000, 0x0000, 0x0000, 0x0000, 0x0000, 0x0000, 0x0000, 0x8b66, 0xffbb, 0xffbb, 0xffbb, 0xffbb, 0xffbb, 0xffbb, 0xffbb, 0xffbb, 0xffbb, 0xffbb, 0xffbb, 0x8b66, 0x0000, 0x0000, 0x0000, 0x0000, 0x0000, 0x0000, 0x0000, 0x0000, 0x0000, },
    {0x0000, 0x0000, 0x0000, 0x0000, 0x0000, 0x0000, 0x0000, 0x0000, 0x0000, 0x8b66, 0xffbb, 0xffbb, 0xffbb, 0xffbb, 0xffbb, 0xffbb, 0xffbb, 0xffbb, 0xffbb, 0xffbb, 0xffbb, 0xffbb, 0xffbb, 0x8b66, 0x0000, 0x0000, 0x0000, 0x0000, 0x0000, 0x0000, 0x0000, 0x0000, },
    {0x0000, 0x0000, 0x0000, 0x0000, 0x0000, 0x0000, 0x0000, 0x0000, 0x8b66, 0xffbb, 0xffbb, 0xffbb, 0xffbb, 0xffbb, 0xffbb, 0xffbb, 0xffbb, 0xffbb, 0xffbb, 0xffbb, 0xffbb, 0xffbb, 0xffbb, 0xffbb, 0x8b66, 0x0000, 0x0000, 0x0000, 0x0000, 0x0000, 0x0000, 0x0000, },
    {0x0000, 0x0000, 0x0000, 0x0000, 0x0000, 0x0000, 0x0000, 0x0000, 0x8b66, 0xffbb, 0xffbb, 0xffbb, 0xffbb, 0xffbb, 0xffbb, 0xf739, 0xff5b, 0xf739, 0xffbb, 0xff5b, 0xf739, 0xffbb, 0xffbb, 0xffbb, 0x8b66, 0x0000, 0x0000, 0x0000, 0x0000, 0x0000, 0x0000, 0x0000, },
    {0x0000, 0x0000, 0x0000, 0x0000, 0x0000, 0x0000, 0x0000, 0x8b66, 0xffbb, 0xffbb, 0xffbb, 0xffbb, 0xf739, 0xf739, 0xffbb, 0xff5b, 0xff5b, 0xff5b, 0xf739, 0xffbb, 0xff5b, 0xf739, 0xffbb, 0xffbb, 0xffbb, 0x8b66, 0x0000, 0x0000, 0x0000, 0x0000, 0x0000, 0x0000, },
    {0x0000, 0x0000, 0x0000, 0x0000, 0x0000, 0x0000, 0x0000, 0x8b66, 0xffbb, 0xffbb, 0xffbb, 0xf739, 0xff5b, 0xffbb, 0xffbb, 0xff5b, 0xff5b, 0xff5b, 0xff5b, 0xf739, 0xff5b, 0xf739, 0xffbb, 0xffbb, 0xffbb, 0xffbb, 0x8b66, 0x0000, 0x0000, 0x0000, 0x0000, 0x0000, },
    {0x0000, 0x0000, 0x0000, 0x0000, 0x0000, 0x0000, 0x0000, 0x8b66, 0xffbb, 0xffbb, 0xffbb, 0xf739, 0xff5b, 0xff5b, 0xffbb, 0xf739, 0xff5b, 0xff5b, 0xff5b, 0xff5b, 0xff5b, 0xf739, 0xffbb, 0xffbb, 0xffbb, 0xffbb, 0x8b66, 0x0000, 0x0000, 0x0000, 0x0000, 0x0000, },
    {0x0000, 0x0000, 0x0000, 0x0000, 0x0000, 0x0000, 0x0000, 0x8b66, 0xffbb, 0xffbb, 0xf739, 0xff5b, 0xff5b, 0xff5b, 0xff5b, 0xff5b, 0xff5b, 0xff5b, 0xff5b, 0xff5b, 0xff5b, 0xff5b, 0xf739, 0xffbb, 0xffbb, 0xffbb, 0xffbb, 0x8b66, 0x0000, 0x0000, 0x0000, 0x0000, },
    {0x0000, 0x0000, 0x0000, 0x0000, 0x0000, 0x0000, 0x0000, 0x8b66, 0xffbb, 0xffbb, 0xf739, 0xff5b, 0xff5b, 0xff5b, 0xff5b, 0xff5b, 0xff5b, 0xff5b, 0xff5b, 0xff5b, 0xff5b, 0xff5b, 0xf739, 0xf739, 0xffbb, 0xffbb, 0xffbb, 0x8b66, 0x0000, 0x0000, 0x0000, 0x0000, },
    {0x0000, 0x0000, 0x0000, 0x0000, 0x0000, 0x0000, 0x0000, 0x8b66, 0xffbb, 0xffbb, 0xffbb, 0xf739, 0xff5b, 0xff5b, 0xff5b, 0xff5b, 0xff5b, 0xff5b, 0xff5b, 0xff5b, 0xff5b, 0xff5b, 0xf739, 0xf739, 0xf739, 0xffbb, 0xffbb, 0x8b66, 0x0000, 0x0000, 0x0000, 0x0000, },
    {0x0000, 0x0000, 0x0000, 0x0000, 0x0000, 0x0000, 0x0000, 0x8b66, 0xffbb, 0xffbb, 0xffbb, 0xde33, 0xeaaa, 0xff5b, 0xff5b, 0xff5b, 0xff5b, 0xff5b, 0xff5b, 0xff5b, 0xeaaa, 0xde33, 0xf739, 0xf739, 0xf739, 0xffbb, 0xffbb, 0xffbb, 0x8b66, 0x0000, 0x0000, 0x0000, },
    {0x0000, 0x0000, 0x0000, 0x0000, 0x0000, 0x0000, 0x0000, 0x8b66, 0xffbb, 0xffbb, 0xffbb, 0xde33, 0xde33, 0xff5b, 0xff5b, 0xff5b, 0xff5b, 0xff5b, 0xff5b, 0xff5b, 0xde33, 0xde33, 0xf739, 0xf739, 0xf739, 0xde33, 0xf75a, 0xffbb, 0xffbb, 0x8b66, 0x0000, 0x0000, },
    {0x0000, 0x0000, 0x0000, 0x0000, 0x0000, 0x0000, 0x0000, 0x0000, 0x8b66, 0xffbb, 0xffbb, 0xffbb, 0xde33, 0xde33, 0xff5b, 0xfe35, 0xfe35, 0xfe35, 0xdedb, 0xdedb, 0xde33, 0xde33, 0xde33, 0xf739, 0xf739, 0xf75a, 0xde33, 0xf75a, 0xffbb, 0xffbb, 0x8b66, 0x0000, },
    {0x0000, 0x0000, 0x0000, 0x0000, 0x0000, 0x0000, 0x0000, 0x0000, 0x0000, 0xffbb, 0xffbb, 0xffbb, 0xde33, 0xff5b, 0xff5b, 0xffff, 0xffff, 0xffff, 0xff5b, 0xfe35, 0xde33, 0xde33, 0xde33, 0xf739, 0xf739, 0xf739, 0xf75a, 0xde33, 0xffbb, 0xffbb, 0x8b66, 0x0000, },
    {0x0000, 0x0000, 0x0000, 0x0000, 0x0000, 0x0000, 0x0000, 0x0000, 0x0000, 0x8b66, 0xffbb, 0xffbb, 0xff5b, 0xff5b, 0xff5b, 0xffff, 0xffff, 0xff5b, 0xff5b, 0xfe35, 0xfe35, 0xde33, 0xde33, 0xf739, 0xf739, 0xf739, 0xffbb, 0xde33, 0xde33, 0xffbb, 0xffbb, 0x8b66, },
    {0x0000, 0x0000, 0x0000, 0x0000, 0x0000, 0x0000, 0x0000, 0x0000, 0x0000, 0x0000, 0x8b66, 0xffbb, 0xff5b, 0xff5b, 0xffff, 0xff5b, 0xff5b, 0xff5b, 0xff5b, 0xffff, 0xff5b, 0xde33, 0xde33, 0xf739, 0xf739, 0xf739, 0xffbb, 0x8b66, 0xde33, 0xffbb, 0xffbb, 0x8b66, },
    {0x0000, 0x0000, 0x0000, 0x0000, 0x0000, 0x0000, 0x0000, 0x0000, 0x0000, 0x0000, 0x8b66, 0xffbb, 0xffbb, 0xffff, 0xffff, 0xffff, 0xffff, 0xffff, 0xffff, 0xffff, 0xffff, 0xde33, 0xde33, 0xf739, 0xef39, 0xde33, 0xffbb, 0x8b66, 0xde33, 0x8b66, 0xffbb, 0x8b66, },
    {0x0000, 0x0000, 0x0000, 0x0000, 0x0000, 0x0000, 0x0000, 0x0000, 0x0000, 0x0000, 0x0000, 0x8b66, 0xffbb, 0xffff, 0xffff, 0xffff, 0xffff, 0xffff, 0xffff, 0xffff, 0xffff, 0xbdf7, 0xde33, 0xf75a, 0xff5b, 0x8b66, 0xf739, 0x8b66, 0xde33, 0x8b66, 0x8b66, 0x8b66, },
    {0x0000, 0x0000, 0x0000, 0x0000, 0x0000, 0x0000, 0x0000, 0x0000, 0x0000, 0x0000, 0x0000, 0xbdf7, 0xffff, 0xffff, 0xffff, 0xffff, 0xffff, 0xffff, 0xffff, 0xffff, 0xffff, 0xdedb, 0xbdf7, 0xffbb, 0x0000, 0x8b66, 0xf739, 0x8b66, 0xde33, 0x8b66, 0x0000, 0x0000, },
    {0x0000, 0x0000, 0x0000, 0x0000, 0x0000, 0x0000, 0x0000, 0x0000, 0x0000, 0x0000, 0x0000, 0xbdf7, 0xffff, 0xffff, 0xffff, 0xffff, 0xffff, 0xffff, 0xffff, 0xffff, 0xffff, 0xdedb, 0xbdf7, 0xffbb, 0x0000, 0x8b66, 0xffbb, 0x0000, 0x8b66, 0x0000, 0x0000, 0x0000, },
    {0x0000, 0x0000, 0x0000, 0x0000, 0x0000, 0x0000, 0x0000, 0x0000, 0x0000, 0x0000, 0x0000, 0xbdf7, 0xffff, 0xffff, 0xffff, 0xffff, 0xffff, 0xffff, 0xffff, 0xffff, 0xffff, 0xffff, 0xdedb, 0xffbb, 0x0000, 0x8b66, 0xffbb, 0x0000, 0x0000, 0x0000, 0x0000, 0x0000, },
    {0x0000, 0x0000, 0x0000, 0x0000, 0x0000, 0x0000, 0x0000, 0x0000, 0x0000, 0x0000, 0xbdf7, 0xffff, 0xffff, 0xffff, 0xffff, 0xffff, 0xffff, 0xffff, 0xffff, 0xffff, 0xffff, 0xffff, 0xdedb, 0xbdf7, 0x0000, 0xffbb, 0x0000, 0x0000, 0x0000, 0x0000, 0x0000, 0x0000, },
    {0x0000, 0x0000, 0x0000, 0x0000, 0x0000, 0x0000, 0x0000, 0x0000, 0x0000, 0x0000, 0xbdf7, 0xffff, 0xffff, 0xffff, 0xffff, 0xffff, 0xffff, 0xffff, 0xffff, 0xffff, 0xffff, 0xffff, 0xffff, 0xffff, 0xbdf7, 0x0000, 0x0000, 0x0000, 0x0000, 0x0000, 0x0000, 0x0000, },
    {0x0000, 0x0000, 0x0000, 0x0000, 0x0000, 0x0000, 0x0000, 0x0000, 0x0000, 0x0000, 0xbdf7, 0xffff, 0xffff, 0xffff, 0xfe35, 0xbdf7, 0xbdf7, 0xffff, 0xffff, 0xffff, 0xffff, 0xffff, 0xffff, 0xffff, 0xffff, 0xbdf7, 0x0000, 0x0000, 0x0000, 0x0000, 0x0000, 0x0000, },
    {0x0000, 0x0000, 0x0000, 0x0000, 0x0000, 0x0000, 0x0000, 0x0000, 0x0000, 0x0000, 0xbdf7, 0xbdf7, 0xff5b, 0xff5b, 0xabac, 0x0000, 0x0000, 0x0000, 0xfe35, 0xff5b, 0xff5b, 0xdedb, 0xdedb, 0xdedb, 0xbdf7, 0x0000, 0x0000, 0x0000, 0x0000, 0x0000, 0x0000, 0x0000, },
    {0x0000, 0x0000, 0x0000, 0x0000, 0x0000, 0x0000, 0x0000, 0x0000, 0x0000, 0x0000, 0x0000, 0x0000, 0xff5b, 0xff5b, 0xabac, 0x0000, 0x0000, 0x0000, 0x0000, 0xfe35, 0xff5b, 0xff5b, 0xbdf7, 0xbdf7, 0x0000, 0x0000, 0x0000, 0x0000, 0x0000, 0x0000, 0x0000, 0x0000, },
    {0x0000, 0x0000, 0x0000, 0x0000, 0x0000, 0x0000, 0x0000, 0x0000, 0x0000, 0x0000, 0x0000, 0x0000, 0xff5b, 0xff5b, 0xabac, 0x0000, 0x0000, 0x0000, 0x0000, 0x0000, 0xff5b, 0xff5b, 0xabac, 0x0000, 0x0000, 0x0000, 0x0000, 0x0000, 0x0000, 0x0000, 0x0000, 0x0000, },
    {0x0000, 0x0000, 0x0000, 0x0000, 0x0000, 0x0000, 0x0000, 0x0000, 0x0000, 0x0000, 0x0000, 0x0000, 0xff5b, 0xabac, 0x0000, 0x0000, 0x0000, 0x0000, 0x0000, 0x0000, 0x0000, 0xff5b, 0xff5b, 0xabac, 0x0000, 0x0000, 0x0000, 0x0000, 0x0000, 0x0000, 0x0000, 0x0000, },
  },
  {
    {0x0000, 0x0000, 0x0000, 0x0000, 0x0000, 0x0000, 0x0000, 0x0000, 0x0000, 0x0000, 0x0000, 0x0000, 0x0000, 0x0000, 0x0000, 0x0000, 0x0000, 0x0000, 0x0000, 0x0000, 0x0000, 0x0000, 0x0000, 0x0000, 0x0000, 0x0000, 0x0000, 0x0000, 0x0000, 0x0000, 0x0000, 0x0000, },
    {0x0000, 0x0000, 0x0000, 0x0000, 0x0000, 0x0000, 0x0000, 0x0000, 0x0000, 0x0000, 0x0000, 0x0000, 0x0000, 0x0000, 0x8b66, 0x8b66, 0x8b66, 0x8b66, 0x8b66, 0x8b66, 0x0000, 0x0000, 0x0000, 0x0000, 0x0000, 0x0000, 0x0000, 0x0000, 0x0000, 0x0000, 0x0000, 0x0000, },
    {0x0000, 0x0000, 0x0000, 0x0000, 0x0000, 0x0000, 0x0000, 0x0000, 0x0000, 0x0000, 0x0000, 0x0000, 0x8b66, 0x8b66, 0xffbb, 0xffbb, 0xffbb, 0xffbb, 0xffbb, 0xffbb, 0x8b66, 0x8b66, 0x0000, 0x0000, 0x0000, 0x0000, 0x0000, 0x0000, 0x0000, 0x0000, 0x0000, 0x0000, },
    {0x0000, 0x0000, 0x0000, 0x0000, 0x0000, 0x0000, 0x0000, 0x0000, 0x0000, 0x0000, 0x0000, 0x8b66, 0xffbb, 0xffbb, 0xffbb, 0xffbb, 0xffbb, 0xffbb, 0xffbb, 0xffbb, 0xffbb, 0xffbb, 0x8b66, 0x0000, 0x0000, 0x0000, 0x0000, 0x0000, 0x0000, 0x0000, 0x0000, 0x0000, },
    {0x0000, 0x0000, 0x0000, 0x0000, 0x0000, 0x0000, 0x0000, 0x0000, 0x0000, 0x0000, 0x8b66, 0xffbb, 0xffbb, 0xffbb, 0xffbb, 0xffbb, 0xffbb, 0xffbb, 0xffbb, 0xffbb, 0xffbb, 0xffbb, 0xffbb, 0x8b66, 0x0000, 0x0000, 0x0000, 0x0000, 0x0000, 0x0000, 0x0000, 0x0000, },
    {0x0000, 0x0000, 0x0000, 0x0000, 0x0000, 0x0000, 0x0000, 0x0000, 0x0000, 0x8b66, 0xffbb, 0xffbb, 0xffbb, 0xffbb, 0xffbb, 0xffbb, 0xffbb, 0xffbb, 0xffbb, 0xffbb, 0xffbb, 0xffbb, 0xffbb, 0xffbb, 0x8b66, 0x0000, 0x0000, 0x0000, 0x0000, 0x0000, 0x0000, 0x0000, },
    {0x0000, 0x0000, 0x0000, 0x0000, 0x0000, 0x0000, 0x0000, 0x0000, 0x8b66, 0xffbb, 0xffbb, 0xffbb, 0xffbb, 0xffbb, 0xffbb, 0xffbb, 0xffbb, 0xffbb, 0xffbb, 0xffbb, 0xffbb, 0xffbb, 0xffbb, 0xffbb, 0xffbb, 0x8b66, 0x0000, 0x0000, 0x0000, 0x0000, 0x0000, 0x0000, },
    {0x0000, 0x0000, 0x0000, 0x0000, 0x0000, 0x0000, 0x0000, 0x0000, 0x8b66, 0xffbb, 0xffbb, 0xffbb, 0xffbb, 0xffbb, 0xffbb, 0xf739, 0xff5b, 0xf739, 0xffbb, 0xff5b, 0xf739, 0xffbb, 0xffbb, 0xffbb, 0xffbb, 0x8b66, 0x0000, 0x0000, 0x0000, 0x0000, 0x0000, 0x0000, },
    {0x0000, 0x0000, 0x0000, 0x0000, 0x0000, 0x0000, 0x0000, 0x8b66, 0xffbb, 0xffbb, 0xffbb, 0xffbb, 0xf739, 0xf739, 0xffbb, 0xff5b, 0xff5b, 0xff5b, 0xf739, 0xffbb, 0xff5b, 0xf739, 0xffbb, 0xffbb, 0xffbb, 0x8b66, 0x0000, 0x0000, 0x0000, 0x0000, 0x0000, 0x0000, },
    {0x0000, 0x0000, 0x0000, 0x0000, 0x0000, 0x0000, 0x0000, 0x8b66, 0xffbb, 0xffbb, 0xffbb, 0xf739, 0xff5b, 0xffbb, 0xffbb, 0xff5b, 0xff5b, 0xff5b, 0xff5b, 0xf739, 0xff5b, 0xf739, 0xffbb, 0xffbb, 0xffbb, 0xffbb, 0x8b66, 0x0000, 0x0000, 0x0000, 0x0000, 0x0000, },
    {0x0000, 0x0000, 0x0000, 0x0000, 0x0000, 0x0000, 0x0000, 0x8b66, 0xffbb, 0xffbb, 0xffbb, 0xf739, 0xff5b, 0xff5b, 0xffbb, 0xf739, 0xff5b, 0xff5b, 0xff5b, 0xff5b, 0xff5b, 0xf739, 0xffbb, 0xffbb, 0xffbb, 0xffbb, 0x8b66, 0x0000, 0x0000, 0x0000, 0x0000, 0x0000, },
    {0x0000, 0x0000, 0x0000, 0x0000, 0x0000, 0x0000, 0x0000, 0x8b66, 0xffbb, 0xffbb, 0xf739, 0xff5b, 0xff5b, 0xff5b, 0xff5b, 0xff5b, 0xff5b, 0xff5b, 0xff5b, 0xff5b, 0xff5b, 0xff5b, 0xf739, 0xffbb, 0xffbb, 0xffbb, 0xffbb, 0x8b66, 0x0000, 0x0000, 0x0000, 0x0000, },
    {0x0000, 0x0000, 0x0000, 0x0000, 0x0000, 0x0000, 0x0000, 0x8b66, 0xffbb, 0xffbb, 0xf739, 0xff5b, 0xff5b, 0xff5b, 0xff5b, 0xff5b, 0xff5b, 0xff5b, 0xff5b, 0xff5b, 0xff5b, 0xff5b, 0xf739, 0xf739, 0xffbb, 0xffbb, 0xffbb, 0x8b66, 0x0000, 0x0000, 0x0000, 0x0000, },
    {0x0000, 0x0000, 0x0000, 0x0000, 0x0000, 0x0000, 0x0000, 0x8b66, 0xffbb, 0xffbb, 0xffbb, 0xf739, 0xff5b, 0xff5b, 0xff5b, 0xff5b, 0xff5b, 0xff5b, 0xff5b, 0xff5b, 0xff5b, 0xff5b, 0xf739, 0xf739, 0xf739, 0xffbb, 0xffbb, 0x8b66, 0x0000, 0x0000, 0x0000, 0x0000, },
    {0x0000, 0x0000, 0x0000, 0x0000, 0x0000, 0x0000, 0x0000, 0x8b66, 0xffbb, 0xffbb, 0xffbb, 0xde33, 0xeaaa, 0xff5b, 0xff5b, 0xff5b, 0xff5b, 0xff5b, 0xff5b, 0xff5b, 0xeaaa, 0xde33, 0xf739, 0xf739, 0xf739, 0xffbb, 0xffbb, 0x8b66, 0x0000, 0x0000, 0x0000, 0x0000, },
    {0x0000, 0x0000, 0x0000, 0x0000, 0x0000, 0x0000, 0x0000, 0x8b66, 0xffbb, 0xffbb, 0xffbb, 0xde33, 0xde33, 0xff5b, 0xff5b, 0xff5b, 0xff5b, 0xff5b, 0xff5b, 0xff5b, 0xde33, 0xde33, 0xf739, 0xf739, 0xf739, 0xde33, 0xf75a, 0xffbb, 0x8b66, 0x0000, 0x0000, 0x0000, },
    {0x0000, 0x0000, 0x0000, 0x0000, 0x0000, 0x0000, 0x0000, 0x0000, 0x8b66, 0xffbb, 0xffbb, 0xffbb, 0xde33, 0xde33, 0xdedb, 0xfe35, 0xfe35, 0xfe35, 0xdedb, 0xdedb, 0xde33, 0xde33, 0xde33, 0xf739, 0xf739, 0xf75a, 0xde33, 0xffbb, 0x8b66, 0x0000, 0x0000, 0x0000, },
    {0x0000, 0x0000, 0x0000, 0x0000, 0x0000, 0x0000, 0x0000, 0x0000, 0x0000, 0xffbb, 0xffbb, 0xffbb, 0xde33, 0xde33, 0xffff, 0xffff, 0xffff, 0xffff, 0xffff, 0xfe35, 0xde33, 0xde33, 0xde33, 0xf739, 0xf739, 0xf739, 0xf75a, 0xffbb, 0xffbb, 0x8b66, 0x0000, 0x0000, },
    {0x0000, 0x0000, 0x0000, 0x0000, 0x0000, 0x0000, 0x0000, 0x0000, 0x0000, 0x8b66, 0xffbb, 0xffbb, 0xde33, 0xff5b, 0xffff, 0xffff, 0xffff, 0xffff, 0xff5b, 0xff5b, 0xfe35, 0xde33, 0xde33, 0xf739, 0xf739, 0xf739, 0xffbb, 0xde33, 0xffbb, 0x8b66, 0x0000, 0x0000, },
    {0x0000, 0x0000, 0x0000, 0x0000, 0x0000, 0x0000, 0x0000, 0x0000, 0x0000, 0x0000, 0x8b66, 0xffbb, 0xde33, 0xff5b, 0xff5b, 0xff5b, 0xffff, 0xff5b, 0xff5b, 0xff5b, 0xff5b, 0xde33, 0xde33, 0xf739, 0xf739, 0xf739, 0xffbb, 0xde33, 0xffbb, 0x8b66, 0x0000, 0x0000, },
    {0x0000, 0x0000, 0x0000, 0x0000, 0x0000, 0x0000, 0x0000, 0x0000, 0x0000, 0x0000, 0x8b66, 0xffbb, 0xffbb, 0xffff, 0xff5b, 0xff5b, 0xff5b, 0xff5b, 0xff5b, 0xffff, 0xffff, 0xde33, 0xde33, 0xf739, 0xef39, 0xde33, 0xffbb, 0xde33, 0x8b66, 0x8b66, 0x0000, 0x0000, },
    {0x0000, 0x0000, 0x0000, 0x0000, 0x0000, 0x0000, 0x0000, 0x0000, 0x0000, 0x0000, 0x0000, 0x8b66, 0xffbb, 0xffff, 0xffff, 0xff5b, 0xff5b, 0xff5b, 0xffff, 0xffff, 0xffff, 0xbdf7, 0xde33, 0xf75a, 0x0000, 0x8b66, 0xf739, 0xde33, 0x8b66, 0x0000, 0x0000, 0x0000, },
    {0x0000, 0x0000, 0x0000, 0x0000, 0x0000, 0x0000, 0x0000, 0x0000, 0x0000, 0x0000, 0x0000, 0xbdf7, 0xffff, 0xffff, 0xffff, 0xffff, 0xff5b, 0xffff, 0xffff, 0xffff, 0xffff, 0xdedb, 0xbdf7, 0xffbb, 0x0000, 0x8b66, 0xf739, 0xde33, 0x8b66, 0x0000, 0x0000, 0x0000, },
    {0x0000, 0x0000, 0x0000, 0x0000, 0x0000, 0x0000, 0x0000, 0x0000, 0x0000, 0x0000, 0x0000, 0xbdf7, 0xffff, 0xffff, 0xffff, 0xffff, 0xffff, 0xffff, 0xffff, 0xffff, 0xffff, 0xdedb, 0xbdf7, 0xffbb, 0x0000, 0x8b66, 0xffbb, 0x8b66, 0x0000, 0x0000, 0x0000, 0x0000, },
    {0x0000, 0x0000, 0x0000, 0x0000, 0x0000, 0x0000, 0x0000, 0x0000, 0x0000, 0x0000, 0x0000, 0xbdf7, 0xffff, 0xffff, 0xffff, 0xffff, 0xffff, 0xffff, 0xffff, 0xffff, 0xffff, 0xffff, 0xdedb, 0xffbb, 0x0000, 0x8b66, 0xffbb, 0x0000, 0x0000, 0x0000, 0x0000, 0x0000, },
    {0x0000, 0x0000, 0x0000, 0x0000, 0x0000, 0x0000, 0x0000, 0x0000, 0x0000, 0x0000, 0xbdf7, 0xffff, 0xffff, 0xffff, 0xffff, 0xffff, 0xffff, 0xffff, 0xffff, 0xffff, 0xffff, 0xffff, 0xdedb, 0xbdf7, 0x0000, 0xffbb, 0x0000, 0x0000, 0x0000, 0x0000, 0x0000, 0x0000, },
    {0x0000, 0x0000, 0x0000, 0x0000, 0x0000, 0x0000, 0x0000, 0x0000, 0x0000, 0x0000, 0xbdf7, 0xffff, 0xffff, 0xffff, 0xffff, 0xffff, 0xffff, 0xffff, 0xffff, 0xffff, 0xffff, 0xffff, 0xffff, 0xffff, 0xbdf7, 0x0000, 0x0000, 0x0000, 0x0000, 0x0000, 0x0000, 0x0000, },
    {0x0000, 0x0000, 0x0000, 0x0000, 0x0000, 0x0000, 0x0000, 0x0000, 0x0000, 0x0000, 0xbdf7, 0xffff, 0xffff, 0xffff, 0xfe35, 0xbdf7, 0xbdf7, 0xffff, 0xffff, 0xffff, 0xffff, 0xffff, 0xffff, 0xffff, 0xffff, 0xbdf7, 0x0000, 0x0000, 0x0000, 0x0000, 0x0000, 0x0000, },
    {0x0000, 0x0000, 0x0000, 0x0000, 0x0000, 0x0000, 0x0000, 0x0000, 0x0000, 0x0000, 0xbdf7, 0xbdf7, 0xff5b, 0xff5b, 0xabac, 0x0000, 0x0000, 0x0000, 0xfe35, 0xff5b, 0xff5b, 0xdedb, 0xdedb, 0xdedb, 0xbdf7, 0x0000, 0x0000, 0x0000, 0x0000, 0x0000, 0x0000, 0x0000, },
    {0x0000, 0x0000, 0x0000, 0x0000, 0x0000, 0x0000, 0x0000, 0x0000, 0x0000, 0x0000, 0x0000, 0x0000, 0xff5b, 0xff5b, 0xabac, 0x0000, 0x0000, 0x0000, 0x0000, 0xfe35, 0xff5b, 0xff5b, 0xbdf7, 0xbdf7, 0x0000, 0x0000, 0x0000, 0x0000, 0x0000, 0x0000, 0x0000, 0x0000, },
    {0x0000, 0x0000, 0x0000, 0x0000, 0x0000, 0x0000, 0x0000, 0x0000, 0x0000, 0x0000, 0x0000, 0x0000, 0xff5b, 0xff5b, 0xabac, 0x0000, 0x0000, 0x0000, 0x0000, 0x0000, 0xff5b, 0xff5b, 0xabac, 0x0000, 0x0000, 0x0000, 0x0000, 0x0000, 0x0000, 0x0000, 0x0000, 0x0000, },
    {0x0000, 0x0000, 0x0000, 0x0000, 0x0000, 0x0000, 0x0000, 0x0000, 0x0000, 0x0000, 0x0000, 0x0000, 0xff5b, 0xabac, 0x0000, 0x0000, 0x0000, 0x0000, 0x0000, 0x0000, 0x0000, 0xff5b, 0xff5b, 0xabac, 0x0000, 0x0000, 0x0000, 0x0000, 0x0000, 0x0000, 0x0000, 0x0000, },
  },
  {
    {0x0000, 0x0000, 0x0000, 0x0000, 0x0000, 0x0000, 0x0000, 0x0000, 0x0000, 0x0000, 0x0000, 0x0000, 0x0000, 0x0000, 0x0000, 0x0000, 0x0000, 0x0000, 0x0000, 0x0000, 0x0000, 0x0000, 0x0000, 0x0000, 0x0000, 0x0000, 0x0000, 0x0000, 0x0000, 0x0000, 0x0000, 0x0000, },
    {0x0000, 0x0000, 0x0000, 0x0000, 0x0000, 0x0000, 0x0000, 0x0000, 0x0000, 0x0000, 0x0000, 0x0000, 0x0000, 0x0000, 0x0000, 0x0000, 0x0000, 0x0000, 0x0000, 0x0000, 0x0000, 0x0000, 0x0000, 0x0000, 0x0000, 0x0000, 0x0000, 0x0000, 0x0000, 0x0000, 0x0000, 0x0000, },
    {0x0000, 0x0000, 0x0000, 0x0000, 0x0000, 0x0000, 0x0000, 0x0000, 0x0000, 0x0000, 0x0000, 0x0000, 0x0000, 0x0000, 0x8b66, 0x8b66, 0x8b66, 0x8b66, 0x8b66, 0x8b66, 0x0000, 0x0000, 0x0000, 0x0000, 0x0000, 0x0000, 0x0000, 0x0000, 0x0000, 0x0000, 0x0000, 0x0000, },
    {0x0000, 0x0000, 0x0000, 0x0000, 0x0000, 0x0000, 0x0000, 0x0000, 0x0000, 0x0000, 0x0000, 0x0000, 0x8b66, 0x8b66, 0xffbb, 0xffbb, 0xffbb, 0xffbb, 0xffbb, 0xffbb, 0x8b66, 0x8b66, 0x0000, 0x0000, 0x0000, 0x0000, 0x0000, 0x0000, 0x0000, 0x0000, 0x0000, 0x0000, },
    {0x0000, 0x0000, 0x0000, 0x0000, 0x0000, 0x0000, 0x0000, 0x0000, 0x0000, 0x0000, 0x0000, 0x8b66, 0xffbb, 0xffbb, 0xffbb, 0xffbb, 0xffbb, 0xffbb, 0xffbb, 0xffbb, 0xffbb, 0xffbb, 0x8b66, 0x0000, 0x0000, 0x0000, 0x0000, 0x0000, 0x0000, 0x0000, 0x0000, 0x0000, },
    {0x0000, 0x0000, 0x0000, 0x0000, 0x0000, 0x0000, 0x0000, 0x0000, 0x0000, 0x0000, 0x8b66, 0xffbb, 0xffbb, 0xffbb, 0xffbb, 0xffbb, 0xffbb, 0xffbb, 0xffbb, 0xffbb, 0xffbb, 0xffbb, 0xffbb, 0x8b66, 0x0000, 0x0000, 0x0000, 0x0000, 0x0000, 0x0000, 0x0000, 0x0000, },
    {0x0000, 0x0000, 0x0000, 0x0000, 0x0000, 0x0000, 0x0000, 0x0000, 0x0000, 0x8b66, 0xffbb, 0xffbb, 0xffbb, 0xffbb, 0xffbb, 0xffbb, 0xffbb, 0xffbb, 0xffbb, 0xffbb, 0xffbb, 0xffbb, 0xffbb, 0xffbb, 0x8b66, 0x0000, 0x0000, 0x0000, 0x0000, 0x0000, 0x0000, 0x0000, },
    {0x0000, 0x0000, 0x0000, 0x0000, 0x0000, 0x0000, 0x0000, 0x0000, 0x8b66, 0xffbb, 0xffbb, 0xffbb, 0xffbb, 0xffbb, 0xffbb, 0xffbb, 0xffbb, 0xffbb, 0xffbb, 0xffbb, 0xffbb, 0xffbb, 0xffbb, 0xffbb, 0xffbb, 0x8b66, 0x0000, 0x0000, 0x0000, 0x0000, 0x0000, 0x0000, },
    {0x0000, 0x0000, 0x0000, 0x0000, 0x0000, 0x0000, 0x0000, 0x0000, 0x8b66, 0xffbb, 0xffbb, 0xffbb, 0xffbb, 0xffbb, 0xffbb, 0xf739, 0xff5b, 0xf739, 0xffbb, 0xff5b, 0xf739, 0xffbb, 0xffbb, 0xffbb, 0xffbb, 0x8b66, 0x0000, 0x0000, 0x0000, 0x0000, 0x0000, 0x0000, },
    {0x0000, 0x0000, 0x0000, 0x0000, 0x0000, 0x0000, 0x0000, 0x8b66, 0xffbb, 0xffbb, 0xffbb, 0xffbb, 0xf739, 0xf739, 0xffbb, 0xff5b, 0xff5b, 0xff5b, 0xf739, 0xffbb, 0xff5b, 0xf739, 0xffbb, 0xffbb, 0xffbb, 0x8b66, 0x0000, 0x0000, 0x0000, 0x0000, 0x0000, 0x0000, },
    {0x0000, 0x0000, 0x0000, 0x0000, 0x0000, 0x0000, 0x0000, 0x8b66, 0xffbb, 0xffbb, 0xffbb, 0xf739, 0xff5b, 0xffbb, 0xffbb, 0xff5b, 0xff5b, 0xff5b, 0xff5b, 0xf739, 0xff5b, 0xf739, 0xffbb, 0xffbb, 0xffbb, 0xffbb, 0x8b66, 0x0000, 0x0000, 0x0000, 0x0000, 0x0000, },
    {0x0000, 0x0000, 0x0000, 0x0000, 0x0000, 0x0000, 0x0000, 0x8b66, 0xffbb, 0xffbb, 0xffbb, 0xf739, 0xff5b, 0xff5b, 0xffbb, 0xf739, 0xff5b, 0xff5b, 0xff5b, 0xff5b, 0xff5b, 0xf739, 0xffbb, 0xffbb, 0xffbb, 0xffbb, 0x8b66, 0x0000, 0x0000, 0x0000, 0x0000, 0x0000, },
    {0x0000, 0x0000, 0x0000, 0x0000, 0x0000, 0x0000, 0x0000, 0x8b66, 0xffbb, 0xffbb, 0xf739, 0xff5b, 0xff5b, 0xff5b, 0xff5b, 0xff5b, 0xff5b, 0xff5b, 0xff5b, 0xff5b, 0xff5b, 0xff5b, 0xf739, 0xffbb, 0xffbb, 0xffbb, 0xffbb, 0x8b66, 0x0000, 0x0000, 0x0000, 0x0000, },
    {0x0000, 0x0000, 0x0000, 0x0000, 0x0000, 0x0000, 0x0000, 0x8b66, 0xffbb, 0xffbb, 0xf739, 0xff5b, 0xff5b, 0xff5b, 0xff5b, 0xff5b, 0xff5b, 0xff5b, 0xff5b, 0xff5b, 0xff5b, 0xff5b, 0xf739, 0xf739, 0xffbb, 0xffbb, 0xffbb, 0x8b66, 0x0000, 0x0000, 0x0000, 0x0000, },
    {0x0000, 0x0000, 0x0000, 0x0000, 0x0000, 0x0000, 0x0000, 0x8b66, 0xffbb, 0xffbb, 0xffbb, 0xf739, 0xff5b, 0xff5b, 0xff5b, 0xff5b, 0xff5b, 0xff5b, 0xff5b, 0xff5b, 0xff5b, 0xff5b, 0xf739, 0xf739, 0xf739, 0xffbb, 0xffbb, 0x8b66, 0x0000, 0x0000, 0x0000, 0x0000, },
    {0x0000, 0x0000, 0x0000, 0x0000, 0x0000, 0x0000, 0x0000, 0x8b66, 0xffbb, 0xffbb, 0xffbb, 0xde33, 0xeaaa, 0xff5b, 0xff5b, 0xff5b, 0xff5b, 0xff5b, 0xff5b, 0xff5b, 0xeaaa, 0xde33, 0xf739, 0xf739, 0xf739, 0xffbb, 0xffbb, 0x8b66, 0x0000, 0x0000, 0x0000, 0x0000, },
    {0x0000, 0x0000, 0x0000, 0x0000, 0x0000, 0x0000, 0x0000, 0x8b66, 0xffbb, 0xffbb, 0xffbb, 0xde33, 0xde33, 0xff5b, 0xff5b, 0xff5b, 0xff5b, 0xff5b, 0xff5b, 0xff5b, 0xde33, 0xde33, 0xf739, 0xf739, 0xf739, 0xffbb, 0xf75a, 0xffbb, 0x8b66, 0x0000, 0x0000, 0x0000, },
    {0x0000, 0x0000, 0x0000, 0x0000, 0x0000, 0x0000, 0x0000, 0x0000, 0x8b66, 0xffbb, 0xffbb, 0xffbb, 0xde33, 0xde33, 0xdedb, 0xfe35, 0xfe35, 0xfe35, 0xdedb, 0xdedb, 0xde33, 0xde33, 0xde33, 0xf739, 0xf739, 0xf75a, 0xffbb, 0xffbb, 0x8b66, 0x0000, 0x0000, 0x0000, },
    {0x0000, 0x0000, 0x0000, 0x0000, 0x0000, 0x0000, 0x0000, 0x0000, 0x0000, 0xffbb, 0xffbb, 0xffbb, 0xde33, 0xde33, 0xffff, 0xffff, 0xffff, 0xffff, 0xffff, 0xfe35, 0xde33, 0xde33, 0xde33, 0xf739, 0xf739, 0xf739, 0xf75a, 0xffbb, 0xffbb, 0x8b66, 0x0000, 0x0000, },
    {0x0000, 0x0000, 0x0000, 0x0000, 0x0000, 0x0000, 0x0000, 0x0000, 0x0000, 0x8b66, 0xffbb, 0xffbb, 0xde33, 0xff5b, 0xffff, 0xffff, 0xffff, 0xffff, 0xffff, 0xfe35, 0xfe35, 0xde33, 0xde33, 0xf739, 0xf739, 0xf739, 0xffbb, 0xde33, 0xffbb, 0x8b66, 0x0000, 0x0000, },
    {0x0000, 0x0000, 0x0000, 0x0000, 0x0000, 0x0000, 0x0000, 0x0000, 0x0000, 0x0000, 0x8b66, 0xffbb, 0xde33, 0xffff, 0xffff, 0xffff, 0xffff, 0xffff, 0xffff, 0xffff, 0xff5b, 0xde33, 0xde33, 0xf739, 0xf739, 0xf739, 0xffbb, 0xde33, 0xffbb, 0x8b66, 0x0000, 0x0000, },
    {0x0000, 0x0000, 0x0000, 0x0000, 0x0000, 0x0000, 0x0000, 0x0000, 0x0000, 0x0000, 0x8b66, 0xffbb, 0xffbb, 0xffff, 0xffff, 0xffff, 0xffff, 0xffff, 0xffff, 0xffff, 0xffff, 0xde33, 0xde33, 0xf739, 0xef39, 0xde33, 0xffbb, 0xde33, 0x8b66, 0x8b66, 0x0000, 0x0000, },
    {0x0000, 0x0000, 0x0000, 0x0000, 0x0000, 0x0000, 0x0000, 0x0000, 0x0000, 0x0000, 0x0000, 0x8b66, 0xffbb, 0xffff, 0xffff, 0xffff, 0xffff, 0xffff, 0xffff, 0xffff, 0xffff, 0xbdf7, 0xde33, 0xf75a, 0x0000, 0x8b66, 0xf739, 0xde33, 0x8b66, 0x0000, 0x0000, 0x0000, },
    {0x0000, 0x0000, 0x0000, 0x0000, 0x0000, 0x0000, 0x0000, 0x0000, 0x0000, 0x0000, 0x0000, 0xbdf7, 0xffff, 0xffff, 0xffff, 0xffff, 0xffff, 0xffff, 0xffff, 0xffff, 0xffff, 0xdedb, 0xbdf7, 0xffbb, 0x0000, 0x8b66, 0xf739, 0xde33, 0x8b66, 0x0000, 0x0000, 0x0000, },
    {0x0000, 0x0000, 0x0000, 0x0000, 0x0000, 0x0000, 0x0000, 0x0000, 0x0000, 0x0000, 0x0000, 0xbdf7, 0xffff, 0xffff, 0xffff, 0xffff, 0xffff, 0xffff, 0xffff, 0xffff, 0xffff, 0xdedb, 0xbdf7, 0xffbb, 0x0000, 0x8b66, 0xffbb, 0x8b66, 0x0000, 0x0000, 0x0000, 0x0000, },
    {0x0000, 0x0000, 0x0000, 0x0000, 0x0000, 0x0000, 0x0000, 0x0000, 0x0000, 0x0000, 0x0000, 0xbdf7, 0xffff, 0xffff, 0xffff, 0xffff, 0xffff, 0xffff, 0xffff, 0xffff, 0xffff, 0xffff, 0xdedb, 0xffbb, 0x0000, 0x8b66, 0xffbb, 0x0000, 0x0000, 0x0000, 0x0000, 0x0000, },
    {0x0000, 0x0000, 0x0000, 0x0000, 0x0000, 0x0000, 0x0000, 0x0000, 0x0000, 0x0000, 0xbdf7, 0xffff, 0xffff, 0xffff, 0xffff, 0xffff, 0xffff, 0xffff, 0xffff, 0xffff, 0xffff, 0xffff, 0xdedb, 0xbdf7, 0x0000, 0xffbb, 0x0000, 0x0000, 0x0000, 0x0000, 0x0000, 0x0000, },
    {0x0000, 0x0000, 0x0000, 0x0000, 0x0000, 0x0000, 0x0000, 0x0000, 0x0000, 0x0000, 0xbdf7, 0xffff, 0xffff, 0xffff, 0xffff, 0xffff, 0xffff, 0xffff, 0xffff, 0xffff, 0xffff, 0xffff, 0xffff, 0xffff, 0xbdf7, 0x0000, 0x0000, 0x0000, 0x0000, 0x0000, 0x0000, 0x0000, },
    {0x0000, 0x0000, 0x0000, 0x0000, 0x0000, 0x0000, 0x0000, 0x0000, 0x0000, 0x0000, 0xbdf7, 0xffff, 0xffff, 0xffff, 0xfe35, 0xbdf7, 0xbdf7, 0xffff, 0xffff, 0xffff, 0xffff, 0xffff, 0xffff, 0xffff, 0xffff, 0xbdf7, 0x0000, 0x0000, 0x0000, 0x0000, 0x0000, 0x0000, },
    {0x0000, 0x0000, 0x0000, 0x0000, 0x0000, 0x0000, 0x0000, 0x0000, 0x0000, 0x0000, 0xbdf7, 0xbdf7, 0xff5b, 0xff5b, 0xabac, 0x0000, 0x0000, 0x0000, 0xfe35, 0xff5b, 0xff5b, 0xdedb, 0xdedb, 0xdedb, 0xbdf7, 0x0000, 0x0000, 0x0000, 0x0000, 0x0000, 0x0000, 0x0000, },
    {0x0000, 0x0000, 0x0000, 0x0000, 0x0000, 0x0000, 0x0000, 0x0000, 0x0000, 0x0000, 0x0000, 0x0000, 0xff5b, 0xff5b, 0xabac, 0x0000, 0x0000, 0x0000, 0x0000, 0xfe35, 0xff5b, 0xff5b, 0xbdf7, 0xbdf7, 0x0000, 0x0000, 0x0000, 0x0000, 0x0000, 0x0000, 0x0000, 0x0000, },
    {0x0000, 0x0000, 0x0000, 0x0000, 0x0000, 0x0000, 0x0000, 0x0000, 0x0000, 0x0000, 0x0000, 0x0000, 0xff5b, 0xabac, 0x0000, 0x0000, 0x0000, 0x0000, 0x0000, 0x0000, 0x0000, 0xff5b, 0xff5b, 0xabac, 0x0000, 0x0000, 0x0000, 0x0000, 0x0000, 0x0000, 0x0000, 0x0000, },
  },
};


const uint16_t character_eye[28][4][4] PROGMEM = {
  {
    {0x0000, 0x0001, 0x0001, 0x0000, },
    {0x0001, 0x02ef, 0x02ef, 0x0000, },
    {0x0000, 0xffff, 0x02ef, 0x0000, },
    {0x0000, 0x0000, 0x2db8, 0x0000, },
  },
  {
    {0x0001, 0x0001, 0x0000, 0x0000, },
    {0x02ef, 0x02ef, 0x0000, 0x0000, },
    {0x02ef, 0x02ef, 0xffff, 0x0000, },
    {0x0000, 0x2db8, 0x0000, 0x0000, },
  },
  {
    {0x0000, 0x0000, 0x0000, 0x0000, },
    {0x0000, 0x0001, 0x0001, 0x0000, },
    {0x0000, 0xffff, 0x02ef, 0x0000, },
    {0x0000, 0x0000, 0x2db8, 0x0000, },
  },
  {
    {0x0000, 0x0000, 0x0000, 0x0000, },
    {0x0001, 0x0001, 0x0000, 0x0000, },
    {0x02ef, 0x02ef, 0xffff, 0x0000, },
    {0x0000, 0x2db8, 0x0000, 0x0000, },
  },
  {
    {0x0000, 0x0000, 0x0000, 0x0000, },
    {0x0000, 0x0000, 0x0000, 0x0000, },
    {0x0000, 0xffff, 0x02ef, 0x0000, },
    {0x0000, 0x0000, 0x2db8, 0x0000, },
  },
  {
    {0x0000, 0x0000, 0x0000, 0x0000, },
    {0x0000, 0x0000, 0x0000, 0x0000, },
    {0x02ef, 0x02ef, 0xffff, 0x0000, },
    {0x0000, 0x2db8, 0x0000, 0x0000, },
  },
  {
    {0x0000, 0x0000, 0x0000, 0x0000, },
    {0x0000, 0x0000, 0x0000, 0x0000, },
    {0x0000, 0x0001, 0x0001, 0x0000, },
    {0x0000, 0x0000, 0x0000, 0x0000, },
  },
  {
    {0x0000, 0x0000, 0x0000, 0x0000, },
    {0x0000, 0x0000, 0x0000, 0x0000, },
    {0x0001, 0x0001, 0x0000, 0x0000, },
    {0x0000, 0x0000, 0x0000, 0x0000, },
  },
  {
    {0x0000, 0x0000, 0x0000, 0x0000, },
    {0x0000, 0x0000, 0x0001, 0x0000, },
    {0x0000, 0x0001, 0x0000, 0x0001, },
    {0x0000, 0x0000, 0x0000, 0x0000, },
  },
  {
    {0x0000, 0x0000, 0x0000, 0x0000, },
    {0x0000, 0x0001, 0x0000, 0x0000, },
    {0x0001, 0x0000, 0x0001, 0x0000, },
    {0x0000, 0x0000, 0x0000, 0x0000, },
  },
  {
    {0x0000, 0x0001, 0x0001, 0x0000, },
    {0x0001, 0xffff, 0xffff, 0x0000, },
    {0x0000, 0xffff, 0x2db8, 0x0000, },
    {0x0000, 0x0000, 0xffff, 0x0000, },
  },
  {
    {0x0001, 0x0001, 0x0000, 0x0000, },
    {0xffff, 0xffff, 0x0000, 0x0000, },
    {0xffff, 0x2db8, 0xffff, 0x0000, },
    {0x0000, 0xffff, 0x0000, 0x0000, },
  },
  {
    {0x0000, 0x0000, 0x0000, 0x0000, },
    {0x0000, 0x0000, 0x0001, 0x0001, },
    {0x0000, 0x0001, 0x02ef, 0xffff, },
    {0x0000, 0x0000, 0x2db8, 0x0000, },
  },
  {
    {0x0000, 0x0000, 0x0000, 0x0000, },
    {0x0000, 0x0001, 0x0001, 0x0000, },
    {0x0000, 0x02ef, 0xffff, 0x0001, },
    {0x0000, 0x2db8, 0x0000, 0x0000, },
  },
  {
    {0x0000, 0x0000, 0x0000, 0x0000, },
    {0x0000, 0x0001, 0x0000, 0x0000, },
    {0x0000, 0x0000, 0x0001, 0x0000, },
    {0x0000, 0x0001, 0x0000, 0x0000, },
  },
  {
    {0x0000, 0x0000, 0x0000, 0x0000, },
    {0x0000, 0x0001, 0x0000, 0x0000, },
    {0x0001, 0x0000, 0x0000, 0x0000, },
    {0x0000, 0x0001, 0x0000, 0x0000, },
  },
  {
    {0x0000, 0x0000, 0x0000, 0x0000, },
    {0x0000, 0x0001, 0x0000, 0x0000, },
    {0x0000, 0x0000, 0x0001, 0x0000, },
    {0x5e9d, 0x0001, 0x0000, 0x0000, },
  },
  {
    {0x0000, 0x0000, 0x0000, 0x0000, },
    {0x0000, 0x0001, 0x0000, 0x0000, },
    {0x0001, 0x0000, 0x0000, 0x0000, },
    {0x0000, 0x0001, 0x5e9d, 0x0000, },
  },
  {
    {0x0000, 0x0000, 0x0000, 0x0000, },
    {0x0000, 0x0001, 0x0001, 0x0000, },
    {0x0000, 0x2db8, 0xffff, 0x0000, },
    {0x0000, 0x0000, 0x0000, 0x0000, },
  },
  {
    {0x0000, 0x0000, 0x0000, 0x0000, },
    {0x0001, 0x0001, 0x0000, 0x0000, },
    {0x2db8, 0xffff, 0x0000, 0x0000, },
    {0x0000, 0x0000, 0x0000, 0x0000, },
  },
  {
    {0x0000, 0x0000, 0x0000, 0x0000, },
    {0x0000, 0x0001, 0x0000, 0x0000, },
    {0x0000, 0x0000, 0x0001, 0x0000, },
    {0x0000, 0x0000, 0x0000, 0x0000, },
  },
  {
    {0x0000, 0x0000, 0x0000, 0x0000, },
    {0x0000, 0x0001, 0x0000, 0x0000, },
    {0x0001, 0x0000, 0x0000, 0x0000, },
    {0x0000, 0x0000, 0x0000, 0x0000, },
  },
  {
    {0x0000, 0x0000, 0x0000, 0x0000, },
    {0x0000, 0x0000, 0x0001, 0x0000, },
    {0x0000, 0x0001, 0x0000, 0x0000, },
    {0x0000, 0x0000, 0x0000, 0x0000, },
  },
  {
    {0x0000, 0x0000, 0x0000, 0x0000, },
    {0x0001, 0x0000, 0x0000, 0x0000, },
    {0x0000, 0x0001, 0x0000, 0x0000, },
    {0x0000, 0x0000, 0x0000, 0x0000, },
  },
  {
    {0x0000, 0x0000, 0x0000, 0x0000, },
    {0x0000, 0x0000, 0x0000, 0x0000, },
    {0x0000, 0x0000, 0x0001, 0x0000, },
    {0x0000, 0x0000, 0x0000, 0x0000, },
  },
  {
    {0x0000, 0x0000, 0x0000, 0x0000, },
    {0x0000, 0x0000, 0x0000, 0x0000, },
    {0x0000, 0x0001, 0x0000, 0x0000, },
    {0x0000, 0x0000, 0x0000, 0x0000, },
  },
  {
    {0x0000, 0x0000, 0x0000, 0x0000, },
    {0x0000, 0x0001, 0x0000, 0x0000, },
    {0x0000, 0x0000, 0x0001, 0x0000, },
    {0x0000, 0x0001, 0x0000, 0x0000, },
  },
  {
    {0x0001, 0x0001, 0x0000, 0x0000, },
    {0x02ef, 0x02ef, 0x0000, 0x0000, },
    {0x02ef, 0x02ef, 0xffff, 0x0000, },
    {0x0000, 0x2db8, 0x0000, 0x0000, },
  },
};

const uint16_t character_mouth[5][4][4] PROGMEM = {
{
    {0x0000, 0x0000, 0x0000, 0x0000, },
    {0x0000, 0x0000, 0x0000, 0x0000, },
    {0x0000, 0x0000, 0x0000, 0x0000, },
    {0x0000, 0x0000, 0x0000, 0x0000, },
},
{
    {0x0000, 0x0000, 0x0000, 0x0000, },
    {0x0000, 0x0000, 0x0000, 0x0000, },
    {0x0000, 0x0000, 0x0000, 0xeaaa, },
    {0x0000, 0xeaaa, 0xeaaa, 0x0000, },
},
{
    {0x0000, 0x0000, 0x0000, 0x0000, },
    {0x0000, 0x0000, 0x0000, 0x0000, },
    {0x0000, 0x0000, 0x0000, 0x0000, },
    {0x0000, 0xeaaa, 0xeaaa, 0x0000, },
},
{
    {0x0000, 0x0000, 0x0000, 0x0000, },
    {0x0000, 0x0000, 0x0000, 0x0000, },
    {0x0000, 0xeaaa, 0xeaaa, 0x0000, },
    {0x0000, 0xeaaa, 0xeaaa, 0x0000, },
},
{
    {0x0000, 0x0000, 0x0000, 0x0000, },
    {0x0000, 0x0000, 0x0000, 0x0000, },
    {0x0000, 0xeaaa, 0x0000, 0x0000, },
    {0x0000, 0x0000, 0x0000, 0x0000, },
},
};


const uint16_t icon[23][16][16] PROGMEM = {
{
    {0x0000, 0x0000, 0x0000, 0x0000, 0x0000, 0x0000, 0x0000, 0x0000, 0x0000, 0x0000, 0x0000, 0x0000, 0x0000, 0x0000, 0x0000, 0x0000, },
    {0x0000, 0x0000, 0x0000, 0x0000, 0x0000, 0x0000, 0x0000, 0x0001, 0x0001, 0x0000, 0x0000, 0x0000, 0x0000, 0x0000, 0x0000, 0x0000, },
    {0x0000, 0x0000, 0x0000, 0x0000, 0x0000, 0x0000, 0x0001, 0x0001, 0xffff, 0x0001, 0x0001, 0x0000, 0x0000, 0x0000, 0x0000, 0x0000, },
    {0x0000, 0x0000, 0x0000, 0x0000, 0x0000, 0x0001, 0xffff, 0x0001, 0xffff, 0x0001, 0xffff, 0x0001, 0x0000, 0x0000, 0x0000, 0x0000, },
    {0x0000, 0x0000, 0x0000, 0x0000, 0x0000, 0x0001, 0xffff, 0x0001, 0xffff, 0x0001, 0xffff, 0x0001, 0x0001, 0x0000, 0x0000, 0x0000, },
    {0x0000, 0x0000, 0x0000, 0x0000, 0x0000, 0x0001, 0xffff, 0x0001, 0xffff, 0x0001, 0xffff, 0x0001, 0xffff, 0x0001, 0x0000, 0x0000, },
    {0x0000, 0x0000, 0x0000, 0x0001, 0x0000, 0x0001, 0xffff, 0x0001, 0xffff, 0x0001, 0xffff, 0x0001, 0xffff, 0x0001, 0x0000, 0x0000, },
    {0x0000, 0x0000, 0x0001, 0xffff, 0x0001, 0x0001, 0xffff, 0xffff, 0xffff, 0xffff, 0xffff, 0x0001, 0xffff, 0x0001, 0x0000, 0x0000, },
    {0x0000, 0x0000, 0x0001, 0xffff, 0xffff, 0x0001, 0xffff, 0xffff, 0xffff, 0xffff, 0xffff, 0xffff, 0xffff, 0x0001, 0x0000, 0x0000, },
    {0x0000, 0x0000, 0x0001, 0xffff, 0xffff, 0xffff, 0xffff, 0xffff, 0xffff, 0xffff, 0xffff, 0xffff, 0xffff, 0x0001, 0x0000, 0x0000, },
    {0x0000, 0x0000, 0x0000, 0x0001, 0xffff, 0xffff, 0xffff, 0xffff, 0xffff, 0xffff, 0xffff, 0xffff, 0x0001, 0x0000, 0x0000, 0x0000, },
    {0x0000, 0x0000, 0x0000, 0x0000, 0x0001, 0xffff, 0xffff, 0xffff, 0xffff, 0xffff, 0xffff, 0xffff, 0x0001, 0x0000, 0x0000, 0x0000, },
    {0x0000, 0x0000, 0x0000, 0x0000, 0x0000, 0x0001, 0xffff, 0xffff, 0xffff, 0xffff, 0xffff, 0x0001, 0x0000, 0x0000, 0x0000, 0x0000, },
    {0x0000, 0x0000, 0x0000, 0x0000, 0x0000, 0x0001, 0xffff, 0xffff, 0xffff, 0xffff, 0xffff, 0x0001, 0x0000, 0x0000, 0x0000, 0x0000, },
    {0x0000, 0x0000, 0x0000, 0x0000, 0x0000, 0x0001, 0x0001, 0x0001, 0x0001, 0x0001, 0x0001, 0x0001, 0x0000, 0x0000, 0x0000, 0x0000, },
    {0x0000, 0x0000, 0x0000, 0x0000, 0x0000, 0x0000, 0x0000, 0x0000, 0x0000, 0x0000, 0x0000, 0x0000, 0x0000, 0x0000, 0x0000, 0x0000, },
},
{
    {0x0000, 0x0000, 0x0000, 0x0000, 0x0000, 0x0000, 0x0000, 0x0000, 0x0000, 0x0000, 0x0000, 0x0000, 0x0000, 0x0000, 0x0000, 0x0000, },
    {0x0000, 0x0000, 0x0000, 0x0000, 0x0000, 0x0000, 0xffff, 0xffff, 0xffff, 0xffff, 0x0000, 0x0000, 0x0000, 0x0000, 0x0000, 0x0000, },
    {0x0000, 0x0000, 0x0000, 0x0000, 0x0000, 0xffff, 0x0001, 0x0001, 0x0001, 0x0001, 0xffff, 0x0000, 0x0000, 0x0000, 0x0000, 0x0000, },
    {0x0000, 0x0000, 0x0000, 0x0000, 0xffff, 0x0001, 0xffff, 0xffff, 0xffff, 0xffff, 0x0001, 0xffff, 0x0000, 0x0000, 0x0000, 0x0000, },
    {0x0000, 0x0000, 0x0000, 0xffff, 0x0001, 0xffff, 0xffff, 0xffff, 0xffff, 0xffff, 0xffff, 0x0001, 0xffff, 0x0000, 0x0000, 0x0000, },
    {0x0000, 0x0000, 0x0000, 0xffff, 0x0001, 0xffff, 0xffff, 0xffff, 0xffff, 0xffff, 0xffff, 0x0001, 0xffff, 0x0000, 0x0000, 0x0000, },
    {0x0000, 0x0000, 0xffff, 0x0001, 0xffff, 0xffff, 0xffff, 0xffff, 0xffff, 0xffff, 0xffff, 0xffff, 0x0001, 0xffff, 0x0000, 0x0000, },
    {0x0000, 0x0000, 0xffff, 0x0001, 0xffff, 0xffff, 0xffff, 0xffff, 0xffff, 0xffff, 0xffff, 0xffff, 0x0001, 0xffff, 0x0000, 0x0000, },
    {0x0000, 0xffff, 0x0001, 0xffff, 0xffff, 0x0001, 0x0001, 0x0001, 0x0001, 0x0001, 0x0001, 0xffff, 0xffff, 0x0001, 0xffff, 0x0000, },
    {0x0000, 0xffff, 0x0001, 0xffff, 0xffff, 0x0001, 0x0001, 0x0001, 0x0001, 0x0001, 0x0001, 0xffff, 0xffff, 0x0001, 0xffff, 0x0000, },
    {0x0000, 0xffff, 0x0001, 0xffff, 0xffff, 0x0001, 0x0001, 0x0001, 0x0001, 0x0001, 0x0001, 0xffff, 0xffff, 0x0001, 0xffff, 0x0000, },
    {0x0000, 0xffff, 0x0001, 0xffff, 0xffff, 0x0001, 0x0001, 0x0001, 0x0001, 0x0001, 0x0001, 0xffff, 0xffff, 0x0001, 0xffff, 0x0000, },
    {0x0000, 0x0000, 0xffff, 0x0001, 0xffff, 0x0001, 0x0001, 0x0001, 0x0001, 0x0001, 0x0001, 0xffff, 0x0001, 0xffff, 0x0000, 0x0000, },
    {0x0000, 0x0000, 0x0000, 0xffff, 0x0001, 0x0001, 0x0001, 0x0001, 0x0001, 0x0001, 0x0001, 0x0001, 0xffff, 0x0000, 0x0000, 0x0000, },
    {0x0000, 0x0000, 0x0000, 0x0000, 0xffff, 0xffff, 0xffff, 0xffff, 0xffff, 0xffff, 0xffff, 0xffff, 0x0000, 0x0000, 0x0000, 0x0000, },
    {0x0000, 0x0000, 0x0000, 0x0000, 0x0000, 0x0000, 0x0000, 0x0000, 0x0000, 0x0000, 0x0000, 0x0000, 0x0000, 0x0000, 0x0000, 0x0000, },
},
{
    {0x0000, 0x0000, 0x0000, 0x0000, 0x0000, 0x0000, 0x0000, 0x0000, 0x0000, 0x0000, 0x0000, 0x0000, 0x0000, 0x0000, 0x0000, 0x0000, },
    {0x0000, 0x0000, 0x0000, 0x0000, 0x0000, 0xffff, 0xffff, 0xffff, 0xffff, 0xffff, 0xffff, 0x0000, 0x0000, 0x0000, 0x0000, 0x0000, },
    {0x0000, 0x0000, 0x0000, 0x0000, 0xffff, 0x0001, 0x0001, 0x0001, 0x0001, 0x0001, 0x0001, 0xffff, 0x0000, 0x0000, 0x0000, 0x0000, },
    {0x0000, 0x0000, 0x0000, 0xffff, 0x0001, 0xffff, 0xffff, 0xffff, 0xffff, 0xffff, 0xffff, 0x0001, 0xffff, 0x0000, 0x0000, 0x0000, },
    {0x0000, 0x0000, 0xffff, 0x0001, 0xffff, 0xffff, 0xffff, 0x07e0, 0x07e0, 0xffff, 0xffff, 0xffff, 0x0001, 0xffff, 0x0000, 0x0000, },
    {0x0000, 0xffff, 0x0001, 0xffff, 0xffff, 0xffff, 0xffff, 0x07e0, 0x07e0, 0xffff, 0xffff, 0xffff, 0xffff, 0x0001, 0xffff, 0x0000, },
    {0x0000, 0xffff, 0x0001, 0xffff, 0xffff, 0xffff, 0xffff, 0xffff, 0xffff, 0xffff, 0xffff, 0xffff, 0xffff, 0x0001, 0xffff, 0x0000, },
    {0x0000, 0xffff, 0x0001, 0xffff, 0xffff, 0xffff, 0xffff, 0x07e0, 0x07e0, 0xffff, 0xffff, 0xffff, 0xffff, 0x0001, 0xffff, 0x0000, },
    {0x0000, 0xffff, 0x0001, 0xffff, 0xffff, 0xffff, 0xffff, 0x07e0, 0x07e0, 0xffff, 0xffff, 0xffff, 0xffff, 0x0001, 0xffff, 0x0000, },
    {0x0000, 0xffff, 0x0001, 0xffff, 0xffff, 0xffff, 0xffff, 0x07e0, 0x07e0, 0xffff, 0xffff, 0xffff, 0xffff, 0x0001, 0xffff, 0x0000, },
    {0x0000, 0xffff, 0x0001, 0xffff, 0xffff, 0xffff, 0xffff, 0x07e0, 0x07e0, 0xffff, 0xffff, 0xffff, 0xffff, 0x0001, 0xffff, 0x0000, },
    {0x0000, 0x0000, 0xffff, 0x0001, 0xffff, 0xffff, 0xffff, 0x07e0, 0x07e0, 0xffff, 0xffff, 0xffff, 0x0001, 0xffff, 0x0000, 0x0000, },
    {0x0000, 0x0000, 0x0000, 0xffff, 0x0001, 0xffff, 0xffff, 0xffff, 0xffff, 0xffff, 0xffff, 0x0001, 0xffff, 0x0000, 0x0000, 0x0000, },
    {0x0000, 0x0000, 0x0000, 0x0000, 0xffff, 0x0001, 0x0001, 0x0001, 0x0001, 0x0001, 0x0001, 0xffff, 0x0000, 0x0000, 0x0000, 0x0000, },
    {0x0000, 0x0000, 0x0000, 0x0000, 0x0000, 0xffff, 0xffff, 0xffff, 0xffff, 0xffff, 0xffff, 0x0000, 0x0000, 0x0000, 0x0000, 0x0000, },
    {0x0000, 0x0000, 0x0000, 0x0000, 0x0000, 0x0000, 0x0000, 0x0000, 0x0000, 0x0000, 0x0000, 0x0000, 0x0000, 0x0000, 0x0000, 0x0000, },
},
{
    {0x0000, 0x0000, 0x0000, 0x0000, 0x0000, 0x0000, 0x0000, 0x0000, 0x0000, 0x0000, 0x0000, 0x0000, 0x0000, 0x0000, 0x0000, 0x0000, },
    {0x0000, 0x0000, 0x0000, 0x0000, 0xffff, 0xffff, 0xffff, 0xffff, 0xffff, 0xffff, 0xffff, 0x0000, 0x0000, 0x0000, 0x0000, 0x0000, },
    {0x0000, 0x0000, 0xffff, 0xffff, 0xffff, 0x001f, 0x001f, 0x001f, 0x001f, 0x001f, 0xffff, 0xffff, 0xffff, 0x0000, 0x0000, 0x0000, },
    {0x0000, 0x0000, 0xffff, 0x001f, 0xffff, 0x001f, 0x001f, 0x001f, 0x001f, 0x001f, 0xffff, 0x001f, 0xffff, 0xffff, 0x0000, 0x0000, },
    {0x0000, 0x0000, 0xffff, 0x001f, 0xffff, 0xffff, 0xffff, 0xffff, 0xffff, 0xffff, 0xffff, 0x001f, 0x001f, 0xffff, 0x0000, 0x0000, },
    {0x0000, 0x0000, 0xffff, 0x001f, 0x001f, 0x001f, 0x001f, 0x001f, 0x001f, 0x001f, 0x001f, 0x001f, 0x001f, 0xffff, 0x0000, 0x0000, },
    {0x0000, 0x0000, 0xffff, 0x001f, 0x001f, 0x001f, 0x001f, 0x001f, 0x001f, 0x001f, 0x001f, 0x001f, 0x001f, 0xffff, 0x0000, 0x0000, },
    {0x0000, 0x0000, 0xffff, 0x001f, 0x001f, 0x001f, 0x001f, 0x001f, 0x001f, 0x001f, 0x001f, 0x001f, 0x001f, 0xffff, 0x0000, 0x0000, },
    {0x0000, 0x0000, 0xffff, 0x001f, 0x001f, 0xffff, 0xffff, 0xffff, 0xffff, 0xffff, 0xffff, 0x001f, 0x001f, 0xffff, 0x0000, 0x0000, },
    {0x0000, 0x0000, 0xffff, 0x001f, 0x001f, 0xffff, 0x001f, 0x001f, 0x001f, 0x001f, 0xffff, 0x001f, 0x001f, 0xffff, 0x0000, 0x0000, },
    {0x0000, 0x0000, 0xffff, 0x001f, 0x001f, 0xffff, 0xffff, 0xffff, 0xffff, 0xffff, 0xffff, 0x001f, 0x001f, 0xffff, 0x0000, 0x0000, },
    {0x0000, 0x0000, 0xffff, 0x001f, 0x001f, 0xffff, 0xffff, 0x001f, 0x001f, 0xffff, 0xffff, 0x001f, 0x001f, 0xffff, 0x0000, 0x0000, },
    {0x0000, 0x0000, 0xffff, 0x001f, 0x001f, 0xffff, 0xffff, 0xffff, 0xffff, 0xffff, 0xffff, 0x001f, 0x001f, 0xffff, 0x0000, 0x0000, },
    {0x0000, 0x0000, 0xffff, 0x001f, 0x001f, 0x001f, 0x001f, 0x001f, 0x001f, 0x001f, 0x001f, 0x001f, 0x001f, 0xffff, 0x0000, 0x0000, },
    {0x0000, 0x0000, 0xffff, 0xffff, 0xffff, 0xffff, 0xffff, 0xffff, 0xffff, 0xffff, 0xffff, 0xffff, 0xffff, 0xffff, 0x0000, 0x0000, },
    {0x0000, 0x0000, 0x0000, 0x0000, 0x0000, 0x0000, 0x0000, 0x0000, 0x0000, 0x0000, 0x0000, 0x0000, 0x0000, 0x0000, 0x0000, 0x0000, },
},
{
    {0x0000, 0x0000, 0x0000, 0x0000, 0x0000, 0x0000, 0x0000, 0x0000, 0x0000, 0x0000, 0x0000, 0x0000, 0x0000, 0x0000, 0x0000, 0x0000, },
    {0x0000, 0x0000, 0x0000, 0x0000, 0x0000, 0x0000, 0x0000, 0xffff, 0xffff, 0x0000, 0x0000, 0x0000, 0x0000, 0x0000, 0x0000, 0x0000, },
    {0x0000, 0x0000, 0x0000, 0x0000, 0x0000, 0x0000, 0xffff, 0xf800, 0xf800, 0xffff, 0x0000, 0x0000, 0x0000, 0x0000, 0x0000, 0x0000, },
    {0x0000, 0x0000, 0x0000, 0x0000, 0x0000, 0xffff, 0xffff, 0xf800, 0xf800, 0xffff, 0xffff, 0x0000, 0x0000, 0x0000, 0x0000, 0x0000, },
    {0x0000, 0x0000, 0x0000, 0x0000, 0xffff, 0xf800, 0xffff, 0xf800, 0xf800, 0xffff, 0xf800, 0xffff, 0x0000, 0x0000, 0x0000, 0x0000, },
    {0x0000, 0x0000, 0x0000, 0xffff, 0xf800, 0xf800, 0xffff, 0xf800, 0xf800, 0xffff, 0xf800, 0xf800, 0xffff, 0x0000, 0x0000, 0x0000, },
    {0x0000, 0x0000, 0xffff, 0xf800, 0xf800, 0xffff, 0xffff, 0xf800, 0xf800, 0xffff, 0xffff, 0xf800, 0xf800, 0xffff, 0x0000, 0x0000, },
    {0x0000, 0xffff, 0xf800, 0xf800, 0xffff, 0x0000, 0xffff, 0xf800, 0xf800, 0xffff, 0x0000, 0xffff, 0xf800, 0xf800, 0xffff, 0x0000, },
    {0x0000, 0xffff, 0xf800, 0xf800, 0xffff, 0x0000, 0xffff, 0xf800, 0xf800, 0xffff, 0x0000, 0xffff, 0xf800, 0xf800, 0xffff, 0x0000, },
    {0x0000, 0xffff, 0xf800, 0xf800, 0xffff, 0x0000, 0x0000, 0xffff, 0xffff, 0x0000, 0x0000, 0xffff, 0xf800, 0xf800, 0xffff, 0x0000, },
    {0x0000, 0xffff, 0xf800, 0xf800, 0xf800, 0xffff, 0x0000, 0x0000, 0x0000, 0x0000, 0xffff, 0xf800, 0xf800, 0xf800, 0xffff, 0x0000, },
    {0x0000, 0x0000, 0xffff, 0xf800, 0xf800, 0xf800, 0xffff, 0xffff, 0xffff, 0xffff, 0xf800, 0xf800, 0xf800, 0xffff, 0x0000, 0x0000, },
    {0x0000, 0x0000, 0x0000, 0xffff, 0xf800, 0xf800, 0xf800, 0xf800, 0xf800, 0xf800, 0xf800, 0xf800, 0xffff, 0x0000, 0x0000, 0x0000, },
    {0x0000, 0x0000, 0x0000, 0x0000, 0xffff, 0xf800, 0xf800, 0xf800, 0xf800, 0xf800, 0xf800, 0xffff, 0x0000, 0x0000, 0x0000, 0x0000, },
    {0x0000, 0x0000, 0x0000, 0x0000, 0x0000, 0xffff, 0xffff, 0xffff, 0xffff, 0xffff, 0xffff, 0x0000, 0x0000, 0x0000, 0x0000, 0x0000, },
    {0x0000, 0x0000, 0x0000, 0x0000, 0x0000, 0x0000, 0x0000, 0x0000, 0x0000, 0x0000, 0x0000, 0x0000, 0x0000, 0x0000, 0x0000, 0x0000, },
},
{
    {0x0000, 0x0000, 0x0000, 0x0000, 0x0000, 0x0000, 0x0000, 0x0000, 0x0000, 0x0000, 0x0000, 0x0000, 0x0000, 0x0000, 0x0000, 0x0000, },
    {0x0000, 0x0000, 0x0000, 0x0000, 0x0000, 0x0000, 0x0000, 0x0000, 0x0000, 0x0000, 0xffff, 0xffff, 0x0000, 0x0000, 0x0000, 0x0000, },
    {0x0000, 0x0000, 0x0000, 0x0000, 0x0000, 0x0000, 0x0000, 0x0000, 0x0000, 0xffff, 0x0001, 0x0001, 0xffff, 0x0000, 0x0000, 0x0000, },
    {0x0000, 0x0000, 0x0000, 0x0000, 0x0000, 0x0000, 0x0000, 0x0000, 0xffff, 0x0001, 0x0001, 0xffff, 0x0000, 0xffff, 0x0000, 0x0000, },
    {0x0000, 0x0000, 0x0000, 0x0000, 0x0000, 0x0000, 0x0000, 0x0000, 0xffff, 0x0001, 0x0001, 0xffff, 0xffff, 0x0001, 0xffff, 0x0000, },
    {0x0000, 0x0000, 0x0000, 0x0000, 0x0000, 0x0000, 0x0000, 0x0000, 0xffff, 0x0001, 0x0001, 0x0001, 0x0001, 0x0001, 0xffff, 0x0000, },
    {0x0000, 0x0000, 0x0000, 0x0000, 0x0000, 0x0000, 0x0000, 0xffff, 0x0001, 0x0001, 0x0001, 0x0001, 0x0001, 0xffff, 0x0000, 0x0000, },
    {0x0000, 0x0000, 0x0000, 0x0000, 0x0000, 0x0000, 0xffff, 0x0001, 0x0001, 0x0001, 0xffff, 0xffff, 0xffff, 0x0000, 0x0000, 0x0000, },
    {0x0000, 0x0000, 0x0000, 0xffff, 0xffff, 0xffff, 0x0001, 0x0001, 0x0001, 0xffff, 0x0000, 0x0000, 0x0000, 0x0000, 0x0000, 0x0000, },
    {0x0000, 0x0000, 0xffff, 0x0001, 0x0001, 0x0001, 0x0001, 0x0001, 0xffff, 0x0000, 0x0000, 0x0000, 0x0000, 0x0000, 0x0000, 0x0000, },
    {0x0000, 0xffff, 0x0001, 0x0001, 0x0001, 0x0001, 0x0001, 0xffff, 0x0000, 0x0000, 0x0000, 0x0000, 0x0000, 0x0000, 0x0000, 0x0000, },
    {0x0000, 0xffff, 0x0001, 0xffff, 0xffff, 0x0001, 0x0001, 0xffff, 0x0000, 0x0000, 0x0000, 0x0000, 0x0000, 0x0000, 0x0000, 0x0000, },
    {0x0000, 0x0000, 0xffff, 0x0000, 0xffff, 0x0001, 0x0001, 0xffff, 0x0000, 0x0000, 0x0000, 0x0000, 0x0000, 0x0000, 0x0000, 0x0000, },
    {0x0000, 0x0000, 0x0000, 0xffff, 0x0001, 0x0001, 0xffff, 0x0000, 0x0000, 0x0000, 0x0000, 0x0000, 0x0000, 0x0000, 0x0000, 0x0000, },
    {0x0000, 0x0000, 0x0000, 0x0000, 0xffff, 0xffff, 0x0000, 0x0000, 0x0000, 0x0000, 0x0000, 0x0000, 0x0000, 0x0000, 0x0000, 0x0000, },
    {0x0000, 0x0000, 0x0000, 0x0000, 0x0000, 0x0000, 0x0000, 0x0000, 0x0000, 0x0000, 0x0000, 0x0000, 0x0000, 0x0000, 0x0000, 0x0000, },
},
{
    {0x0000, 0x0000, 0x0000, 0x0000, 0x0000, 0x0000, 0x0000, 0x0000, 0x0000, 0x0000, 0x0000, 0x0000, 0x0000, 0x0000, 0x0000, 0x0000, },
    {0x0000, 0x0000, 0x0000, 0x0000, 0x0000, 0x0000, 0x0000, 0x0000, 0x0000, 0x0000, 0x0000, 0x0000, 0x0000, 0x0000, 0x0000, 0x0000, },
    {0x0000, 0x0000, 0xf800, 0xf800, 0xf800, 0x0000, 0x0000, 0x0000, 0x0000, 0x0000, 0xf800, 0xf800, 0xf800, 0x0000, 0x0000, 0x0000, },
    {0x0000, 0xf800, 0xf800, 0xf800, 0xf800, 0xf800, 0x0000, 0x0000, 0x0000, 0xf800, 0xf800, 0xf800, 0xf800, 0xf800, 0x0000, 0x0000, },
    {0xf800, 0xf800, 0xf800, 0xf800, 0xf800, 0xf800, 0xf800, 0x0000, 0xf800, 0xf800, 0xf800, 0xf800, 0xf800, 0xf800, 0xf800, 0x0000, },
    {0xf800, 0xf800, 0xf800, 0xf800, 0xf800, 0xf800, 0xf800, 0xf800, 0xf800, 0xf800, 0xf800, 0xf800, 0xf800, 0xf800, 0xf800, 0x0000, },
    {0xf800, 0xf800, 0xf800, 0xf800, 0xf800, 0xf800, 0xf800, 0xf800, 0xf800, 0xf800, 0xf800, 0xf800, 0xf800, 0xf800, 0xf800, 0x0000, },
    {0xf800, 0xf800, 0xf800, 0xf800, 0xf800, 0xf800, 0xf800, 0xf800, 0xf800, 0xf800, 0xf800, 0xf800, 0xf800, 0xf800, 0xf800, 0x0000, },
    {0x0000, 0xf800, 0xf800, 0xf800, 0xf800, 0xf800, 0xf800, 0xf800, 0xf800, 0xf800, 0xf800, 0xf800, 0xf800, 0xf800, 0x0000, 0x0000, },
    {0x0000, 0x0000, 0xf800, 0xf800, 0xf800, 0xf800, 0xf800, 0xf800, 0xf800, 0xf800, 0xf800, 0xf800, 0xf800, 0x0000, 0x0000, 0x0000, },
    {0x0000, 0x0000, 0x0000, 0xf800, 0xf800, 0xf800, 0xf800, 0xf800, 0xf800, 0xf800, 0xf800, 0xf800, 0x0000, 0x0000, 0x0000, 0x0000, },
    {0x0000, 0x0000, 0x0000, 0x0000, 0xf800, 0xf800, 0xf800, 0xf800, 0xf800, 0xf800, 0xf800, 0x0000, 0x0000, 0x0000, 0x0000, 0x0000, },
    {0x0000, 0x0000, 0x0000, 0x0000, 0x0000, 0xf800, 0xf800, 0xf800, 0xf800, 0xf800, 0x0000, 0x0000, 0x0000, 0x0000, 0x0000, 0x0000, },
    {0x0000, 0x0000, 0x0000, 0x0000, 0x0000, 0x0000, 0xf800, 0xf800, 0xf800, 0x0000, 0x0000, 0x0000, 0x0000, 0x0000, 0x0000, 0x0000, },
    {0x0000, 0x0000, 0x0000, 0x0000, 0x0000, 0x0000, 0x0000, 0xf800, 0x0000, 0x0000, 0x0000, 0x0000, 0x0000, 0x0000, 0x0000, 0x0000, },
    {0x0000, 0x0000, 0x0000, 0x0000, 0x0000, 0x0000, 0x0000, 0x0000, 0x0000, 0x0000, 0x0000, 0x0000, 0x0000, 0x0000, 0x0000, 0x0000, },
},
{
    {0x0000, 0x0000, 0x0000, 0x0000, 0x0000, 0x0000, 0x0000, 0x0000, 0x0000, 0x0000, 0x0000, 0x0000, 0x0000, 0x0000, 0x0000, 0x0000, },
    {0x0000, 0x0000, 0x0000, 0x0000, 0x0000, 0x0000, 0x0000, 0x0000, 0x0000, 0x0000, 0x0000, 0x0000, 0x0000, 0x0000, 0x0000, 0x0000, },
    {0x0000, 0x0000, 0xbdf7, 0xbdf7, 0xbdf7, 0x0000, 0x0000, 0x0000, 0x0000, 0x0000, 0xbdf7, 0xbdf7, 0xbdf7, 0x0000, 0x0000, 0x0000, },
    {0x0000, 0xbdf7, 0xbdf7, 0xbdf7, 0xbdf7, 0xbdf7, 0x0000, 0x0000, 0x0000, 0xbdf7, 0xbdf7, 0xbdf7, 0xbdf7, 0xbdf7, 0x0000, 0x0000, },
    {0xbdf7, 0xbdf7, 0xbdf7, 0xbdf7, 0xbdf7, 0xbdf7, 0xbdf7, 0x0000, 0xbdf7, 0xbdf7, 0xbdf7, 0xbdf7, 0xbdf7, 0xbdf7, 0xbdf7, 0x0000, },
    {0xbdf7, 0xbdf7, 0xbdf7, 0xbdf7, 0xbdf7, 0xbdf7, 0xbdf7, 0xbdf7, 0xbdf7, 0xbdf7, 0xbdf7, 0xbdf7, 0xbdf7, 0xbdf7, 0xbdf7, 0x0000, },
    {0xbdf7, 0xbdf7, 0xbdf7, 0xbdf7, 0xbdf7, 0xbdf7, 0xbdf7, 0xbdf7, 0xbdf7, 0xbdf7, 0xbdf7, 0xbdf7, 0xbdf7, 0xbdf7, 0xbdf7, 0x0000, },
    {0xbdf7, 0xbdf7, 0xbdf7, 0xbdf7, 0xbdf7, 0xbdf7, 0xbdf7, 0xbdf7, 0xbdf7, 0xbdf7, 0xbdf7, 0xbdf7, 0xbdf7, 0xbdf7, 0xbdf7, 0x0000, },
    {0x0000, 0xbdf7, 0xbdf7, 0xbdf7, 0xbdf7, 0xbdf7, 0xbdf7, 0xbdf7, 0xbdf7, 0xbdf7, 0xbdf7, 0xbdf7, 0xbdf7, 0xbdf7, 0x0000, 0x0000, },
    {0x0000, 0x0000, 0xbdf7, 0xbdf7, 0xbdf7, 0xbdf7, 0xbdf7, 0xbdf7, 0xbdf7, 0xbdf7, 0xbdf7, 0xbdf7, 0xbdf7, 0x0000, 0x0000, 0x0000, },
    {0x0000, 0x0000, 0x0000, 0xbdf7, 0xbdf7, 0xbdf7, 0xbdf7, 0xbdf7, 0xbdf7, 0xbdf7, 0xbdf7, 0xbdf7, 0x0000, 0x0000, 0x0000, 0x0000, },
    {0x0000, 0x0000, 0x0000, 0x0000, 0xbdf7, 0xbdf7, 0xbdf7, 0xbdf7, 0xbdf7, 0xbdf7, 0xbdf7, 0x0000, 0x0000, 0x0000, 0x0000, 0x0000, },
    {0x0000, 0x0000, 0x0000, 0x0000, 0x0000, 0xbdf7, 0xbdf7, 0xbdf7, 0xbdf7, 0xbdf7, 0x0000, 0x0000, 0x0000, 0x0000, 0x0000, 0x0000, },
    {0x0000, 0x0000, 0x0000, 0x0000, 0x0000, 0x0000, 0xbdf7, 0xbdf7, 0xbdf7, 0x0000, 0x0000, 0x0000, 0x0000, 0x0000, 0x0000, 0x0000, },
    {0x0000, 0x0000, 0x0000, 0x0000, 0x0000, 0x0000, 0x0000, 0xbdf7, 0x0000, 0x0000, 0x0000, 0x0000, 0x0000, 0x0000, 0x0000, 0x0000, },
    {0x0000, 0x0000, 0x0000, 0x0000, 0x0000, 0x0000, 0x0000, 0x0000, 0x0000, 0x0000, 0x0000, 0x0000, 0x0000, 0x0000, 0x0000, 0x0000, },
},
{
    {0x0000, 0x0000, 0x0000, 0x0000, 0x0000, 0x0000, 0x0000, 0x0000, 0x0000, 0x0000, 0xfe35, 0xfe35, 0x0000, 0x0000, 0x0000, 0x0000, },
    {0x0000, 0x0000, 0x0000, 0x0000, 0x0000, 0x0000, 0x0000, 0x0000, 0x0000, 0x0000, 0xfe35, 0xfe35, 0x0000, 0x0000, 0x0000, 0x0000, },
    {0x0000, 0x0000, 0x0000, 0x0000, 0x0000, 0x0000, 0x0000, 0x0000, 0x0000, 0x0000, 0xfe35, 0xfe35, 0x0000, 0x0000, 0x0000, 0x0000, },
    {0x0000, 0x0000, 0x0000, 0x0000, 0x0000, 0x0000, 0x0000, 0x0000, 0x0000, 0xfe35, 0xfe35, 0xfe35, 0xfe35, 0xfe35, 0x0000, 0x0000, },
    {0x0000, 0x0000, 0x0000, 0x0000, 0x0000, 0x0000, 0x0000, 0x0000, 0x0000, 0xfe35, 0xfe35, 0xfe35, 0xfe35, 0xfe35, 0x0000, 0x0000, },
    {0x0000, 0x0000, 0x0000, 0x0000, 0x0000, 0x0000, 0x0000, 0x0000, 0x0000, 0xfe35, 0xfe35, 0xfe35, 0xfe35, 0xfe35, 0xfe35, 0x0000, },
    {0x0000, 0x0000, 0x0000, 0x0000, 0x0000, 0x0000, 0x0000, 0x0000, 0x0000, 0xfe35, 0xfe35, 0xfe35, 0xfe35, 0xfe35, 0xfe35, 0x0000, },
    {0x0000, 0x0000, 0x0000, 0x0000, 0x0000, 0x0000, 0x0000, 0x0000, 0xfe35, 0xfe35, 0xfe35, 0xfe35, 0xfe35, 0xfe35, 0xfe35, 0x0000, },
    {0x0000, 0x0000, 0x0000, 0x0000, 0x0000, 0x0000, 0x0000, 0xfe35, 0xfe35, 0xfe35, 0xfe35, 0xfe35, 0xfe35, 0xfe35, 0xfe35, 0x0000, },
    {0x0000, 0x0000, 0x0000, 0x0000, 0xfe35, 0xfe35, 0xfe35, 0xfe35, 0xfe35, 0xfe35, 0xfe35, 0xfe35, 0xfe35, 0xfe35, 0xfe35, 0x0000, },
    {0x0000, 0x0000, 0x0000, 0xfe35, 0xfe35, 0xfe35, 0xfe35, 0xfe35, 0xfe35, 0xfe35, 0xfe35, 0xfe35, 0xfe35, 0xfe35, 0xfe35, 0x0000, },
    {0x0000, 0x0000, 0xfe35, 0xfe35, 0xfe35, 0xfe35, 0xfe35, 0xfe35, 0xfe35, 0xfe35, 0xfe35, 0xfe35, 0xfe35, 0xfe35, 0xfe35, 0x0000, },
    {0x0000, 0xfe35, 0xfe35, 0xfe35, 0xfe35, 0xfe35, 0xfe35, 0xfe35, 0xfe35, 0xfe35, 0xfe35, 0xfe35, 0xfe35, 0xfe35, 0x0000, 0x0000, },
    {0x0000, 0xfe35, 0xfe35, 0x0000, 0x0000, 0xfe35, 0xfe35, 0xfe35, 0xfe35, 0xfe35, 0xfe35, 0xfe35, 0xfe35, 0x0000, 0x0000, 0x0000, },
    {0x0000, 0xfe35, 0xfe35, 0x0000, 0x0000, 0x0000, 0xfe35, 0xfe35, 0xfe35, 0xfe35, 0xfe35, 0xfe35, 0x0000, 0x0000, 0x0000, 0x0000, },
    {0x0000, 0x0000, 0x0000, 0x0000, 0x0000, 0x0000, 0x0000, 0x0000, 0x0000, 0x0000, 0x0000, 0x0000, 0x0000, 0x0000, 0x0000, 0x0000, },
},
{
    {0x0000, 0x0000, 0x0000, 0x0000, 0x0000, 0x0000, 0x0000, 0x0000, 0x0000, 0x0000, 0xbdf7, 0xbdf7, 0x0000, 0x0000, 0x0000, 0x0000, },
    {0x0000, 0x0000, 0x0000, 0x0000, 0x0000, 0x0000, 0x0000, 0x0000, 0x0000, 0x0000, 0xbdf7, 0xbdf7, 0x0000, 0x0000, 0x0000, 0x0000, },
    {0x0000, 0x0000, 0x0000, 0x0000, 0x0000, 0x0000, 0x0000, 0x0000, 0x0000, 0x0000, 0xbdf7, 0xbdf7, 0x0000, 0x0000, 0x0000, 0x0000, },
    {0x0000, 0x0000, 0x0000, 0x0000, 0x0000, 0x0000, 0x0000, 0x0000, 0x0000, 0xbdf7, 0xbdf7, 0xbdf7, 0xbdf7, 0xbdf7, 0x0000, 0x0000, },
    {0x0000, 0x0000, 0x0000, 0x0000, 0x0000, 0x0000, 0x0000, 0x0000, 0x0000, 0xbdf7, 0xbdf7, 0xbdf7, 0xbdf7, 0xbdf7, 0x0000, 0x0000, },
    {0x0000, 0x0000, 0x0000, 0x0000, 0x0000, 0x0000, 0x0000, 0x0000, 0x0000, 0xbdf7, 0xbdf7, 0xbdf7, 0xbdf7, 0xbdf7, 0xbdf7, 0x0000, },
    {0x0000, 0x0000, 0x0000, 0x0000, 0x0000, 0x0000, 0x0000, 0x0000, 0x0000, 0xbdf7, 0xbdf7, 0xbdf7, 0xbdf7, 0xbdf7, 0xbdf7, 0x0000, },
    {0x0000, 0x0000, 0x0000, 0x0000, 0x0000, 0x0000, 0x0000, 0x0000, 0xbdf7, 0xbdf7, 0xbdf7, 0xbdf7, 0xbdf7, 0xbdf7, 0xbdf7, 0x0000, },
    {0x0000, 0x0000, 0x0000, 0x0000, 0x0000, 0x0000, 0x0000, 0xbdf7, 0xbdf7, 0xbdf7, 0xbdf7, 0xbdf7, 0xbdf7, 0xbdf7, 0xbdf7, 0x0000, },
    {0x0000, 0x0000, 0x0000, 0x0000, 0xbdf7, 0xbdf7, 0xbdf7, 0xbdf7, 0xbdf7, 0xbdf7, 0xbdf7, 0xbdf7, 0xbdf7, 0xbdf7, 0xbdf7, 0x0000, },
    {0x0000, 0x0000, 0x0000, 0xbdf7, 0xbdf7, 0xbdf7, 0xbdf7, 0xbdf7, 0xbdf7, 0xbdf7, 0xbdf7, 0xbdf7, 0xbdf7, 0xbdf7, 0xbdf7, 0x0000, },
    {0x0000, 0x0000, 0xbdf7, 0xbdf7, 0xbdf7, 0xbdf7, 0xbdf7, 0xbdf7, 0xbdf7, 0xbdf7, 0xbdf7, 0xbdf7, 0xbdf7, 0xbdf7, 0xbdf7, 0x0000, },
    {0x0000, 0xbdf7, 0xbdf7, 0xbdf7, 0xbdf7, 0xbdf7, 0xbdf7, 0xbdf7, 0xbdf7, 0xbdf7, 0xbdf7, 0xbdf7, 0xbdf7, 0xbdf7, 0x0000, 0x0000, },
    {0x0000, 0xbdf7, 0xbdf7, 0x0000, 0x0000, 0xbdf7, 0xbdf7, 0xbdf7, 0xbdf7, 0xbdf7, 0xbdf7, 0xbdf7, 0xbdf7, 0x0000, 0x0000, 0x0000, },
    {0x0000, 0xbdf7, 0xbdf7, 0x0000, 0x0000, 0x0000, 0xbdf7, 0xbdf7, 0xbdf7, 0xbdf7, 0xbdf7, 0xbdf7, 0x0000, 0x0000, 0x0000, 0x0000, },
    {0x0000, 0x0000, 0x0000, 0x0000, 0x0000, 0x0000, 0x0000, 0x0000, 0x0000, 0x0000, 0x0000, 0x0000, 0x0000, 0x0000, 0x0000, 0x0000, },
},
{
    {0x0000, 0x0000, 0x0000, 0x0000, 0x0000, 0x0000, 0x0000, 0x0000, 0x0000, 0x0000, 0x0000, 0x0000, 0x0000, 0x0000, 0x0000, 0x0000, },
    {0x0000, 0x0000, 0x0000, 0x0000, 0x0000, 0x0000, 0x0000, 0x0000, 0x0000, 0x0000, 0x0000, 0x0000, 0x0000, 0x0000, 0x0000, 0x0000, },
    {0x0000, 0x0000, 0x0000, 0x0000, 0x0000, 0x0001, 0x0000, 0x0000, 0x0000, 0x0000, 0x0001, 0x0001, 0x0001, 0x0000, 0x0000, 0x0000, },
    {0x0000, 0x0000, 0x0000, 0x0000, 0x0001, 0x0000, 0x0000, 0x0000, 0x0000, 0x0000, 0x0000, 0x0000, 0x0001, 0x0000, 0x0000, 0x0000, },
    {0x0000, 0x0000, 0x0000, 0x0001, 0x0001, 0x0000, 0x0000, 0x0000, 0x0000, 0x0000, 0x0000, 0x0001, 0x0000, 0x0000, 0x0000, 0x0000, },
    {0x0000, 0x0000, 0x0001, 0xffe0, 0x0001, 0x0000, 0x0000, 0x0001, 0x0001, 0x0000, 0x0001, 0x0000, 0x0000, 0x0000, 0x0000, 0x0000, },
    {0x0000, 0x0000, 0x0001, 0xffe0, 0x0001, 0x0000, 0x0000, 0x0000, 0x0001, 0x0000, 0x0001, 0x0001, 0x0001, 0x0000, 0x0000, 0x0000, },
    {0x0000, 0x0000, 0x0001, 0xffe0, 0xffe0, 0x0001, 0x0000, 0x0001, 0x0000, 0x0000, 0x0000, 0x0000, 0x0000, 0x0000, 0x0000, 0x0000, },
    {0x0000, 0x0000, 0x0001, 0xffe0, 0xffe0, 0x0001, 0x0000, 0x0001, 0x0001, 0x0000, 0x0000, 0x0000, 0x0000, 0x0000, 0x0000, 0x0000, },
    {0x0000, 0x0000, 0x0001, 0xffe0, 0xffe0, 0xffe0, 0x0001, 0x0000, 0x0000, 0x0000, 0x0000, 0x0000, 0x0000, 0x0000, 0x0000, 0x0000, },
    {0x0000, 0x0000, 0x0001, 0xffe0, 0xffe0, 0xffe0, 0xffe0, 0x0001, 0x0001, 0x0000, 0x0000, 0x0000, 0x0000, 0x0001, 0x0000, 0x0000, },
    {0x0000, 0x0000, 0x0000, 0x0001, 0xffe0, 0xffe0, 0xffe0, 0xffe0, 0xffe0, 0x0001, 0x0001, 0x0001, 0x0001, 0x0000, 0x0000, 0x0000, },
    {0x0000, 0x0000, 0x0000, 0x0000, 0x0001, 0xffe0, 0xffe0, 0xffe0, 0xffe0, 0xffe0, 0xffe0, 0x0001, 0x0000, 0x0000, 0x0000, 0x0000, },
    {0x0000, 0x0000, 0x0000, 0x0000, 0x0000, 0x0001, 0x0001, 0x0001, 0x0001, 0x0001, 0x0001, 0x0000, 0x0000, 0x0000, 0x0000, 0x0000, },
    {0x0000, 0x0000, 0x0000, 0x0000, 0x0000, 0x0000, 0x0000, 0x0000, 0x0000, 0x0000, 0x0000, 0x0000, 0x0000, 0x0000, 0x0000, 0x0000, },
    {0x0000, 0x0000, 0x0000, 0x0000, 0x0000, 0x0000, 0x0000, 0x0000, 0x0000, 0x0000, 0x0000, 0x0000, 0x0000, 0x0000, 0x0000, 0x0000, },
},
{
    {0x0000, 0x0000, 0x0000, 0x0000, 0x0000, 0x0000, 0x0000, 0x0000, 0x0000, 0x0000, 0x0000, 0x0000, 0x0000, 0x0000, 0x0000, 0x0000, },
    {0x0000, 0x0000, 0x0000, 0x0000, 0x0000, 0x0000, 0x0000, 0x0000, 0x0000, 0x0000, 0x0000, 0x0000, 0x0000, 0x0000, 0x0000, 0x0000, },
    {0x0000, 0x0000, 0x0000, 0x0000, 0x0000, 0xbdf7, 0x0000, 0x0000, 0x0000, 0x0000, 0xbdf7, 0xbdf7, 0xbdf7, 0x0000, 0x0000, 0x0000, },
    {0x0000, 0x0000, 0x0000, 0x0000, 0xbdf7, 0x0000, 0x0000, 0x0000, 0x0000, 0x0000, 0x0000, 0x0000, 0xbdf7, 0x0000, 0x0000, 0x0000, },
    {0x0000, 0x0000, 0x0000, 0xbdf7, 0xbdf7, 0x0000, 0x0000, 0x0000, 0x0000, 0x0000, 0x0000, 0xbdf7, 0x0000, 0x0000, 0x0000, 0x0000, },
    {0x0000, 0x0000, 0xbdf7, 0xbdf7, 0xbdf7, 0x0000, 0x0000, 0xbdf7, 0xbdf7, 0x0000, 0xbdf7, 0x0000, 0x0000, 0x0000, 0x0000, 0x0000, },
    {0x0000, 0x0000, 0xbdf7, 0xbdf7, 0xbdf7, 0x0000, 0x0000, 0x0000, 0xbdf7, 0x0000, 0xbdf7, 0xbdf7, 0xbdf7, 0x0000, 0x0000, 0x0000, },
    {0x0000, 0x0000, 0xbdf7, 0xbdf7, 0xbdf7, 0xbdf7, 0x0000, 0xbdf7, 0x0000, 0x0000, 0x0000, 0x0000, 0x0000, 0x0000, 0x0000, 0x0000, },
    {0x0000, 0x0000, 0xbdf7, 0xbdf7, 0xbdf7, 0xbdf7, 0x0000, 0xbdf7, 0xbdf7, 0x0000, 0x0000, 0x0000, 0x0000, 0x0000, 0x0000, 0x0000, },
    {0x0000, 0x0000, 0xbdf7, 0xbdf7, 0xbdf7, 0xbdf7, 0xbdf7, 0x0000, 0x0000, 0x0000, 0x0000, 0x0000, 0x0000, 0x0000, 0x0000, 0x0000, },
    {0x0000, 0x0000, 0xbdf7, 0xbdf7, 0xbdf7, 0xbdf7, 0xbdf7, 0xbdf7, 0xbdf7, 0x0000, 0x0000, 0x0000, 0x0000, 0xbdf7, 0x0000, 0x0000, },
    {0x0000, 0x0000, 0x0000, 0xbdf7, 0xbdf7, 0xbdf7, 0xbdf7, 0xbdf7, 0xbdf7, 0xbdf7, 0xbdf7, 0xbdf7, 0xbdf7, 0x0000, 0x0000, 0x0000, },
    {0x0000, 0x0000, 0x0000, 0x0000, 0xbdf7, 0xbdf7, 0xbdf7, 0xbdf7, 0xbdf7, 0xbdf7, 0xbdf7, 0xbdf7, 0x0000, 0x0000, 0x0000, 0x0000, },
    {0x0000, 0x0000, 0x0000, 0x0000, 0x0000, 0xbdf7, 0xbdf7, 0xbdf7, 0xbdf7, 0xbdf7, 0xbdf7, 0x0000, 0x0000, 0x0000, 0x0000, 0x0000, },
    {0x0000, 0x0000, 0x0000, 0x0000, 0x0000, 0x0000, 0x0000, 0x0000, 0x0000, 0x0000, 0x0000, 0x0000, 0x0000, 0x0000, 0x0000, 0x0000, },
    {0x0000, 0x0000, 0x0000, 0x0000, 0x0000, 0x0000, 0x0000, 0x0000, 0x0000, 0x0000, 0x0000, 0x0000, 0x0000, 0x0000, 0x0000, 0x0000, },
},
{
    {0x0000, 0x0000, 0x0000, 0x0000, 0x0000, 0x0000, 0x001f, 0x001f, 0x001f, 0x001f, 0x001f, 0x0000, 0x0000, 0x0000, 0x0000, 0x0000, },
    {0x0000, 0x0000, 0x0000, 0x0000, 0x0000, 0x001f, 0x001f, 0x001f, 0x001f, 0x001f, 0x001f, 0x001f, 0x0000, 0x0000, 0x0000, 0x0000, },
    {0x0000, 0x0000, 0x0000, 0x0000, 0x001f, 0x001f, 0x001f, 0x001f, 0x001f, 0x001f, 0x001f, 0x001f, 0x001f, 0x0000, 0x0000, 0x0000, },
    {0x0000, 0x0000, 0x0000, 0x001f, 0x001f, 0x001f, 0x001f, 0x0000, 0x0000, 0x0000, 0x001f, 0x001f, 0x001f, 0x001f, 0x0000, 0x0000, },
    {0x0000, 0x0000, 0x0000, 0x001f, 0x001f, 0x001f, 0x0000, 0x0000, 0x0000, 0x0000, 0x0000, 0x001f, 0x001f, 0x001f, 0x0000, 0x0000, },
    {0x0000, 0x0000, 0x0000, 0x001f, 0x001f, 0x001f, 0x0000, 0x0000, 0x0000, 0x0000, 0x0000, 0x001f, 0x001f, 0x001f, 0x0000, 0x0000, },
    {0x0000, 0x0000, 0x0000, 0x001f, 0x001f, 0x001f, 0x0000, 0x0000, 0x0000, 0x0000, 0x001f, 0x001f, 0x001f, 0x001f, 0x0000, 0x0000, },
    {0x0000, 0x0000, 0x0000, 0x0000, 0x001f, 0x0000, 0x0000, 0x0000, 0x0000, 0x001f, 0x001f, 0x001f, 0x001f, 0x0000, 0x0000, 0x0000, },
    {0x0000, 0x0000, 0x0000, 0x0000, 0x0000, 0x0000, 0x0000, 0x0000, 0x001f, 0x001f, 0x001f, 0x0000, 0x0000, 0x0000, 0x0000, 0x0000, },
    {0x0000, 0x0000, 0x0000, 0x0000, 0x0000, 0x0000, 0x0000, 0x0000, 0x001f, 0x001f, 0x0000, 0x0000, 0x0000, 0x0000, 0x0000, 0x0000, },
    {0x0000, 0x0000, 0x0000, 0x0000, 0x0000, 0x0000, 0x0000, 0x0000, 0x001f, 0x0000, 0x0000, 0x0000, 0x0000, 0x0000, 0x0000, 0x0000, },
    {0x0000, 0x0000, 0x0000, 0x0000, 0x0000, 0x0000, 0x0000, 0x0000, 0x001f, 0x0000, 0x0000, 0x0000, 0x0000, 0x0000, 0x0000, 0x0000, },
    {0x0000, 0x0000, 0x0000, 0x0000, 0x0000, 0x0000, 0x0000, 0x0000, 0x001f, 0x0000, 0x0000, 0x0000, 0x0000, 0x0000, 0x0000, 0x0000, },
    {0x0000, 0x0000, 0x0000, 0x0000, 0x0000, 0x0000, 0x0000, 0x0000, 0x0000, 0x0000, 0x0000, 0x0000, 0x0000, 0x0000, 0x0000, 0x0000, },
    {0x0000, 0x0000, 0x0000, 0x0000, 0x0000, 0x0000, 0x0000, 0x0000, 0x0000, 0x0000, 0x0000, 0x0000, 0x0000, 0x0000, 0x0000, 0x0000, },
    {0x0000, 0x0000, 0x0000, 0x0000, 0x0000, 0x0000, 0x0000, 0x0000, 0x001f, 0x0000, 0x0000, 0x0000, 0x0000, 0x0000, 0x0000, 0x0000, },
},
{
    {0x0000, 0x0000, 0x0000, 0x0000, 0x0000, 0x0000, 0x0000, 0x0000, 0x0000, 0x0000, 0x0000, 0x0000, 0x0000, 0x0000, 0x0000, 0x0000, },
    {0x0000, 0x0000, 0x0000, 0x0000, 0x0000, 0x0000, 0x0000, 0x0000, 0x0000, 0x0000, 0x0000, 0x0000, 0x0000, 0x0000, 0x0000, 0x0000, },
    {0x0000, 0x0000, 0x0000, 0x0000, 0x0000, 0x0000, 0x0000, 0x0000, 0xf800, 0x0000, 0x0000, 0x0000, 0x0000, 0x0000, 0x0000, 0x0000, },
    {0x0000, 0x0000, 0x0000, 0x0000, 0x0000, 0x0000, 0x0000, 0xf800, 0xf800, 0xf800, 0x0000, 0x0000, 0x0000, 0x0000, 0x0000, 0x0000, },
    {0x0000, 0x0000, 0x0000, 0x0000, 0x0000, 0x0000, 0x0000, 0xf800, 0xf800, 0xf800, 0x0000, 0x0000, 0x0000, 0x0000, 0x0000, 0x0000, },
    {0x0000, 0x0000, 0x0000, 0x0000, 0x0000, 0x0000, 0x0000, 0xf800, 0xf800, 0xf800, 0x0000, 0x0000, 0x0000, 0x0000, 0x0000, 0x0000, },
    {0x0000, 0x0000, 0x0000, 0x0000, 0x0000, 0x0000, 0x0000, 0xf800, 0xf800, 0xf800, 0x0000, 0x0000, 0x0000, 0x0000, 0x0000, 0x0000, },
    {0x0000, 0x0000, 0x0000, 0x0000, 0x0000, 0x0000, 0x0000, 0xf800, 0xf800, 0xf800, 0x0000, 0x0000, 0x0000, 0x0000, 0x0000, 0x0000, },
    {0x0000, 0x0000, 0x0000, 0x0000, 0x0000, 0x0000, 0x0000, 0xf800, 0xf800, 0xf800, 0x0000, 0x0000, 0x0000, 0x0000, 0x0000, 0x0000, },
    {0x0000, 0x0000, 0x0000, 0x0000, 0x0000, 0x0000, 0x0000, 0xf800, 0xf800, 0xf800, 0x0000, 0x0000, 0x0000, 0x0000, 0x0000, 0x0000, },
    {0x0000, 0x0000, 0x0000, 0x0000, 0x0000, 0x0000, 0x0000, 0x0000, 0xf800, 0x0000, 0x0000, 0x0000, 0x0000, 0x0000, 0x0000, 0x0000, },
    {0x0000, 0x0000, 0x0000, 0x0000, 0x0000, 0x0000, 0x0000, 0x0000, 0xf800, 0x0000, 0x0000, 0x0000, 0x0000, 0x0000, 0x0000, 0x0000, },
    {0x0000, 0x0000, 0x0000, 0x0000, 0x0000, 0x0000, 0x0000, 0x0000, 0x0000, 0x0000, 0x0000, 0x0000, 0x0000, 0x0000, 0x0000, 0x0000, },
    {0x0000, 0x0000, 0x0000, 0x0000, 0x0000, 0x0000, 0x0000, 0x0000, 0x0000, 0x0000, 0x0000, 0x0000, 0x0000, 0x0000, 0x0000, 0x0000, },
    {0x0000, 0x0000, 0x0000, 0x0000, 0x0000, 0x0000, 0x0000, 0x0000, 0xf800, 0x0000, 0x0000, 0x0000, 0x0000, 0x0000, 0x0000, 0x0000, },
    {0x0000, 0x0000, 0x0000, 0x0000, 0x0000, 0x0000, 0x0000, 0x0000, 0x0000, 0x0000, 0x0000, 0x0000, 0x0000, 0x0000, 0x0000, 0x0000, },
},
{
    {0x0000, 0x0000, 0x0000, 0x0000, 0x0000, 0x0000, 0x0000, 0x0000, 0x0000, 0x0000, 0x0000, 0x0000, 0x0000, 0x0000, 0x0000, 0x0000, },
    {0x0000, 0x0000, 0x0000, 0x0000, 0x0000, 0x0000, 0x0000, 0x0000, 0x0000, 0x0000, 0x0000, 0x0000, 0x0000, 0x0000, 0x0000, 0x0000, },
    {0x0000, 0x0000, 0x0000, 0x0000, 0x0000, 0x0000, 0x0000, 0xffe0, 0xffe0, 0xffe0, 0x0000, 0x0000, 0x0000, 0x0000, 0x0000, 0x0000, },
    {0x0000, 0x0000, 0x0000, 0x0000, 0x0000, 0x0000, 0x0000, 0xffe0, 0xffe0, 0xffe0, 0xffe0, 0xffe0, 0xffe0, 0x0000, 0x0000, 0x0000, },
    {0x0000, 0x0000, 0x0000, 0x0000, 0x0000, 0x0000, 0x0000, 0xffe0, 0xffe0, 0xffe0, 0xffe0, 0xffe0, 0xffe0, 0xffe0, 0xffe0, 0x0000, },
    {0x0000, 0x0000, 0x0000, 0x0000, 0x0000, 0x0000, 0x0000, 0xffe0, 0x0000, 0x0000, 0x0000, 0x0000, 0xffe0, 0xffe0, 0xffe0, 0x0000, },
    {0x0000, 0x0000, 0x0000, 0x0000, 0x0000, 0x0000, 0x0000, 0xffe0, 0x0000, 0x0000, 0x0000, 0x0000, 0x0000, 0xffe0, 0xffe0, 0x0000, },
    {0x0000, 0x0000, 0x0000, 0x0000, 0x0000, 0x0000, 0x0000, 0xffe0, 0x0000, 0x0000, 0x0000, 0x0000, 0x0000, 0xffe0, 0x0000, 0x0000, },
    {0x0000, 0x0000, 0x0000, 0x0000, 0x0000, 0x0000, 0x0000, 0xffe0, 0x0000, 0x0000, 0x0000, 0x0000, 0xffe0, 0x0000, 0x0000, 0x0000, },
    {0x0000, 0x0000, 0x0000, 0xffe0, 0xffe0, 0xffe0, 0xffe0, 0xffe0, 0x0000, 0x0000, 0x0000, 0xffe0, 0x0000, 0x0000, 0x0000, 0x0000, },
    {0x0000, 0x0000, 0xffe0, 0xffff, 0xffe0, 0xffe0, 0xffe0, 0xffe0, 0x0000, 0x0000, 0xffe0, 0x0000, 0x0000, 0x0000, 0x0000, 0x0000, },
    {0x0000, 0x0000, 0xffe0, 0xffe0, 0xffe0, 0xffe0, 0xffe0, 0xffe0, 0x0000, 0x0000, 0x0000, 0x0000, 0x0000, 0x0000, 0x0000, 0x0000, },
    {0x0000, 0x0000, 0xffe0, 0xffe0, 0xffe0, 0xffe0, 0xffe0, 0xffe0, 0x0000, 0x0000, 0x0000, 0x0000, 0x0000, 0x0000, 0x0000, 0x0000, },
    {0x0000, 0x0000, 0x0000, 0xffe0, 0xffe0, 0xffe0, 0xffe0, 0x0000, 0x0000, 0x0000, 0x0000, 0x0000, 0x0000, 0x0000, 0x0000, 0x0000, },
    {0x0000, 0x0000, 0x0000, 0x0000, 0x0000, 0x0000, 0x0000, 0x0000, 0x0000, 0x0000, 0x0000, 0x0000, 0x0000, 0x0000, 0x0000, 0x0000, },
    {0x0000, 0x0000, 0x0000, 0x0000, 0x0000, 0x0000, 0x0000, 0x0000, 0x0000, 0x0000, 0x0000, 0x0000, 0x0000, 0x0000, 0x0000, 0x0000, },
},
{
    {0x0000, 0x0000, 0x0000, 0x0000, 0x0000, 0x0000, 0x0000, 0x0000, 0x0000, 0x0000, 0x0000, 0x0000, 0x0000, 0x0000, 0x0000, 0x0000, },
    {0x0000, 0x0000, 0x0000, 0x0000, 0x0000, 0x0000, 0x0000, 0x0000, 0x0000, 0x0000, 0x0000, 0x0000, 0x0000, 0x0000, 0x0000, 0x0000, },
    {0x0000, 0x0000, 0x0000, 0x0000, 0x0000, 0x0000, 0x0000, 0xbdf7, 0xbdf7, 0xbdf7, 0x0000, 0x0000, 0x0000, 0x0000, 0x0000, 0x0000, },
    {0x0000, 0x0000, 0x0000, 0x0000, 0x0000, 0x0000, 0x0000, 0xbdf7, 0xbdf7, 0xbdf7, 0xbdf7, 0xbdf7, 0xbdf7, 0x0000, 0x0000, 0x0000, },
    {0x0000, 0x0000, 0x0000, 0x0000, 0x0000, 0x0000, 0x0000, 0xbdf7, 0xbdf7, 0xbdf7, 0xbdf7, 0xbdf7, 0xbdf7, 0xbdf7, 0xbdf7, 0x0000, },
    {0x0000, 0x0000, 0x0000, 0x0000, 0x0000, 0x0000, 0x0000, 0xbdf7, 0x0000, 0x0000, 0x0000, 0x0000, 0xbdf7, 0xbdf7, 0xbdf7, 0x0000, },
    {0x0000, 0x0000, 0x0000, 0x0000, 0x0000, 0x0000, 0x0000, 0xbdf7, 0x0000, 0x0000, 0x0000, 0x0000, 0x0000, 0xbdf7, 0xbdf7, 0x0000, },
    {0x0000, 0x0000, 0x0000, 0x0000, 0x0000, 0x0000, 0x0000, 0xbdf7, 0x0000, 0x0000, 0x0000, 0x0000, 0x0000, 0xbdf7, 0x0000, 0x0000, },
    {0x0000, 0x0000, 0x0000, 0x0000, 0x0000, 0x0000, 0x0000, 0xbdf7, 0x0000, 0x0000, 0x0000, 0x0000, 0xbdf7, 0x0000, 0x0000, 0x0000, },
    {0x0000, 0x0000, 0x0000, 0xbdf7, 0xbdf7, 0xbdf7, 0xbdf7, 0xbdf7, 0x0000, 0x0000, 0x0000, 0xbdf7, 0x0000, 0x0000, 0x0000, 0x0000, },
    {0x0000, 0x0000, 0xbdf7, 0xbdf7, 0xbdf7, 0xbdf7, 0xbdf7, 0xbdf7, 0x0000, 0x0000, 0xbdf7, 0x0000, 0x0000, 0x0000, 0x0000, 0x0000, },
    {0x0000, 0x0000, 0xbdf7, 0xbdf7, 0xbdf7, 0xbdf7, 0xbdf7, 0xbdf7, 0x0000, 0x0000, 0x0000, 0x0000, 0x0000, 0x0000, 0x0000, 0x0000, },
    {0x0000, 0x0000, 0xbdf7, 0xbdf7, 0xbdf7, 0xbdf7, 0xbdf7, 0xbdf7, 0x0000, 0x0000, 0x0000, 0x0000, 0x0000, 0x0000, 0x0000, 0x0000, },
    {0x0000, 0x0000, 0x0000, 0xbdf7, 0xbdf7, 0xbdf7, 0xbdf7, 0x0000, 0x0000, 0x0000, 0x0000, 0x0000, 0x0000, 0x0000, 0x0000, 0x0000, },
    {0x0000, 0x0000, 0x0000, 0x0000, 0x0000, 0x0000, 0x0000, 0x0000, 0x0000, 0x0000, 0x0000, 0x0000, 0x0000, 0x0000, 0x0000, 0x0000, },
    {0x0000, 0x0000, 0x0000, 0x0000, 0x0000, 0x0000, 0x0000, 0x0000, 0x0000, 0x0000, 0x0000, 0x0000, 0x0000, 0x0000, 0x0000, 0x0000, },
},
{
    {0x0000, 0x0000, 0x0000, 0x0000, 0x0000, 0x0000, 0x0000, 0x0000, 0x0000, 0x0000, 0x0000, 0x0000, 0x0000, 0x0000, 0x0000, 0x0000, },
    {0x0000, 0x0000, 0x0000, 0x0000, 0x0000, 0x0000, 0x07e0, 0x07e0, 0x07e0, 0x07e0, 0x0000, 0x0000, 0x0000, 0x0000, 0x0000, 0x0000, },
    {0x0000, 0x0000, 0x0000, 0x0000, 0x07e0, 0x07e0, 0x07e0, 0x07e0, 0x07e0, 0x07e0, 0x07e0, 0x07e0, 0x0000, 0x0000, 0x0000, 0x0000, },
    {0x0000, 0x0000, 0x0000, 0x07e0, 0x07e0, 0x07e0, 0x0000, 0x0000, 0x0000, 0x0000, 0x07e0, 0x07e0, 0x07e0, 0x0000, 0x0000, 0x0000, },
    {0x0000, 0x0000, 0x07e0, 0x07e0, 0x07e0, 0x0000, 0x0000, 0x0000, 0x0000, 0x0000, 0x0000, 0x07e0, 0x07e0, 0x07e0, 0x0000, 0x0000, },
    {0x0000, 0x0000, 0x07e0, 0x07e0, 0x0000, 0x0000, 0x0000, 0x0000, 0x0000, 0x0000, 0x0000, 0x0000, 0x07e0, 0x07e0, 0x0000, 0x0000, },
    {0x0000, 0x07e0, 0x07e0, 0x0000, 0x0000, 0x0000, 0x0000, 0x0000, 0x0000, 0x0000, 0x0000, 0x0000, 0x0000, 0x07e0, 0x07e0, 0x0000, },
    {0x0000, 0x07e0, 0x07e0, 0x0000, 0x0000, 0x0000, 0x0000, 0x0000, 0x0000, 0x0000, 0x0000, 0x0000, 0x0000, 0x07e0, 0x07e0, 0x0000, },
    {0x0000, 0x07e0, 0x07e0, 0x0000, 0x0000, 0x0000, 0x0000, 0x0000, 0x0000, 0x0000, 0x0000, 0x0000, 0x0000, 0x07e0, 0x07e0, 0x0000, },
    {0x0000, 0x07e0, 0x07e0, 0x0000, 0x0000, 0x0000, 0x0000, 0x0000, 0x0000, 0x0000, 0x0000, 0x0000, 0x0000, 0x07e0, 0x07e0, 0x0000, },
    {0x0000, 0x0000, 0x07e0, 0x07e0, 0x0000, 0x0000, 0x0000, 0x0000, 0x0000, 0x0000, 0x0000, 0x0000, 0x07e0, 0x07e0, 0x0000, 0x0000, },
    {0x0000, 0x0000, 0x07e0, 0x07e0, 0x07e0, 0x0000, 0x0000, 0x0000, 0x0000, 0x0000, 0x0000, 0x07e0, 0x07e0, 0x07e0, 0x0000, 0x0000, },
    {0x0000, 0x0000, 0x0000, 0x07e0, 0x07e0, 0x07e0, 0x0000, 0x0000, 0x0000, 0x0000, 0x07e0, 0x07e0, 0x07e0, 0x0000, 0x0000, 0x0000, },
    {0x0000, 0x0000, 0x0000, 0x0000, 0x07e0, 0x07e0, 0x07e0, 0x07e0, 0x07e0, 0x07e0, 0x07e0, 0x07e0, 0x0000, 0x0000, 0x0000, 0x0000, },
    {0x0000, 0x0000, 0x0000, 0x0000, 0x0000, 0x0000, 0x07e0, 0x07e0, 0x07e0, 0x07e0, 0x0000, 0x0000, 0x0000, 0x0000, 0x0000, 0x0000, },
    {0x0000, 0x0000, 0x0000, 0x0000, 0x0000, 0x0000, 0x0000, 0x0000, 0x0000, 0x0000, 0x0000, 0x0000, 0x0000, 0x0000, 0x0000, 0x0000, },
},
{
    {0x0000, 0x0000, 0x0000, 0x0000, 0x0000, 0x0000, 0x0000, 0x0000, 0x0000, 0x0000, 0x0000, 0x0000, 0x0000, 0x0000, 0x0000, 0x0000, },
    {0x0000, 0x0000, 0x0000, 0x0000, 0x0000, 0x0000, 0x0000, 0x0000, 0x0000, 0x0000, 0x0000, 0x0000, 0x0000, 0x0000, 0x0000, 0x0000, },
    {0x0000, 0x0000, 0xf800, 0xf800, 0x0000, 0x0000, 0x0000, 0x0000, 0x0000, 0x0000, 0x0000, 0x0000, 0xf800, 0xf800, 0x0000, 0x0000, },
    {0x0000, 0x0000, 0xf800, 0xf800, 0xf800, 0x0000, 0x0000, 0x0000, 0x0000, 0x0000, 0x0000, 0xf800, 0xf800, 0xf800, 0x0000, 0x0000, },
    {0x0000, 0x0000, 0x0000, 0xf800, 0xf800, 0xf800, 0x0000, 0x0000, 0x0000, 0x0000, 0xf800, 0xf800, 0xf800, 0x0000, 0x0000, 0x0000, },
    {0x0000, 0x0000, 0x0000, 0x0000, 0xf800, 0xf800, 0xf800, 0x0000, 0x0000, 0xf800, 0xf800, 0xf800, 0x0000, 0x0000, 0x0000, 0x0000, },
    {0x0000, 0x0000, 0x0000, 0x0000, 0x0000, 0xf800, 0xf800, 0xf800, 0xf800, 0xf800, 0xf800, 0x0000, 0x0000, 0x0000, 0x0000, 0x0000, },
    {0x0000, 0x0000, 0x0000, 0x0000, 0x0000, 0x0000, 0xf800, 0xf800, 0xf800, 0xf800, 0x0000, 0x0000, 0x0000, 0x0000, 0x0000, 0x0000, },
    {0x0000, 0x0000, 0x0000, 0x0000, 0x0000, 0x0000, 0xf800, 0xf800, 0xf800, 0xf800, 0x0000, 0x0000, 0x0000, 0x0000, 0x0000, 0x0000, },
    {0x0000, 0x0000, 0x0000, 0x0000, 0x0000, 0xf800, 0xf800, 0xf800, 0xf800, 0xf800, 0xf800, 0x0000, 0x0000, 0x0000, 0x0000, 0x0000, },
    {0x0000, 0x0000, 0x0000, 0x0000, 0xf800, 0xf800, 0xf800, 0x0000, 0x0000, 0xf800, 0xf800, 0xf800, 0x0000, 0x0000, 0x0000, 0x0000, },
    {0x0000, 0x0000, 0x0000, 0xf800, 0xf800, 0xf800, 0x0000, 0x0000, 0x0000, 0x0000, 0xf800, 0xf800, 0xf800, 0x0000, 0x0000, 0x0000, },
    {0x0000, 0x0000, 0xf800, 0xf800, 0xf800, 0x0000, 0x0000, 0x0000, 0x0000, 0x0000, 0x0000, 0xf800, 0xf800, 0xf800, 0x0000, 0x0000, },
    {0x0000, 0x0000, 0xf800, 0xf800, 0x0000, 0x0000, 0x0000, 0x0000, 0x0000, 0x0000, 0x0000, 0x0000, 0xf800, 0xf800, 0x0000, 0x0000, },
    {0x0000, 0x0000, 0x0000, 0x0000, 0x0000, 0x0000, 0x0000, 0x0000, 0x0000, 0x0000, 0x0000, 0x0000, 0x0000, 0x0000, 0x0000, 0x0000, },
    {0x0000, 0x0000, 0x0000, 0x0000, 0x0000, 0x0000, 0x0000, 0x0000, 0x0000, 0x0000, 0x0000, 0x0000, 0x0000, 0x0000, 0x0000, 0x0000, },
},
{
    {0x0000, 0x0000, 0x0000, 0x0000, 0x0000, 0x0000, 0x0000, 0x0000, 0x0000, 0x0000, 0x0000, 0x0000, 0x0000, 0x0000, 0x0000, 0x0000, },
    {0x0000, 0x0000, 0x0000, 0x0000, 0x0000, 0x0000, 0x0001, 0x0000, 0x0000, 0x0000, 0x0000, 0x0000, 0x0000, 0x0000, 0x0000, 0x0000, },
    {0x0000, 0x0000, 0x0000, 0x0000, 0x0000, 0x0001, 0xffff, 0x0001, 0x0000, 0x0000, 0x0000, 0x0000, 0x0000, 0x0000, 0x0000, 0x0000, },
    {0x0000, 0x0000, 0x0000, 0x0000, 0x0000, 0x0001, 0xffff, 0x0001, 0x0000, 0x0000, 0x0000, 0x0000, 0x0000, 0x0000, 0x0000, 0x0000, },
    {0x0000, 0x0000, 0x0000, 0x0000, 0x0000, 0x0001, 0xffff, 0x0001, 0x0001, 0x0000, 0x0000, 0x0000, 0x0000, 0x0000, 0x0000, 0x0000, },
    {0x0000, 0x0000, 0x0000, 0x0000, 0x0000, 0x0001, 0xffff, 0x0001, 0xffff, 0x0001, 0x0001, 0x0000, 0x0000, 0x0000, 0x0000, 0x0000, },
    {0x0000, 0x0000, 0x0000, 0x0000, 0x0001, 0x0001, 0xffff, 0x0001, 0xffff, 0x0001, 0xffff, 0x0001, 0x0000, 0x0000, 0x0000, 0x0000, },
    {0x0000, 0x0000, 0x0000, 0x0001, 0xffff, 0x0001, 0xffff, 0xffff, 0xffff, 0x0001, 0xffff, 0x0001, 0x0001, 0x0000, 0x0000, 0x0000, },
    {0x0000, 0x0000, 0x0000, 0x0001, 0xffff, 0x0001, 0xffff, 0xffff, 0xffff, 0xffff, 0xffff, 0x0001, 0x0001, 0x0000, 0x0000, 0x0000, },
    {0x0000, 0x0000, 0x0000, 0x0001, 0xffff, 0xffff, 0xffff, 0xffff, 0xffff, 0xffff, 0xffff, 0xffff, 0x0001, 0x0000, 0x0000, 0x0000, },
    {0x0000, 0x0000, 0x0000, 0x0001, 0xffff, 0xffff, 0xffff, 0xffff, 0xffff, 0xffff, 0xffff, 0xffff, 0x0001, 0x0000, 0x0000, 0x0000, },
    {0x0000, 0x0000, 0x0000, 0x0000, 0x0001, 0xffff, 0xffff, 0xffff, 0xffff, 0xffff, 0xffff, 0xffff, 0x0001, 0x0000, 0x0000, 0x0000, },
    {0x0000, 0x0000, 0x0000, 0x0000, 0x0000, 0x0001, 0xffff, 0xffff, 0xffff, 0xffff, 0xffff, 0x0001, 0x0000, 0x0000, 0x0000, 0x0000, },
    {0x0000, 0x0000, 0x0000, 0x0000, 0x0000, 0x0001, 0xffff, 0xffff, 0xffff, 0xffff, 0xffff, 0x0001, 0x0000, 0x0000, 0x0000, 0x0000, },
    {0x0000, 0x0000, 0x0000, 0x0000, 0x0000, 0x0001, 0x0001, 0x0001, 0x0001, 0x0001, 0x0001, 0x0001, 0x0000, 0x0000, 0x0000, 0x0000, },
    {0x0000, 0x0000, 0x0000, 0x0000, 0x0000, 0x0000, 0x0000, 0x0000, 0x0000, 0x0000, 0x0000, 0x0000, 0x0000, 0x0000, 0x0000, 0x0000, },
},
{
    {0x0000, 0x0000, 0x0000, 0x0000, 0x0000, 0x0000, 0x0000, 0x0000, 0x0000, 0x0000, 0x0000, 0x0000, 0x0000, 0x0000, 0x0000, 0x0000, },
    {0x0000, 0x0000, 0x0000, 0x0000, 0x0000, 0x0000, 0x0001, 0x0001, 0x0001, 0x0001, 0x0001, 0x0000, 0x0000, 0x0000, 0x0000, 0x0000, },
    {0x0000, 0x0000, 0x0000, 0x0000, 0x0000, 0x0001, 0xffff, 0xffff, 0xffff, 0xffff, 0xffff, 0x0001, 0x0000, 0x0000, 0x0000, 0x0000, },
    {0x0000, 0x0000, 0x0000, 0x0000, 0x0000, 0x0001, 0xffff, 0xffff, 0xffff, 0xffff, 0xffff, 0x0001, 0x0000, 0x0000, 0x0000, 0x0000, },
    {0x0000, 0x0000, 0x0000, 0x0000, 0x0001, 0xffff, 0xffff, 0xffff, 0xffff, 0xffff, 0xffff, 0xffff, 0x0001, 0x0000, 0x0000, 0x0000, },
    {0x0000, 0x0000, 0x0000, 0x0001, 0xffff, 0xffff, 0xffff, 0xffff, 0xffff, 0xffff, 0xffff, 0xffff, 0x0001, 0x0000, 0x0000, 0x0000, },
    {0x0000, 0x0000, 0x0000, 0x0001, 0xffff, 0xffff, 0xffff, 0xffff, 0xffff, 0xffff, 0xffff, 0xffff, 0x0001, 0x0000, 0x0000, 0x0000, },
    {0x0000, 0x0000, 0x0000, 0x0001, 0xffff, 0x0001, 0xffff, 0xffff, 0xffff, 0xffff, 0xffff, 0x0001, 0x0001, 0x0000, 0x0000, 0x0000, },
    {0x0000, 0x0000, 0x0000, 0x0001, 0xffff, 0x0001, 0xffff, 0xffff, 0xffff, 0x0001, 0xffff, 0x0001, 0x0001, 0x0000, 0x0000, 0x0000, },
    {0x0000, 0x0000, 0x0000, 0x0000, 0x0001, 0x0001, 0xffff, 0x0001, 0xffff, 0x0001, 0xffff, 0x0001, 0x0000, 0x0000, 0x0000, 0x0000, },
    {0x0000, 0x0000, 0x0000, 0x0000, 0x0000, 0x0001, 0xffff, 0x0001, 0xffff, 0x0001, 0x0001, 0x0000, 0x0000, 0x0000, 0x0000, 0x0000, },
    {0x0000, 0x0000, 0x0000, 0x0000, 0x0000, 0x0001, 0xffff, 0x0001, 0x0001, 0x0000, 0x0000, 0x0000, 0x0000, 0x0000, 0x0000, 0x0000, },
    {0x0000, 0x0000, 0x0000, 0x0000, 0x0000, 0x0001, 0xffff, 0x0001, 0x0000, 0x0000, 0x0000, 0x0000, 0x0000, 0x0000, 0x0000, 0x0000, },
    {0x0000, 0x0000, 0x0000, 0x0000, 0x0000, 0x0001, 0xffff, 0x0001, 0x0000, 0x0000, 0x0000, 0x0000, 0x0000, 0x0000, 0x0000, 0x0000, },
    {0x0000, 0x0000, 0x0000, 0x0000, 0x0000, 0x0000, 0x0001, 0x0000, 0x0000, 0x0000, 0x0000, 0x0000, 0x0000, 0x0000, 0x0000, 0x0000, },
    {0x0000, 0x0000, 0x0000, 0x0000, 0x0000, 0x0000, 0x0000, 0x0000, 0x0000, 0x0000, 0x0000, 0x0000, 0x0000, 0x0000, 0x0000, 0x0000, },
},
{
    {0x0000, 0x0000, 0x0000, 0x0000, 0x0000, 0x0000, 0x0000, 0x0000, 0x0000, 0x0000, 0x0000, 0x0000, 0x0000, 0x0000, 0x0000, 0x0000, },
    {0x0000, 0x0000, 0x0000, 0x0000, 0x0000, 0x0000, 0x0000, 0x0000, 0x0000, 0x0000, 0x0000, 0x0000, 0x0000, 0x0000, 0x0000, 0x0000, },
    {0x0000, 0x0000, 0x0000, 0x0000, 0x0000, 0x0000, 0x0000, 0x0000, 0x0000, 0x0000, 0x0000, 0x0000, 0x0000, 0x0000, 0x0000, 0x0000, },
    {0x0000, 0x0000, 0x0000, 0x0000, 0x0000, 0x0001, 0x0001, 0x0001, 0x0001, 0x0000, 0x0000, 0x0000, 0x0000, 0x0000, 0x0000, 0x0000, },
    {0x0000, 0x0000, 0x0000, 0x0000, 0x0001, 0xffff, 0xffff, 0xffff, 0xffff, 0x0001, 0x0000, 0x0000, 0x0000, 0x0000, 0x0000, 0x0000, },
    {0x0000, 0x0001, 0x0001, 0x0001, 0xffff, 0xffff, 0xffff, 0x0001, 0x0001, 0x0001, 0x0001, 0x0001, 0x0001, 0x0001, 0x0000, 0x0000, },
    {0x0000, 0x0001, 0xffff, 0xffff, 0xffff, 0xffff, 0xffff, 0xffff, 0xffff, 0xffff, 0xffff, 0xffff, 0xffff, 0xffff, 0x0001, 0x0000, },
    {0x0000, 0x0001, 0xffff, 0xffff, 0xffff, 0xffff, 0xffff, 0xffff, 0xffff, 0x0001, 0x0001, 0x0001, 0x0001, 0x0001, 0x0000, 0x0000, },
    {0x0000, 0x0001, 0xffff, 0xffff, 0xffff, 0xffff, 0xffff, 0xffff, 0xffff, 0xffff, 0xffff, 0x0001, 0x0000, 0x0000, 0x0000, 0x0000, },
    {0x0000, 0x0001, 0xffff, 0xffff, 0xffff, 0xffff, 0xffff, 0xffff, 0x0001, 0x0001, 0x0001, 0x0000, 0x0000, 0x0000, 0x0000, 0x0000, },
    {0x0000, 0x0001, 0xffff, 0xffff, 0xffff, 0xffff, 0xffff, 0xffff, 0xffff, 0xffff, 0x0001, 0x0000, 0x0000, 0x0000, 0x0000, 0x0000, },
    {0x0000, 0x0001, 0x0001, 0x0001, 0xffff, 0xffff, 0xffff, 0x0001, 0x0001, 0x0001, 0x0000, 0x0000, 0x0000, 0x0000, 0x0000, 0x0000, },
    {0x0000, 0x0000, 0x0000, 0x0000, 0x0001, 0x0001, 0x0001, 0x0001, 0x0001, 0x0000, 0x0000, 0x0000, 0x0000, 0x0000, 0x0000, 0x0000, },
    {0x0000, 0x0000, 0x0000, 0x0000, 0x0000, 0x0000, 0x0000, 0x0000, 0x0000, 0x0000, 0x0000, 0x0000, 0x0000, 0x0000, 0x0000, 0x0000, },
    {0x0000, 0x0000, 0x0000, 0x0000, 0x0000, 0x0000, 0x0000, 0x0000, 0x0000, 0x0000, 0x0000, 0x0000, 0x0000, 0x0000, 0x0000, 0x0000, },
    {0x0000, 0x0000, 0x0000, 0x0000, 0x0000, 0x0000, 0x0000, 0x0000, 0x0000, 0x0000, 0x0000, 0x0000, 0x0000, 0x0000, 0x0000, 0x0000, },
},
{
    {0x0000, 0x0000, 0x0000, 0x0000, 0x0000, 0x0000, 0x0000, 0x0000, 0x0000, 0x0000, 0x0000, 0x0000, 0x0000, 0x0000, 0x0000, 0x0000, },
    {0x0000, 0x0000, 0x0000, 0x0000, 0x0000, 0x0000, 0x0000, 0x0000, 0x0000, 0x0000, 0x0000, 0x0000, 0x0000, 0x0000, 0x0000, 0x0000, },
    {0x0000, 0x0000, 0x0000, 0x0000, 0x0000, 0x0000, 0x0000, 0x0000, 0x0000, 0x0000, 0x0000, 0x0000, 0x0000, 0x0000, 0x0000, 0x0000, },
    {0x0000, 0x0000, 0x0000, 0x0000, 0x0000, 0x0000, 0x0000, 0x0000, 0x0000, 0x0000, 0x0000, 0x0000, 0x0000, 0x0000, 0x0000, 0x0000, },
    {0x0000, 0x0000, 0x0000, 0x0000, 0x0000, 0x0000, 0x0000, 0x0001, 0x0001, 0x0001, 0x0000, 0x0000, 0x0000, 0x0000, 0x0000, 0x0000, },
    {0x0000, 0x0000, 0x0000, 0x0000, 0x0000, 0x0001, 0x0001, 0xffff, 0xffff, 0xffff, 0x0001, 0x0000, 0x0000, 0x0000, 0x0000, 0x0000, },
    {0x0000, 0x0000, 0x0000, 0x0001, 0x0001, 0xffff, 0xffff, 0xffff, 0xffff, 0xffff, 0xffff, 0x0001, 0x0000, 0x0000, 0x0000, 0x0000, },
    {0x0000, 0x0000, 0x0001, 0xffff, 0xffff, 0x0001, 0x0001, 0x0001, 0x0001, 0xffff, 0xffff, 0xffff, 0x0001, 0x0001, 0x0000, 0x0000, },
    {0x0000, 0x0001, 0xffff, 0x0001, 0x0001, 0x0000, 0x0000, 0x0000, 0x0000, 0x0001, 0xffff, 0xffff, 0xffff, 0xffff, 0x0001, 0x0000, },
    {0x0000, 0x0001, 0x0001, 0x0000, 0x0000, 0x0000, 0x0000, 0x0001, 0x0001, 0xffff, 0xffff, 0xffff, 0xffff, 0xffff, 0x0001, 0x0000, },
    {0x0000, 0x0000, 0x0000, 0x0000, 0x0000, 0x0000, 0x0001, 0xffff, 0xffff, 0xffff, 0xffff, 0x0001, 0xffff, 0xffff, 0x0001, 0x0000, },
    {0x0000, 0x0000, 0x0000, 0x0000, 0x0000, 0x0000, 0x0001, 0x0001, 0x0001, 0x0001, 0x0001, 0x0000, 0x0001, 0x0001, 0x0000, 0x0000, },
    {0x0000, 0x0000, 0x0000, 0x0000, 0x0000, 0x0000, 0x0000, 0x0000, 0x0000, 0x0000, 0x0000, 0x0000, 0x0000, 0x0000, 0x0000, 0x0000, },
    {0x0000, 0x0000, 0x0000, 0x0000, 0x0000, 0x0000, 0x0000, 0x0000, 0x0000, 0x0000, 0x0000, 0x0000, 0x0000, 0x0000, 0x0000, 0x0000, },
    {0x0000, 0x0000, 0x0000, 0x0000, 0x0000, 0x0000, 0x0000, 0x0000, 0x0000, 0x0000, 0x0000, 0x0000, 0x0000, 0x0000, 0x0000, 0x0000, },
    {0x0000, 0x0000, 0x0000, 0x0000, 0x0000, 0x0000, 0x0000, 0x0000, 0x0000, 0x0000, 0x0000, 0x0000, 0x0000, 0x0000, 0x0000, 0x0000, },
},
{
    {0x0000, 0x0000, 0x0000, 0x0000, 0x0000, 0x0000, 0x0000, 0x0000, 0x0000, 0x0000, 0x0000, 0x0000, 0x0000, 0x0000, 0x0000, 0x0000, },
    {0x0000, 0x0000, 0x0000, 0x0000, 0x0000, 0x0000, 0x0000, 0x0000, 0x0000, 0x0000, 0x0000, 0x0000, 0x0000, 0x0000, 0x0000, 0x0000, },
    {0x0000, 0x0000, 0x0000, 0x0000, 0x0000, 0x0000, 0x0000, 0x0000, 0x0000, 0x0000, 0x0000, 0x0000, 0x0000, 0x0000, 0x0000, 0x0000, },
    {0x0000, 0x0000, 0x0000, 0x0000, 0x0000, 0x0000, 0x0000, 0x0000, 0x0000, 0x0000, 0x0000, 0x0000, 0x0000, 0x0000, 0x0000, 0x0000, },
    {0x0000, 0x0000, 0x0000, 0x0000, 0x0000, 0x0000, 0x0000, 0x0000, 0x0000, 0x0000, 0x0000, 0x0000, 0x0000, 0x0000, 0x0000, 0x0000, },
    {0x0000, 0x0000, 0x0000, 0x0000, 0x0000, 0x0000, 0x0000, 0x0000, 0x0000, 0x0000, 0x0000, 0x0000, 0x0000, 0x0000, 0x0000, 0x0000, },
    {0x0000, 0x0000, 0x0000, 0x0000, 0x0000, 0x0000, 0x0000, 0x0000, 0x0000, 0x0000, 0x0000, 0x0000, 0x0000, 0x0000, 0x0000, 0x0000, },
    {0x0000, 0x0000, 0x0000, 0x0000, 0x0000, 0x0000, 0x0000, 0x0000, 0x0000, 0x0000, 0x0000, 0x0000, 0x0000, 0x0000, 0x0000, 0x0000, },
    {0x0000, 0x0000, 0x0000, 0x0000, 0x0000, 0x0000, 0x0000, 0x0000, 0x0000, 0x0000, 0x0000, 0x0000, 0x0000, 0x0000, 0x0000, 0x0000, },
    {0x0000, 0x0000, 0x0000, 0x0000, 0x0000, 0x0000, 0x0000, 0x0000, 0x0000, 0x0000, 0x0000, 0x0000, 0x0000, 0x0000, 0x0000, 0x0000, },
    {0x0000, 0x0000, 0x0001, 0x0001, 0x0000, 0x0001, 0x0001, 0x0001, 0x0001, 0x0000, 0x0000, 0x0000, 0x0000, 0x0000, 0x0000, 0x0000, },
    {0x0000, 0x0001, 0xffff, 0xffff, 0x0001, 0xffff, 0xffff, 0xffff, 0xffff, 0x0001, 0x0000, 0x0000, 0x0000, 0x0001, 0x0001, 0x0000, },
    {0x0000, 0x0001, 0xffff, 0xffff, 0xffff, 0xffff, 0xffff, 0x0001, 0x0001, 0x0000, 0x0000, 0x0001, 0x0001, 0xffff, 0x0001, 0x0000, },
    {0x0000, 0x0000, 0x0001, 0x0001, 0xffff, 0xffff, 0x0001, 0x0001, 0x0001, 0x0001, 0x0001, 0xffff, 0xffff, 0x0001, 0x0000, 0x0000, },
    {0x0000, 0x0000, 0x0000, 0x0000, 0x0001, 0xffff, 0xffff, 0xffff, 0xffff, 0xffff, 0xffff, 0x0001, 0x0001, 0x0000, 0x0000, 0x0000, },
    {0x0000, 0x0000, 0x0000, 0x0000, 0x0000, 0x0001, 0x0001, 0x0001, 0x0001, 0x0001, 0x0001, 0x0000, 0x0000, 0x0000, 0x0000, 0x0000, },
},
};


const uint16_t foods[11][16][16] PROGMEM = {
{
    {0x0000, 0x0000, 0x0000, 0x0000, 0x0000, 0x0000, 0x0000, 0x0000, 0x0000, 0x0000, 0x0000, 0x0000, 0x0000, 0x0000, 0x0000, 0x0000, },
    {0x0000, 0x0000, 0x0000, 0x0000, 0x0000, 0x0000, 0x0000, 0x0000, 0x0000, 0x0000, 0x0000, 0x0000, 0x0000, 0x0000, 0x0000, 0x0000, },
    {0x0000, 0x0000, 0x0000, 0x0000, 0x0000, 0x0000, 0x0001, 0x0001, 0x0001, 0x0001, 0x0000, 0x0000, 0x0000, 0x0000, 0x0000, 0x0000, },
    {0x0000, 0x0000, 0x0000, 0x0000, 0x0000, 0x0001, 0xffff, 0xffff, 0xffff, 0xffff, 0x0001, 0x0000, 0x0000, 0x0000, 0x0000, 0x0000, },
    {0x0000, 0x0000, 0x0000, 0x0000, 0x0001, 0xffff, 0xffff, 0xffff, 0xffff, 0xffff, 0xffff, 0x0001, 0x0000, 0x0000, 0x0000, 0x0000, },
    {0x0000, 0x0000, 0x0000, 0x0000, 0x0001, 0xffff, 0xffff, 0xffff, 0xffff, 0xffff, 0xffff, 0x0001, 0x0000, 0x0000, 0x0000, 0x0000, },
    {0x0000, 0x0000, 0x0000, 0x0001, 0xffff, 0xffff, 0xffff, 0xffff, 0xffff, 0xffff, 0xffff, 0xffff, 0x0001, 0x0000, 0x0000, 0x0000, },
    {0x0000, 0x0000, 0x0000, 0x0001, 0xffff, 0xffff, 0xffff, 0xffff, 0xffff, 0xffff, 0xffff, 0xffff, 0x0001, 0x0000, 0x0000, 0x0000, },
    {0x0000, 0x0000, 0x0001, 0xffff, 0xffff, 0x0001, 0x0001, 0x0001, 0x0001, 0x0001, 0x0001, 0xffff, 0xffff, 0x0001, 0x0000, 0x0000, },
    {0x0000, 0x0000, 0x0001, 0xffff, 0xffff, 0x0001, 0x0001, 0x0001, 0x0001, 0x0001, 0x0001, 0xffff, 0xffff, 0x0001, 0x0000, 0x0000, },
    {0x0000, 0x0000, 0x0001, 0xffff, 0xffff, 0x0001, 0x0001, 0x0001, 0x0001, 0x0001, 0x0001, 0xffff, 0xffff, 0x0001, 0x0000, 0x0000, },
    {0x0000, 0x0000, 0x0001, 0xffff, 0xffff, 0x0001, 0x0001, 0x0001, 0x0001, 0x0001, 0x0001, 0xffff, 0xffff, 0x0001, 0x0000, 0x0000, },
    {0x0000, 0x0000, 0x0000, 0x0001, 0xffff, 0x0001, 0x0001, 0x0001, 0x0001, 0x0001, 0x0001, 0xffff, 0x0001, 0x0000, 0x0000, 0x0000, },
    {0x0000, 0x0000, 0x0000, 0x0000, 0x0001, 0x0001, 0x0001, 0x0001, 0x0001, 0x0001, 0x0001, 0x0001, 0x0000, 0x0000, 0x0000, 0x0000, },
    {0x0000, 0x0000, 0x0000, 0x0000, 0x0000, 0x0000, 0x0000, 0x0000, 0x0000, 0x0000, 0x0000, 0x0000, 0x0000, 0x0000, 0x0000, 0x0000, },
    {0x0000, 0x0000, 0x0000, 0x0000, 0x0000, 0x0000, 0x0000, 0x0000, 0x0000, 0x0000, 0x0000, 0x0000, 0x0000, 0x0000, 0x0000, 0x0000, },
},
{
    {0x0000, 0x0000, 0x0000, 0x0000, 0x0000, 0x0000, 0x0000, 0x0000, 0x0000, 0x0000, 0x0000, 0x0000, 0x0000, 0x0000, 0x0000, 0x0000, },
    {0x0000, 0x0000, 0x0000, 0x0000, 0x0000, 0x0000, 0x0000, 0x0000, 0x0000, 0x0000, 0x0000, 0x0000, 0x0000, 0x0000, 0x0000, 0x0000, },
    {0x0000, 0x0000, 0x0000, 0x0000, 0x0000, 0x0000, 0x0000, 0x0000, 0x0000, 0x0000, 0x0000, 0x0000, 0x0000, 0x0000, 0x0000, 0x0000, },
    {0x0000, 0x0000, 0x0000, 0x0000, 0x0000, 0x0000, 0x0000, 0x0000, 0x0000, 0x0000, 0x0000, 0x0000, 0x0000, 0x0000, 0x0000, 0x0000, },
    {0x0000, 0x0000, 0x0000, 0x0000, 0x0000, 0x0000, 0x0000, 0x0000, 0x0000, 0x0000, 0x0000, 0x0000, 0x0000, 0x0000, 0x0000, 0x0000, },
    {0x0000, 0x0000, 0x0000, 0x0000, 0x0000, 0x0001, 0x0001, 0x0001, 0x0001, 0x0001, 0x0001, 0x0000, 0x0000, 0x0000, 0x0000, 0x0000, },
    {0x0000, 0x0000, 0x0000, 0x0000, 0x0001, 0xddee, 0xddee, 0xddee, 0xddee, 0xf800, 0xddee, 0x0001, 0x0000, 0x0000, 0x0000, 0x0000, },
    {0x0000, 0x0000, 0x0000, 0x0001, 0xddee, 0xddee, 0xf800, 0xabac, 0xddee, 0xddee, 0xddee, 0xddee, 0x0001, 0x0000, 0x0000, 0x0000, },
    {0x0000, 0x0000, 0x0000, 0x0001, 0x4f4c, 0xddee, 0xddee, 0xddee, 0xffe0, 0xddee, 0xabac, 0xffe0, 0x0001, 0x0000, 0x0000, 0x0000, },
    {0x0000, 0x0001, 0x0001, 0x0001, 0x0001, 0x0001, 0x0001, 0x0001, 0x0001, 0x0001, 0x0001, 0x0001, 0x0001, 0x0001, 0x0001, 0x0000, },
    {0x0000, 0x0000, 0x0001, 0xffff, 0xffff, 0xffff, 0xffff, 0xffff, 0xffff, 0xffff, 0xffff, 0xbdf7, 0xbdf7, 0x0001, 0x0000, 0x0000, },
    {0x0000, 0x0000, 0x0000, 0x0001, 0xffff, 0xffff, 0xffff, 0xffff, 0xffff, 0xffff, 0xbdf7, 0xbdf7, 0x0001, 0x0000, 0x0000, 0x0000, },
    {0x0000, 0x0000, 0x0000, 0x0000, 0x0001, 0xffff, 0xffff, 0xffff, 0xffff, 0xbdf7, 0xbdf7, 0x0001, 0x0000, 0x0000, 0x0000, 0x0000, },
    {0x0000, 0x0000, 0x0000, 0x0000, 0x0000, 0x0001, 0x0001, 0x0001, 0x0001, 0x0001, 0x0001, 0x0000, 0x0000, 0x0000, 0x0000, 0x0000, },
    {0x0000, 0x0000, 0x0000, 0x0000, 0x0000, 0x0000, 0x0000, 0x0000, 0x0000, 0x0000, 0x0000, 0x0000, 0x0000, 0x0000, 0x0000, 0x0000, },
    {0x0000, 0x0000, 0x0000, 0x0000, 0x0000, 0x0000, 0x0000, 0x0000, 0x0000, 0x0000, 0x0000, 0x0000, 0x0000, 0x0000, 0x0000, 0x0000, },
},
{
    {0x0000, 0x0000, 0x0000, 0x0000, 0x0000, 0x0000, 0x0000, 0x0000, 0x0000, 0x0000, 0x0000, 0x0000, 0x0000, 0x0000, 0x0000, 0x0000, },
    {0x0000, 0x0000, 0x0000, 0x0000, 0x0000, 0x0000, 0x0000, 0x0000, 0x0000, 0x0000, 0x0000, 0x0000, 0x0000, 0x0000, 0x0000, 0x0000, },
    {0x0000, 0x0000, 0x0000, 0x0000, 0x0000, 0x0000, 0x0000, 0x0000, 0x0000, 0x0000, 0x0000, 0x0000, 0x0000, 0x0000, 0x0000, 0x0000, },
    {0x0000, 0x0000, 0x0000, 0x0000, 0x0000, 0x0000, 0x0000, 0x0000, 0x0000, 0x0000, 0x0000, 0x0000, 0x0000, 0x0000, 0x0000, 0x0000, },
    {0x0000, 0x0000, 0x0000, 0x0000, 0x0000, 0x0000, 0x0000, 0x0000, 0x0000, 0x0000, 0x0000, 0x0000, 0x0000, 0x0000, 0x0000, 0x0000, },
    {0x0000, 0x0000, 0x0000, 0x0000, 0x0001, 0x0001, 0x0001, 0x0001, 0x0001, 0x0001, 0x0001, 0x0001, 0x0000, 0x0000, 0x0000, 0x0000, },
    {0x0000, 0x0000, 0x0001, 0x0001, 0x7940, 0x7940, 0xfde0, 0xffff, 0xffff, 0xffff, 0xbdf7, 0xffff, 0x0001, 0x0001, 0x0000, 0x0000, },
    {0x0000, 0x0001, 0xffff, 0x7940, 0x7940, 0x7940, 0x7940, 0x7940, 0xbdf7, 0xbdf7, 0xffff, 0xbdf7, 0xffff, 0xffff, 0x0001, 0x0000, },
    {0x0000, 0x0001, 0xffff, 0x7940, 0x7940, 0xfee0, 0x7940, 0x7940, 0x7940, 0xffff, 0xffff, 0xffff, 0xbdf7, 0xffff, 0x0001, 0x0000, },
    {0x0000, 0x0001, 0xffff, 0x7940, 0x7940, 0x7940, 0x7940, 0x7940, 0x7940, 0xbdf7, 0xffff, 0xbdf7, 0xffff, 0xffff, 0x0001, 0x0000, },
    {0x0000, 0x0001, 0xffff, 0x7940, 0x7940, 0x7940, 0xfaa0, 0x7940, 0xfee0, 0x7940, 0xbdf7, 0xffff, 0xbdf7, 0xffff, 0x0001, 0x0000, },
    {0x0000, 0x0001, 0xffff, 0xffff, 0x7940, 0x7940, 0x7940, 0x7940, 0x7940, 0x7940, 0xffff, 0xffff, 0xffff, 0xffff, 0x0001, 0x0000, },
    {0x0000, 0x0000, 0x0001, 0x0001, 0xffff, 0xffff, 0xffff, 0xffff, 0xffff, 0xffff, 0xffff, 0xffff, 0x0001, 0x0001, 0x0000, 0x0000, },
    {0x0000, 0x0000, 0x0000, 0x0000, 0x0001, 0x0001, 0x0001, 0x0001, 0x0001, 0x0001, 0x0001, 0x0001, 0x0000, 0x0000, 0x0000, 0x0000, },
    {0x0000, 0x0000, 0x0000, 0x0000, 0x0000, 0x0000, 0x0000, 0x0000, 0x0000, 0x0000, 0x0000, 0x0000, 0x0000, 0x0000, 0x0000, 0x0000, },
    {0x0000, 0x0000, 0x0000, 0x0000, 0x0000, 0x0000, 0x0000, 0x0000, 0x0000, 0x0000, 0x0000, 0x0000, 0x0000, 0x0000, 0x0000, 0x0000, },
},
{
    {0x0000, 0x0000, 0x0000, 0x0000, 0x0000, 0x0000, 0x0000, 0x0000, 0x0000, 0x0000, 0x0000, 0x0000, 0x0000, 0x0000, 0x0000, 0x0000, },
    {0x0000, 0x0000, 0x0000, 0x0000, 0x0000, 0x0000, 0x0000, 0x0000, 0x0000, 0x0000, 0x0000, 0x0000, 0x0000, 0x0000, 0x0000, 0x0000, },
    {0x0000, 0x0000, 0x0000, 0x0000, 0x0000, 0x0000, 0x0000, 0x0000, 0x0000, 0x0000, 0x0000, 0x0000, 0x0000, 0x0000, 0x0000, 0x0000, },
    {0x0000, 0x0000, 0x0000, 0x0000, 0x0000, 0x0000, 0x0000, 0x0000, 0x0000, 0x0000, 0xff99, 0xff99, 0xff99, 0x0000, 0x0000, 0x0000, },
    {0x0000, 0x0000, 0x0000, 0x0000, 0x0000, 0x0000, 0x0000, 0x0000, 0x0000, 0xfa08, 0xf6d1, 0xff99, 0xff99, 0x0000, 0x0000, 0x0000, },
    {0x0000, 0x0000, 0x0000, 0x0000, 0x0000, 0x0000, 0x0000, 0x0000, 0xfa08, 0xfa08, 0x04c0, 0xf6d1, 0xff99, 0xff99, 0x0000, 0x0000, },
    {0x0000, 0x0000, 0x0000, 0x0000, 0x0000, 0x0000, 0x0000, 0xff11, 0xfe88, 0xff11, 0xff11, 0xf6d1, 0xff99, 0xff99, 0xff99, 0x0000, },
    {0x0000, 0x0000, 0x0000, 0x0000, 0x0000, 0x0000, 0xff11, 0xfe88, 0xfe88, 0xfe88, 0xff11, 0xff11, 0xf6d1, 0xff99, 0xff99, 0x0000, },
    {0x0000, 0x0000, 0x0000, 0x0000, 0x0000, 0xfa08, 0xff11, 0x04c0, 0xfe88, 0xfe88, 0xff11, 0xff11, 0xff11, 0xf6d1, 0xff99, 0x0000, },
    {0x0000, 0x0000, 0x0000, 0x0000, 0xfa08, 0xfa08, 0xff11, 0xff11, 0xfe88, 0xff11, 0xfa08, 0xfa08, 0xff11, 0xf6d1, 0xff99, 0x0000, },
    {0x0000, 0x0000, 0x0000, 0xff11, 0xff11, 0xff11, 0xff11, 0xff11, 0xff11, 0xff11, 0xfa08, 0xfa08, 0xfe88, 0xf6d1, 0xff99, 0xff99, },
    {0x0000, 0x0000, 0xfe88, 0xff11, 0xff11, 0x04c0, 0xfe88, 0xfe88, 0xff11, 0xff11, 0x04c0, 0xfe88, 0xfe88, 0xfe88, 0xf6d1, 0xff99, },
    {0x0000, 0xfe88, 0xff11, 0xff11, 0xfa08, 0xfe88, 0xfe88, 0xfe88, 0xff11, 0xff11, 0xff11, 0xfe88, 0xfe88, 0xff11, 0xf6d1, 0xf6d1, },
    {0x0000, 0xf6d1, 0xf6d1, 0xfa08, 0xfa08, 0xf6d1, 0xf6d1, 0xf6d1, 0xf6d1, 0xf6d1, 0xf6d1, 0xf6d1, 0xf6d1, 0xf6d1, 0xf6d1, 0xf6d1, },
    {0x0000, 0x0000, 0x0000, 0x0000, 0x0000, 0x0000, 0x0000, 0x0000, 0x0000, 0x0000, 0x0000, 0x0000, 0x0000, 0x0000, 0x0000, 0x0000, },
    {0x0000, 0x0000, 0x0000, 0x0000, 0x0000, 0x0000, 0x0000, 0x0000, 0x0000, 0x0000, 0x0000, 0x0000, 0x0000, 0x0000, 0x0000, 0x0000, },
},
{
    {0x0000, 0x0000, 0x0000, 0x0000, 0x0000, 0x0000, 0x0000, 0x0000, 0x0000, 0x0000, 0x0000, 0x0000, 0x0000, 0x0000, 0x0000, 0x0000, },
    {0x0000, 0x0000, 0x0000, 0x0000, 0x0000, 0x0000, 0x0000, 0x0000, 0x0000, 0x0000, 0x0000, 0x0000, 0x0000, 0x0000, 0x0000, 0x0000, },
    {0x0000, 0x0000, 0x0000, 0x0000, 0x001f, 0x001f, 0x001f, 0x001f, 0x001f, 0x001f, 0x001f, 0x001f, 0x0000, 0x0000, 0x0000, 0x0000, },
    {0x0000, 0x0000, 0x001f, 0x001f, 0xbbcb, 0xffdc, 0xffdc, 0xffff, 0xffdc, 0xffdc, 0xffff, 0xbbcb, 0x001f, 0x001f, 0x0000, 0x0000, },
    {0x0000, 0x001f, 0xbbcb, 0xffdc, 0xffff, 0xffff, 0xff54, 0x0580, 0xff54, 0xffdc, 0xff54, 0xff54, 0xffdc, 0xbbcb, 0x001f, 0x0000, },
    {0x0000, 0x001f, 0xffdc, 0xffff, 0xffdc, 0xffdc, 0x0580, 0xffff, 0x0580, 0x0440, 0xffdc, 0xffdc, 0xffff, 0xffdc, 0x001f, 0x0000, },
    {0x0000, 0x001f, 0xffff, 0xff54, 0xffff, 0xffdc, 0xffdc, 0x0440, 0x0260, 0xffdc, 0xff54, 0xffff, 0xffdc, 0xff54, 0x001f, 0x0000, },
    {0x0000, 0x001f, 0xffff, 0xff54, 0xffff, 0xffdc, 0xffff, 0xffff, 0xffda, 0xffff, 0xffdc, 0xffdc, 0xffdc, 0xff54, 0x001f, 0x0000, },
    {0x0000, 0x001f, 0xbbcb, 0xffff, 0xffff, 0xff54, 0xff54, 0xffdc, 0xffdc, 0xff54, 0xff54, 0xffff, 0xffff, 0xbbcb, 0x001f, 0x0000, },
    {0x0000, 0x0000, 0x001f, 0x001f, 0xbbcb, 0xffff, 0xff54, 0xff54, 0xffff, 0xffff, 0xffff, 0xbbcb, 0x001f, 0x001f, 0x0000, 0x0000, },
    {0x0000, 0x0000, 0xffff, 0xffff, 0x001f, 0x001f, 0x001f, 0x001f, 0x001f, 0x001f, 0x001f, 0x001f, 0xffff, 0xffff, 0x0000, 0x0000, },
    {0x0000, 0x0000, 0xd6ba, 0xffff, 0xffff, 0xffff, 0xffff, 0xffff, 0xffff, 0xffff, 0xffff, 0xffff, 0xffff, 0xd6ba, 0x0000, 0x0000, },
    {0x0000, 0x0000, 0x0000, 0xd6ba, 0xd6ba, 0xffff, 0xffff, 0xffff, 0xffff, 0xffff, 0xffff, 0xd6ba, 0xd6ba, 0x0000, 0x0000, 0x0000, },
    {0x0000, 0x0000, 0x0000, 0x0000, 0x0000, 0x0000, 0xb5b6, 0xb5b6, 0xb5b6, 0xb5b6, 0x0000, 0x0000, 0x0000, 0x0000, 0x0000, 0x0000, },
    {0x0000, 0x0000, 0x0000, 0x0000, 0x0000, 0x0000, 0x0000, 0x0000, 0x0000, 0x0000, 0x0000, 0x0000, 0x0000, 0x0000, 0x0000, 0x0000, },
    {0x0000, 0x0000, 0x0000, 0x0000, 0x0000, 0x0000, 0x0000, 0x0000, 0x0000, 0x0000, 0x0000, 0x0000, 0x0000, 0x0000, 0x0000, 0x0000, },
},
{
    {0x0000, 0x0000, 0x0000, 0x0000, 0x0000, 0x0000, 0x0000, 0x0000, 0x0000, 0x0000, 0x0000, 0x0000, 0x0000, 0x0000, 0x0000, 0x0000, },
    {0x0000, 0x0000, 0x0000, 0x0000, 0x0000, 0x0000, 0x0000, 0x0000, 0x0000, 0x0000, 0x0260, 0x0260, 0x0200, 0x0000, 0x0000, 0x0000, },
    {0x0000, 0x0000, 0x0000, 0x0000, 0xf800, 0xf800, 0xf800, 0xf800, 0xf800, 0x0200, 0x0200, 0x0260, 0x0100, 0x0000, 0x0000, 0x0000, },
    {0x0000, 0x0000, 0xf800, 0xf800, 0xffff, 0xffff, 0xffff, 0xffdc, 0xfe87, 0x0200, 0x0200, 0x0200, 0x0100, 0xf800, 0x0000, 0x0000, },
    {0x0000, 0xf800, 0xff54, 0xffff, 0xffff, 0xff86, 0xff86, 0xffff, 0xfecb, 0xffdc, 0xfecb, 0x0100, 0x0100, 0xffdc, 0xf800, 0x0000, },
    {0x0000, 0xf800, 0xffdc, 0xfecb, 0xffff, 0xffff, 0xffff, 0xfe87, 0xffdc, 0xfe86, 0xffdc, 0xffdc, 0xfecb, 0xfe86, 0xf800, 0x0000, },
    {0x0000, 0xf800, 0xff54, 0xff54, 0xfecb, 0xffdc, 0xffdc, 0xfe86, 0xfe87, 0xffdc, 0xfe94, 0xfe94, 0xfe10, 0xfe86, 0xf800, 0x0000, },
    {0x0000, 0xf800, 0x0260, 0x0580, 0xfecb, 0xffdc, 0xfecb, 0xfecb, 0xffda, 0xf4ee, 0xfe10, 0xfe10, 0xfe10, 0xf4ee, 0xf800, 0x0000, },
    {0x0000, 0xf800, 0x0580, 0x0440, 0x0260, 0xfecb, 0xff54, 0xffdc, 0xffdc, 0xfecb, 0xf4ee, 0xf4ee, 0xf4ee, 0xff54, 0xf800, 0x0000, },
    {0x0000, 0x0000, 0xf800, 0xf800, 0x0580, 0x0440, 0xff54, 0xfe86, 0xfe86, 0xff54, 0xfe86, 0xff54, 0xf800, 0xf800, 0x0000, 0x0000, },
    {0x0000, 0x0000, 0xffff, 0xffff, 0xf800, 0xf800, 0xf800, 0xf800, 0xf800, 0xf800, 0xf800, 0xf800, 0xffff, 0xffff, 0x0000, 0x0000, },
    {0x0000, 0x0000, 0xd6ba, 0xffff, 0xffff, 0xffff, 0xffff, 0xffff, 0xffff, 0xffff, 0xffff, 0xffff, 0xffff, 0xd6ba, 0x0000, 0x0000, },
    {0x0000, 0x0000, 0x0000, 0xd6ba, 0xd6ba, 0xffff, 0xffff, 0xffff, 0xffff, 0xffff, 0xffff, 0xd6ba, 0xd6ba, 0x0000, 0x0000, 0x0000, },
    {0x0000, 0x0000, 0x0000, 0x0000, 0x0000, 0x0000, 0xb5b6, 0xb5b6, 0xb5b6, 0xb5b6, 0x0000, 0x0000, 0x0000, 0x0000, 0x0000, 0x0000, },
    {0x0000, 0x0000, 0x0000, 0x0000, 0x0000, 0x0000, 0x0000, 0x0000, 0x0000, 0x0000, 0x0000, 0x0000, 0x0000, 0x0000, 0x0000, 0x0000, },
    {0x0000, 0x0000, 0x0000, 0x0000, 0x0000, 0x0000, 0x0000, 0x0000, 0x0000, 0x0000, 0x0000, 0x0000, 0x0000, 0x0000, 0x0000, 0x0000, },
},
{
    {0x0000, 0x0000, 0x0000, 0x0000, 0x0000, 0x0000, 0x0000, 0x0000, 0x0000, 0x0000, 0x0000, 0x0000, 0x0000, 0x0000, 0x0000, 0x0000, },
    {0x0000, 0x0000, 0x0000, 0x0000, 0x0000, 0x0000, 0x0000, 0x0000, 0x0000, 0x0000, 0x0000, 0x0000, 0x0000, 0x0000, 0x0000, 0x0000, },
    {0x0000, 0x0000, 0x0000, 0x0000, 0x0000, 0x0000, 0x0000, 0x0000, 0x0000, 0x0000, 0x0000, 0x0000, 0x0000, 0x0000, 0x0000, 0x0000, },
    {0x0000, 0x0000, 0x0000, 0x0000, 0x0000, 0x0000, 0x0000, 0x0000, 0x0000, 0x0000, 0x0000, 0x0000, 0x0000, 0x0000, 0x0000, 0x0000, },
    {0x0000, 0x0000, 0x0000, 0x0000, 0x0000, 0x0000, 0x0000, 0x0000, 0x0000, 0x0000, 0x0000, 0x0000, 0x0000, 0x0000, 0x0000, 0x0000, },
    {0x0000, 0x0000, 0x0000, 0x92c3, 0x92c3, 0x92c3, 0x92c3, 0x0000, 0x0000, 0x92c3, 0x92c3, 0x92c3, 0x92c3, 0x0000, 0x0000, 0x0000, },
    {0x0000, 0x0000, 0x92c3, 0x92c3, 0x92c3, 0x92c3, 0x92c3, 0x92c3, 0x92c3, 0x92c3, 0x92c3, 0x92c3, 0x92c3, 0x92c3, 0x0000, 0x0000, },
    {0xffff, 0x0000, 0x92c3, 0x92c3, 0x92c3, 0x92c3, 0x92c3, 0x92c3, 0x92c3, 0x92c3, 0x92c3, 0x92c3, 0x92c3, 0x92c3, 0x0000, 0xffff, },
    {0xffff, 0xffff, 0x92c3, 0x92c3, 0x92c3, 0x92c3, 0x92c3, 0x92c3, 0x92c3, 0x92c3, 0x92c3, 0x92c3, 0x92c3, 0x92c3, 0xffff, 0xffff, },
    {0x0000, 0xe71c, 0x92c3, 0x92c3, 0x92c3, 0x92c3, 0x92c3, 0x92c3, 0x92c3, 0x92c3, 0x92c3, 0x92c3, 0x92c3, 0x92c3, 0xe71c, 0x0000, },
    {0xbdd7, 0xbdd7, 0x92c3, 0x92c3, 0x92c3, 0x92c3, 0x92c3, 0x92c3, 0x92c3, 0x92c3, 0x92c3, 0x92c3, 0x92c3, 0x92c3, 0xbdd7, 0xbdd7, },
    {0xbdd7, 0x0000, 0x71c0, 0x92c3, 0x92c3, 0x92c3, 0x92c3, 0x71c0, 0x71c0, 0x92c3, 0x92c3, 0x92c3, 0x92c3, 0x71c0, 0x0000, 0xbdd7, },
    {0x0000, 0x0000, 0x71c0, 0x71c0, 0x71c0, 0x71c0, 0x71c0, 0x71c0, 0x71c0, 0x71c0, 0x71c0, 0x71c0, 0x71c0, 0x71c0, 0x0000, 0x0000, },
    {0x0000, 0x0000, 0x0000, 0x71c0, 0x71c0, 0x71c0, 0x71c0, 0x0000, 0x0000, 0x71c0, 0x71c0, 0x71c0, 0x71c0, 0x0000, 0x0000, 0x0000, },
    {0x0000, 0x0000, 0x0000, 0x0000, 0x0000, 0x0000, 0x0000, 0x0000, 0x0000, 0x0000, 0x0000, 0x0000, 0x0000, 0x0000, 0x0000, 0x0000, },
    {0x0000, 0x0000, 0x0000, 0x0000, 0x0000, 0x0000, 0x0000, 0x0000, 0x0000, 0x0000, 0x0000, 0x0000, 0x0000, 0x0000, 0x0000, 0x0000, },
},
{
    {0x0000, 0x0000, 0x0000, 0x0000, 0x0000, 0x0000, 0x0000, 0x0000, 0x0000, 0x0000, 0x0000, 0x0000, 0x0000, 0x0000, 0x0000, 0x0000, },
    {0x0000, 0x0000, 0x0000, 0x0000, 0x0000, 0x0000, 0x0000, 0x0000, 0x0000, 0x0000, 0x0000, 0x0000, 0x0000, 0x0000, 0x0000, 0x0000, },
    {0x0000, 0x0000, 0x0000, 0x0000, 0x0000, 0x0000, 0x0000, 0x0000, 0x0000, 0x0000, 0x0000, 0x0000, 0x0000, 0x0000, 0x0000, 0x0000, },
    {0x0000, 0x0000, 0x0000, 0x0000, 0x0000, 0x0000, 0x0000, 0x0000, 0x0000, 0x0000, 0x0000, 0x0000, 0x0000, 0x0000, 0x0000, 0x0000, },
    {0x0000, 0x0000, 0x0000, 0x0000, 0x0000, 0x0000, 0x0000, 0x0000, 0x0000, 0x0000, 0x0000, 0x0000, 0x0000, 0x0000, 0x0000, 0x0000, },
    {0x0000, 0x0000, 0x0000, 0x0000, 0x0000, 0xfaa0, 0xfaa0, 0xfaa0, 0x2b20, 0xfdea, 0xf9e0, 0x0000, 0x0000, 0x0000, 0x0000, 0x0000, },
    {0x0000, 0x0000, 0x0000, 0x0000, 0xfdea, 0x2b20, 0xfc6a, 0xfc6a, 0xf9e0, 0xfc6a, 0x2b20, 0xfdea, 0x0000, 0x0000, 0x0000, 0x0000, },
    {0x0000, 0x0000, 0x0001, 0xfdea, 0xf9e0, 0xfc6a, 0xfba5, 0xf9e0, 0xfdea, 0xfdea, 0xfc6a, 0xfaa0, 0xfdea, 0x0001, 0x0000, 0x0000, },
    {0x0000, 0x0001, 0xffff, 0xfdea, 0xfaa0, 0xfdea, 0xf9e0, 0x2b20, 0xfc6a, 0xfc6a, 0xfdea, 0xfaa0, 0xf9e0, 0xffff, 0x0001, 0x0000, },
    {0x0000, 0x0001, 0xffff, 0xfdea, 0xfaa0, 0xfba5, 0xfba5, 0xfaa0, 0xfaa0, 0xfdea, 0xfdea, 0xfc6a, 0xfdea, 0xffff, 0x0001, 0x0000, },
    {0x0000, 0x0001, 0xffff, 0xfaa0, 0xfdea, 0xfc6a, 0xfaa0, 0xfba5, 0xf9e0, 0xf9e0, 0xfc6a, 0xfdea, 0xfc6a, 0xffff, 0x0001, 0x0000, },
    {0x0000, 0x0001, 0xffff, 0xffff, 0xfaa0, 0xfba5, 0xfdea, 0xfdea, 0xf9e0, 0xfc6a, 0xfaa0, 0xfaa0, 0xffff, 0xffff, 0x0001, 0x0000, },
    {0x0000, 0x0000, 0x0001, 0x0001, 0xffff, 0xffff, 0xffff, 0xffff, 0xffff, 0xffff, 0xffff, 0xffff, 0x0001, 0x0001, 0x0000, 0x0000, },
    {0x0000, 0x0000, 0x0000, 0x0000, 0x0001, 0x0001, 0x0001, 0x0001, 0x0001, 0x0001, 0x0001, 0x0001, 0x0000, 0x0000, 0x0000, 0x0000, },
    {0x0000, 0x0000, 0x0000, 0x0000, 0x0000, 0x0000, 0x0000, 0x0000, 0x0000, 0x0000, 0x0000, 0x0000, 0x0000, 0x0000, 0x0000, 0x0000, },
    {0x0000, 0x0000, 0x0000, 0x0000, 0x0000, 0x0000, 0x0000, 0x0000, 0x0000, 0x0000, 0x0000, 0x0000, 0x0000, 0x0000, 0x0000, 0x0000, },
},
{
    {0x0000, 0x0000, 0x0000, 0x0000, 0x0000, 0x0000, 0x0000, 0x0000, 0x0000, 0x0000, 0x0000, 0x0000, 0x0000, 0x0000, 0x0000, 0x0000, },
    {0x0000, 0x0000, 0x0000, 0x0000, 0x0000, 0x0000, 0x0000, 0x0000, 0x0000, 0x0000, 0x0000, 0x0000, 0x0000, 0x0000, 0x0000, 0x0000, },
    {0x0000, 0x0000, 0x0000, 0x0000, 0x0000, 0x0000, 0x0000, 0x0000, 0x0000, 0x0000, 0x0000, 0x0000, 0x0000, 0x0000, 0x0000, 0x0000, },
    {0x0000, 0x0000, 0x0000, 0x0000, 0x0000, 0x0000, 0x0000, 0x0000, 0x0000, 0x0000, 0x0000, 0x0000, 0x0000, 0x0000, 0x0000, 0x0000, },
    {0x0000, 0x0000, 0x0000, 0x0000, 0x0000, 0x0000, 0x0000, 0x0000, 0x0000, 0xedcd, 0xedcd, 0x0000, 0x0000, 0x0000, 0x0000, 0x0000, },
    {0x0000, 0x0000, 0x0000, 0x0000, 0x0000, 0x0000, 0x0000, 0xedcd, 0xedcd, 0xffbd, 0xfaaa, 0xedcd, 0x0000, 0x0000, 0x0000, 0x0000, },
    {0x0000, 0x0000, 0x0000, 0x0000, 0x0000, 0xedcd, 0xedcd, 0xffbd, 0xfaaa, 0xfaaa, 0xffbd, 0xffbd, 0xedcd, 0x0000, 0x0000, 0x0000, },
    {0x0000, 0x0000, 0x0000, 0xedcd, 0xedcd, 0xffbd, 0xffbd, 0xfaaa, 0xfaaa, 0xfaaa, 0xffbd, 0xffbd, 0xffbd, 0xedcd, 0x0000, 0x0000, },
    {0x0000, 0x0000, 0xedcd, 0xffbd, 0xffbd, 0xfaaa, 0xfaaa, 0xfaaa, 0xc0a2, 0xffbd, 0xffbd, 0xffbd, 0xffbd, 0xedcd, 0x0000, 0x0000, },
    {0x0000, 0x0000, 0xedcd, 0xffbd, 0xffbd, 0xc0a2, 0xc0a2, 0xc0a2, 0xffbd, 0xffbd, 0xffbd, 0xedcd, 0xedcd, 0xedcd, 0x0000, 0x0000, },
    {0x0000, 0x0000, 0xedcd, 0xedcd, 0xffbd, 0xffbd, 0xffbd, 0xffbd, 0xffbd, 0xedcd, 0xedcd, 0xedcd, 0xedcd, 0x0000, 0x0000, 0x0000, },
    {0x0000, 0x0000, 0x0000, 0xedcd, 0xedcd, 0xffbd, 0xffbd, 0xedcd, 0xedcd, 0xedcd, 0xedcd, 0x0000, 0x0000, 0x0000, 0x0000, 0x0000, },
    {0x0000, 0x0000, 0x0000, 0x0000, 0xedcd, 0xedcd, 0xedcd, 0xedcd, 0xedcd, 0x0000, 0x0000, 0x0000, 0x0000, 0x0000, 0x0000, 0x0000, },
    {0x0000, 0x0000, 0x0000, 0x0000, 0x0000, 0xedcd, 0xedcd, 0x0000, 0x0000, 0x0000, 0x0000, 0x0000, 0x0000, 0x0000, 0x0000, 0x0000, },
    {0x0000, 0x0000, 0x0000, 0x0000, 0x0000, 0x0000, 0x0000, 0x0000, 0x0000, 0x0000, 0x0000, 0x0000, 0x0000, 0x0000, 0x0000, 0x0000, },
    {0x0000, 0x0000, 0x0000, 0x0000, 0x0000, 0x0000, 0x0000, 0x0000, 0x0000, 0x0000, 0x0000, 0x0000, 0x0000, 0x0000, 0x0000, 0x0000, },
},
{
    {0x0000, 0x0000, 0x0000, 0x0000, 0x0000, 0x0000, 0x0000, 0x0000, 0x0000, 0x0000, 0x0000, 0x0000, 0x0000, 0x0000, 0x0000, 0x0000, },
    {0x0000, 0x0000, 0x0000, 0x0000, 0x0000, 0x0000, 0x0000, 0x0000, 0x0000, 0x0000, 0x0000, 0x0000, 0x0000, 0x0000, 0x0000, 0x0000, },
    {0x0000, 0x0000, 0x0000, 0x0000, 0x0000, 0x0000, 0x0000, 0x0000, 0x0000, 0xf800, 0x0000, 0x0000, 0x0000, 0x0000, 0x0000, 0x0000, },
    {0x0000, 0x0000, 0x0000, 0x0000, 0x0000, 0x0000, 0x0000, 0x0000, 0xf800, 0xf800, 0xf800, 0x0000, 0x0000, 0x0000, 0x0000, 0x0000, },
    {0x0000, 0x0000, 0x0000, 0x0000, 0x0000, 0x0000, 0x0000, 0x0000, 0xf800, 0xf800, 0xf800, 0xffff, 0x0000, 0x0000, 0x0000, 0x0000, },
    {0x0000, 0x0000, 0x0000, 0x0000, 0x0000, 0x0000, 0x0000, 0xf800, 0xf800, 0xf800, 0xf800, 0xf800, 0xffff, 0x0000, 0x0000, 0x0000, },
    {0x0000, 0x0000, 0x0000, 0x0000, 0x0000, 0x0000, 0xffff, 0xf800, 0xf800, 0xf800, 0xf800, 0xf800, 0xffff, 0xffff, 0x0000, 0x0000, },
    {0x0000, 0x0000, 0x0000, 0x0000, 0xffff, 0xffff, 0xffff, 0xffff, 0xf800, 0xf800, 0xf800, 0xffff, 0xffff, 0xffff, 0x0000, 0x0000, },
    {0x0000, 0x0000, 0xffb9, 0xffb9, 0xffb9, 0xffb9, 0xffb9, 0xffb9, 0xffb9, 0xffb9, 0xffb9, 0xffb9, 0xffb9, 0xffb9, 0x0000, 0x0000, },
    {0x0000, 0x0000, 0xffb9, 0xffb9, 0xffb9, 0xffb9, 0xffb9, 0xffb9, 0xffb9, 0xffb9, 0xffb9, 0xffb9, 0xffb9, 0xffb9, 0x0000, 0x0000, },
    {0x0000, 0x0000, 0xffff, 0xffff, 0xf800, 0xffff, 0xf800, 0xffff, 0xffff, 0xffff, 0xf800, 0xffff, 0xf800, 0xffff, 0x0000, 0x0000, },
    {0x0000, 0x0000, 0xffff, 0xf800, 0xff5d, 0xffff, 0xff5d, 0xf800, 0xffff, 0xf800, 0xff5d, 0xffff, 0xff5d, 0xf800, 0x0000, 0x0000, },
    {0x0000, 0x0000, 0xffb9, 0xffb9, 0xffb9, 0xffb9, 0xffb9, 0xffb9, 0xffb9, 0xffb9, 0xffb9, 0xffb9, 0xffb9, 0xffb9, 0x0000, 0x0000, },
    {0x0000, 0x0000, 0xffb9, 0xffb9, 0xffb9, 0xffb9, 0xffb9, 0xffb9, 0xffb9, 0xffb9, 0xffb9, 0xffb9, 0xffb9, 0xffb9, 0x0000, 0x0000, },
    {0x0000, 0x0000, 0x0000, 0x0000, 0x0000, 0x0000, 0x0000, 0x0000, 0x0000, 0x0000, 0x0000, 0x0000, 0x0000, 0x0000, 0x0000, 0x0000, },
    {0x0000, 0x0000, 0x0000, 0x0000, 0x0000, 0x0000, 0x0000, 0x0000, 0x0000, 0x0000, 0x0000, 0x0000, 0x0000, 0x0000, 0x0000, 0x0000, },
},
{
    {0x0000, 0x0000, 0x0000, 0x0000, 0x0000, 0x0000, 0x0000, 0x0000, 0x0000, 0x0000, 0x0000, 0x0000, 0x0000, 0x0000, 0x0000, 0x0000, },
    {0x0000, 0x0000, 0x0000, 0x0000, 0x0000, 0x0000, 0x0000, 0x0000, 0x0000, 0x0000, 0x0000, 0x0000, 0x0000, 0x0000, 0x0000, 0x0000, },
    {0x0000, 0x0000, 0x0000, 0x0000, 0x0000, 0x0000, 0x0000, 0x0000, 0x0000, 0x0000, 0x0000, 0x0000, 0x0000, 0x0000, 0x0000, 0x0000, },
    {0x0000, 0x0000, 0x0000, 0x0000, 0x0000, 0x0000, 0x0000, 0x0000, 0x0000, 0x0000, 0xff99, 0xff99, 0xff99, 0x0000, 0x0000, 0x0000, },
    {0x0000, 0x0000, 0x0000, 0x0000, 0x0000, 0x0000, 0x0000, 0x0000, 0x0000, 0xc4d0, 0xf6d1, 0xff99, 0xff99, 0x0000, 0x0000, 0x0000, },
    {0x0000, 0x0000, 0x0000, 0x0000, 0x0000, 0x0000, 0x0000, 0x0000, 0xc4d0, 0xc4d0, 0xc4d0, 0xf6d1, 0xff99, 0xff99, 0x0000, 0x0000, },
    {0x0000, 0x0000, 0x0000, 0x0000, 0x0000, 0x0000, 0x0000, 0xfe98, 0xf616, 0xff99, 0xff99, 0xf6d1, 0xff99, 0xff99, 0xff99, 0x0000, },
    {0x0000, 0x0000, 0x0000, 0x0000, 0x0000, 0x0000, 0xff99, 0xf616, 0xf616, 0xf616, 0xff99, 0xff99, 0xf6d1, 0xff99, 0xff99, 0x0000, },
    {0x0000, 0x0000, 0x0000, 0x0000, 0x0000, 0xc4d0, 0xff99, 0xc4d0, 0xf616, 0xf616, 0xff99, 0xff99, 0xff99, 0xf6d1, 0xff99, 0x0000, },
    {0x0000, 0x0000, 0x0000, 0x0000, 0xc4d0, 0xf616, 0xff99, 0xff99, 0xf616, 0xff99, 0xc4d0, 0xc4d0, 0xff99, 0xf6d1, 0xff99, 0x0000, },
    {0x0000, 0x0000, 0x0000, 0xff99, 0xff99, 0xff99, 0xff99, 0xff99, 0xff99, 0xff99, 0xc4d0, 0xc4d0, 0xf616, 0xf6d1, 0xff99, 0xff99, },
    {0x0000, 0x0000, 0xc4d0, 0xff99, 0xff99, 0xc4d0, 0xc4d0, 0xc4d0, 0xff99, 0xff99, 0xc4d0, 0xf616, 0xf616, 0xf616, 0xf6d1, 0xff99, },
    {0x0000, 0xc4d0, 0xff99, 0xff99, 0xc4d0, 0xc4d0, 0xab0c, 0xab0c, 0xff99, 0xff99, 0xff99, 0xf616, 0xf616, 0xfe98, 0xf6d1, 0xf6d1, },
    {0x0000, 0xff99, 0xab0c, 0xab0c, 0xab0c, 0xab0c, 0xab0c, 0xab0c, 0xab0c, 0xab0c, 0xab0c, 0xab0c, 0xab0c, 0xab0c, 0xf6d1, 0xf6d1, },
    {0x0000, 0x0000, 0x0000, 0x0000, 0x0000, 0x0000, 0x0000, 0x0000, 0x0000, 0x0000, 0x0000, 0x0000, 0x0000, 0x0000, 0x0000, 0x0000, },
    {0x0000, 0x0000, 0x0000, 0x0000, 0x0000, 0x0000, 0x0000, 0x0000, 0x0000, 0x0000, 0x0000, 0x0000, 0x0000, 0x0000, 0x0000, 0x0000, },
},
};



#endif
